Award ID,Generated Award ID,Auto Status,Confidence,Verified Date,Evidence,Signals,Termination Mod,Termination Date,Latest Mod,Latest Mod Date,Post-Term Obligations,Transaction Count,Disagrees With Human,Last Attempt Date,Last Success Date,Attempt Count,Last Error
80AFRC19F0092,CONT_AWD_80AFRC19F0092_8000_NND15AB03Z_8000,still_terminated,low,2026-07-30,"Terminated for convenience (F P00001 2019-06-12); no rescission, closeout, or new obligations in 0 later transactions.",term=F P00001 2019-06-12;term_mod=P00001;term_date=2019-06-12;post_n=0;post_obl=0.00;post_pos=0;n=2,P00001,2019-06-12,P00001,2019-06-12,0.00,2,,2026-07-30,2026-07-30,0,
80AFRC25FA003,CONT_AWD_80AFRC25FA003_8000_80AFRC25DA001_8000,naturally_expired,low,2026-07-30,No termination action in 2 transactions; period of performance ended 2025-07-31.,term=none;end=2025-07-31;n=2,,,P00001,2025-07-30,,2,,2026-07-30,2026-07-30,0,
80ARC018F0144,CONT_AWD_80ARC018F0144_8000_80ARC018D0019_8000,still_terminated,low,2026-07-30,"Terminated for convenience (F P00003 2020-01-17); no rescission, closeout, or new obligations in 0 later transactions.",term=F P00003 2020-01-17;term_mod=P00003;term_date=2020-01-17;post_n=0;post_obl=0.00;post_pos=0;n=4,P00003,2020-01-17,P00003,2020-01-17,0.00,4,,2026-07-30,2026-07-30,0,
80ARC020C0002,CONT_AWD_80ARC020C0002_8000_-NONE-_-NONE-,naturally_expired,low,2026-07-30,No termination action in 15 transactions; period of performance ended 2025-04-30.,term=none;end=2025-04-30;n=15,,,P00014,2025-04-14,,15,,2026-07-30,2026-07-30,0,
80ARC023CA004,CONT_AWD_80ARC023CA004_8000_-NONE-_-NONE-,still_terminated,low,2026-07-30,"Terminated for convenience (F P00004 2025-03-21); no rescission, closeout, or new obligations in 0 later transactions.",term=F P00004 2025-03-21;term_mod=P00004;term_date=2025-03-21;post_n=0;post_obl=0.00;post_pos=0;n=4,P00004,2025-03-21,P00004,2025-03-21,0.00,4,,2026-07-30,2026-07-30,0,
80ARC026F7015,CONT_AWD_80ARC026F7015_8000_80ARC020D0010_8000,naturally_expired,low,2026-07-30,No termination action in 2 transactions; period of performance ended 2026-05-02.,term=none;end=2026-05-02;n=2,,,P00001,2026-04-28,,2,,2026-07-30,2026-07-30,0,
80GRC019F0195,CONT_AWD_80GRC019F0195_8000_80GSFC19D0011_8000,naturally_expired,low,2026-07-30,No termination action in 30 transactions; period of performance ended 2025-02-28.,term=none;end=2025-02-28;n=30,,,P00029,2025-02-27,,30,,2026-07-30,2026-07-30,0,
80GRC020F0111,CONT_AWD_80GRC020F0111_8000_80GRC020D0003_8000,no_termination_signal,low,2026-07-30,No termination action found in 30 transactions.,term=none;n=30,,,P00029,2026-06-11,,30,,2026-07-30,2026-07-30,0,
80GRC020F0115,CONT_AWD_80GRC020F0115_8000_80GRC020D0003_8000,no_termination_signal,low,2026-07-30,No termination action found in 35 transactions.,term=none;n=35,,,P00034,2026-06-18,,35,,2026-07-30,2026-07-30,0,
80GRC020F0118,CONT_AWD_80GRC020F0118_8000_80GRC020D0003_8000,no_termination_signal,low,2026-07-30,No termination action found in 18 transactions.,term=none;n=18,,,P00017,2025-07-08,,18,,2026-07-30,2026-07-30,0,
80GRC020P0006,CONT_AWD_80GRC020P0006_8000_-NONE-_-NONE-,still_terminated,low,2026-07-30,"Terminated for convenience (F P00003 2020-06-05); no rescission, closeout, or new obligations in 0 later transactions.",term=F P00003 2020-06-05;term_mod=P00003;term_date=2020-06-05;post_n=0;post_obl=0.00;post_pos=0;n=4,P00003,2020-06-05,P00003,2020-06-05,0.00,4,,2026-07-30,2026-07-30,0,
80GRC021F0111,CONT_AWD_80GRC021F0111_8000_80GRC020D0003_8000,no_termination_signal,low,2026-07-30,No termination action found in 9 transactions.,term=none;n=9,,,P00008,2026-07-20,,9,,2026-07-30,2026-07-30,0,
80GRC021F0123,CONT_AWD_80GRC021F0123_8000_NNC17BA05B_8000,still_terminated,low,2026-07-30,"Terminated for convenience (F P00001 2021-09-29); no rescission, closeout, or new obligations in 0 later transactions.",term=F P00001 2021-09-29;term_mod=P00001;term_date=2021-09-29;post_n=0;post_obl=0.00;post_pos=0;n=2,P00001,2021-09-29,P00001,2021-09-29,0.00,2,,2026-07-30,2026-07-30,0,
80GRC022AA005,CONT_IDV_80GRC022AA005_8000,still_terminated,low,2026-07-30,"Terminated for convenience (F P00002 2025-04-15); no rescission, closeout, or new obligations in 0 later transactions.",term=F P00002 2025-04-15;term_mod=P00002;term_date=2025-04-15;post_n=0;post_obl=0.00;post_pos=0;n=3,P00002,2025-04-15,P00002,2025-04-15,0.00,3,,2026-07-30,2026-07-30,0,
80GRC022AA006,CONT_IDV_80GRC022AA006_8000,still_terminated,low,2026-07-30,"Terminated for convenience (F P00002 2025-04-15); no rescission, closeout, or new obligations in 0 later transactions.",term=F P00002 2025-04-15;term_mod=P00002;term_date=2025-04-15;post_n=0;post_obl=0.00;post_pos=0;n=3,P00002,2025-04-15,P00002,2025-04-15,0.00,3,,2026-07-30,2026-07-30,0,
80GRC022AA014,CONT_IDV_80GRC022AA014_8000,still_terminated,low,2026-07-30,"Terminated for convenience (F P00003 2025-04-15); no rescission, closeout, or new obligations in 0 later transactions.",term=F P00003 2025-04-15;term_mod=P00003;term_date=2025-04-15;post_n=0;post_obl=0.00;post_pos=0;n=4,P00003,2025-04-15,P00003,2025-04-15,0.00,4,,2026-07-30,2026-07-30,0,
80GRC022AA017,CONT_IDV_80GRC022AA017_8000,still_terminated,low,2026-07-30,"Terminated for convenience (F P00003 2025-04-15); no rescission, closeout, or new obligations in 0 later transactions.",term=F P00003 2025-04-15;term_mod=P00003;term_date=2025-04-15;post_n=0;post_obl=0.00;post_pos=0;n=4,P00003,2025-04-15,P00003,2025-04-15,0.00,4,,2026-07-30,2026-07-30,0,
80GRC022AA018,CONT_IDV_80GRC022AA018_8000,still_terminated,low,2026-07-30,"Terminated for convenience (F P00003 2025-04-15); no rescission, closeout, or new obligations in 0 later transactions.",term=F P00003 2025-04-15;term_mod=P00003;term_date=2025-04-15;post_n=0;post_obl=0.00;post_pos=0;n=4,P00003,2025-04-15,P00003,2025-04-15,0.00,4,,2026-07-30,2026-07-30,0,
80GRC022AA021,CONT_IDV_80GRC022AA021_8000,still_terminated,low,2026-07-30,"Terminated for convenience (F P00003 2025-04-15); no rescission, closeout, or new obligations in 0 later transactions.",term=F P00003 2025-04-15;term_mod=P00003;term_date=2025-04-15;post_n=0;post_obl=0.00;post_pos=0;n=4,P00003,2025-04-15,P00003,2025-04-15,0.00,4,,2026-07-30,2026-07-30,0,
80GRC022AA023,CONT_IDV_80GRC022AA023_8000,still_terminated,low,2026-07-30,"Terminated for convenience (F P00002 2025-04-15); no rescission, closeout, or new obligations in 0 later transactions.",term=F P00002 2025-04-15;term_mod=P00002;term_date=2025-04-15;post_n=0;post_obl=0.00;post_pos=0;n=3,P00002,2025-04-15,P00002,2025-04-15,0.00,3,,2026-07-30,2026-07-30,0,
80GRC022AA024,CONT_IDV_80GRC022AA024_8000,still_terminated,low,2026-07-30,"Terminated for convenience (F P00002 2025-04-15); no rescission, closeout, or new obligations in 0 later transactions.",term=F P00002 2025-04-15;term_mod=P00002;term_date=2025-04-15;post_n=0;post_obl=0.00;post_pos=0;n=3,P00002,2025-04-15,P00002,2025-04-15,0.00,3,,2026-07-30,2026-07-30,0,
80GRC022F0189,CONT_AWD_80GRC022F0189_8000_80GRC020D0003_8000,no_termination_signal,low,2026-07-30,No termination action found in 22 transactions.,term=none;n=22,,,P00021,2026-05-21,,22,,2026-07-30,2026-07-30,0,
80GRC024CA008,CONT_AWD_80GRC024CA008_8000_-NONE-_-NONE-,descoped,high,2026-07-30,Partial de-scope rather than full termination (M P00002 2025-04-08) per USAspending transactions.,term=M P00002 2025-04-08;term_mod=P00002;term_date=2025-04-08;post_n=1;post_obl=0.00;post_pos=0;n=4;descope=1,P00002,2025-04-08,P00003,2025-04-11,0.00,4,,2026-07-30,2026-07-30,0,
80GSFC21C0019,CONT_AWD_80GSFC21C0019_8000_-NONE-_-NONE-,still_terminated,low,2026-07-30,"Terminated for convenience (F P00005 2024-01-22); no rescission, closeout, or new obligations in 0 later transactions.",term=F P00005 2024-01-22;term_mod=P00005;term_date=2024-01-22;post_n=0;post_obl=0.00;post_pos=0;n=6,P00005,2024-01-22,P00005,2024-01-22,0.00,6,,2026-07-30,2026-07-30,0,
80GSFC21C0057,CONT_AWD_80GSFC21C0057_8000_-NONE-_-NONE-,still_terminated,low,2026-07-30,"Terminated for convenience (F P00013 2025-08-18); no rescission, closeout, or new obligations in 1 later transactions.",term=F P00013 2025-08-18;term_mod=P00013;term_date=2025-08-18;post_n=1;post_obl=0.00;post_pos=0;n=14,P00013,2025-08-18,P00014,2025-09-04,0.00,14,,2026-07-30,2026-07-30,0,
80GSFC21M0002,ASST_NON_80GSFC21M0002_080,naturally_expired,low,2026-07-30,No termination action in 35 transactions; period of performance ended 2024-09-30.,term=none;end=2024-09-30;n=35,,,P00035,2025-03-03,,35,,2026-07-30,2026-07-30,0,
80GSFC22CA011,CONT_AWD_80GSFC22CA011_8000_-NONE-_-NONE-,still_terminated,low,2026-07-30,"Terminated for convenience (F P00009 2026-01-30); no rescission, closeout, or new obligations in 0 later transactions.",term=F P00009 2026-01-30;term_mod=P00009;term_date=2026-01-30;post_n=0;post_obl=0.00;post_pos=0;n=10,P00009,2026-01-30,P00009,2026-01-30,0.00,10,,2026-07-30,2026-07-30,0,
80GSFC22CA012,CONT_AWD_80GSFC22CA012_8000_-NONE-_-NONE-,still_terminated,low,2026-07-30,"Terminated for convenience (F P00009 2026-02-12); no rescission, closeout, or new obligations in 0 later transactions.",term=F P00009 2026-02-12;term_mod=P00009;term_date=2026-02-12;post_n=0;post_obl=0.00;post_pos=0;n=10,P00009,2026-02-12,P00009,2026-02-12,0.00,10,,2026-07-30,2026-07-30,0,
80GSFC22CA013,CONT_AWD_80GSFC22CA013_8000_-NONE-_-NONE-,still_terminated,low,2026-07-30,"Terminated for convenience (F P00006 2026-02-09); no rescission, closeout, or new obligations in 0 later transactions.",term=F P00006 2026-02-09;term_mod=P00006;term_date=2026-02-09;post_n=0;post_obl=0.00;post_pos=0;n=7,P00006,2026-02-09,P00006,2026-02-09,0.00,7,,2026-07-30,2026-07-30,0,
80GSFC22CA021,CONT_AWD_80GSFC22CA021_8000_-NONE-_-NONE-,still_terminated,low,2026-07-30,"Terminated for convenience (F P00015 2025-06-17); no rescission, closeout, or new obligations in 0 later transactions.",term=F P00015 2025-06-17;term_mod=P00015;term_date=2025-06-17;post_n=0;post_obl=0.00;post_pos=0;n=16,P00015,2025-06-17,P00015,2025-06-17,0.00,16,,2026-07-30,2026-07-30,0,
80GSFC23CA001,CONT_AWD_80GSFC23CA001_8000_-NONE-_-NONE-,still_terminated,low,2026-07-30,"Terminated for convenience (C P00012 2026-04-15); no rescission, closeout, or new obligations in 0 later transactions.",term=C P00012 2026-04-15;term_mod=P00012;term_date=2026-04-15;post_n=0;post_obl=0.00;post_pos=0;n=13,P00012,2026-04-15,P00012,2026-04-15,0.00,13,,2026-07-30,2026-07-30,0,
80GSFC23CA005,CONT_AWD_80GSFC23CA005_8000_-NONE-_-NONE-,still_terminated,low,2026-07-30,"Terminated for convenience (F P00006 2025-09-11); no rescission, closeout, or new obligations in 0 later transactions.",term=F P00006 2025-09-11;term_mod=P00006;term_date=2025-09-11;post_n=0;post_obl=0.00;post_pos=0;n=7,P00006,2025-09-11,P00006,2025-09-11,0.00,7,,2026-07-30,2026-07-30,0,
80GSFC23CA030,CONT_AWD_80GSFC23CA030_8000_-NONE-_-NONE-,still_terminated,low,2026-07-30,"Terminated for convenience (F P00010 2025-09-29); no rescission, closeout, or new obligations in 0 later transactions.",term=F P00010 2025-09-29;term_mod=P00010;term_date=2025-09-29;post_n=0;post_obl=0.00;post_pos=0;n=11,P00010,2025-09-29,P00010,2025-09-29,0.00,11,,2026-07-30,2026-07-30,0,
80GSFC23CA041,CONT_AWD_80GSFC23CA041_8000_-NONE-_-NONE-,descoped,high,2026-07-30,Partial de-scope rather than full termination (M P00018 2025-03-21) per USAspending transactions.,term=M P00018 2025-03-21;term_mod=P00018;term_date=2025-03-21;post_n=10;post_obl=5225600.00;post_pos=8;n=29;descope=1,P00018,2025-03-21,P00028,2026-06-12,5225600.00,29,,2026-07-30,2026-07-30,0,
80GSFC23PA006,CONT_AWD_80GSFC23PA006_8000_-NONE-_-NONE-,still_terminated,low,2026-07-30,"Terminated for convenience (F P00003 2025-06-18); no rescission, closeout, or new obligations in 0 later transactions.",term=F P00003 2025-06-18;term_mod=P00003;term_date=2025-06-18;post_n=0;post_obl=0.00;post_pos=0;n=4,P00003,2025-06-18,P00003,2025-06-18,0.00,4,,2026-07-30,2026-07-30,0,
80GSFC24CA024,CONT_AWD_80GSFC24CA024_8000_-NONE-_-NONE-,continued,high,2026-07-30,"Award received new obligations after termination (M P00008 2025-05-28): +$96,435.00 on B P00013 2026-06-18 per USAspending transactions.",term=M P00008 2025-05-28;term_mod=P00008;term_date=2025-05-28;post_n=5;post_obl=452309.00;post_pos=2;n=14;continued=B P00013 2026-06-18,P00008,2025-05-28,P00013,2026-06-18,452309.00,14,,2026-07-30,2026-07-30,0,
80GSFC25P0001,CONT_AWD_80GSFC25P0001_8000_-NONE-_-NONE-,still_terminated,low,2026-07-30,"Terminated for convenience (F P00001 2025-09-24); no rescission, closeout, or new obligations in 0 later transactions.",term=F P00001 2025-09-24;term_mod=P00001;term_date=2025-09-24;post_n=0;post_obl=0.00;post_pos=0;n=2,P00001,2025-09-24,P00001,2025-09-24,0.00,2,,2026-07-30,2026-07-30,0,
80HQTR20D0005,CONT_IDV_80HQTR20D0005_8000,still_terminated,low,2026-07-30,"Terminated for convenience (M P00005 2025-04-08); no rescission, closeout, or new obligations in 0 later transactions.",term=M P00005 2025-04-08;term_mod=P00005;term_date=2025-04-08;post_n=0;post_obl=0.00;post_pos=0;n=6,P00005,2025-04-08,P00005,2025-04-08,0.00,6,,2026-07-30,2026-07-30,0,
80HQTR21AA001,CONT_IDV_80HQTR21AA001_8000,still_terminated,low,2026-07-30,"Terminated for convenience (F P00004 2025-03-11); no rescission, closeout, or new obligations in 0 later transactions.",term=F P00004 2025-03-11;term_mod=P00004;term_date=2025-03-11;post_n=0;post_obl=0.00;post_pos=0;n=5,P00004,2025-03-11,P00004,2025-03-11,0.00,5,,2026-07-30,2026-07-30,0,
80HQTR21AA002,CONT_IDV_80HQTR21AA002_8000,no_termination_signal,low,2026-07-30,No termination action found in 6 transactions.,term=none;n=6,,,P00005,2025-03-11,,6,,2026-07-30,2026-07-30,0,
80HQTR21D0004,CONT_IDV_80HQTR21D0004_8000,still_terminated,low,2026-07-30,"Terminated for convenience (F P00031 2026-03-03); no rescission, closeout, or new obligations in 0 later transactions.",term=F P00031 2026-03-03;term_mod=P00031;term_date=2026-03-03;post_n=0;post_obl=0.00;post_pos=0;n=32,P00031,2026-03-03,P00031,2026-03-03,0.00,32,,2026-07-30,2026-07-30,0,
80HQTR21F0124,CONT_AWD_80HQTR21F0124_8000_GS10F0100T_4730,still_terminated,low,2026-07-30,"Terminated for convenience (M P00022 2025-03-17); no rescission, closeout, or new obligations in 0 later transactions.",term=M P00022 2025-03-17;term_mod=P00022;term_date=2025-03-17;post_n=0;post_obl=0.00;post_pos=0;n=23,P00022,2025-03-17,P00022,2025-03-17,0.00,23,,2026-07-30,2026-07-30,0,
80HQTR22AA003,CONT_IDV_80HQTR22AA003_8000,no_termination_signal,low,2026-07-30,No termination action found in 6 transactions.,term=none;n=6,,,P00005,2025-04-03,,6,,2026-07-30,2026-07-30,0,
80HQTR22AA009,CONT_IDV_80HQTR22AA009_8000,still_terminated,low,2026-07-30,"Terminated for convenience (F P00003 2025-03-11); no rescission, closeout, or new obligations in 0 later transactions.",term=F P00003 2025-03-11;term_mod=P00003;term_date=2025-03-11;post_n=0;post_obl=0.00;post_pos=0;n=4,P00003,2025-03-11,P00003,2025-03-11,0.00,4,,2026-07-30,2026-07-30,0,
80HQTR22F0076,CONT_AWD_80HQTR22F0076_8000_80HQTR21D0004_8000,still_terminated,low,2026-07-30,"Terminated for convenience (F P00010 2026-03-18); no rescission, closeout, or new obligations in 0 later transactions.",term=F P00010 2026-03-18;term_mod=P00010;term_date=2026-03-18;post_n=0;post_obl=0.00;post_pos=0;n=11,P00010,2026-03-18,P00010,2026-03-18,0.00,11,,2026-07-30,2026-07-30,0,
80HQTR22F0109,CONT_AWD_80HQTR22F0109_8000_80HQTR21D0004_8000,still_terminated,low,2026-07-30,"Terminated for convenience (F P00005 2026-03-18); no rescission, closeout, or new obligations in 0 later transactions.",term=F P00005 2026-03-18;term_mod=P00005;term_date=2026-03-18;post_n=0;post_obl=0.00;post_pos=0;n=6,P00005,2026-03-18,P00005,2026-03-18,0.00,6,,2026-07-30,2026-07-30,0,
80HQTR23AA001,CONT_IDV_80HQTR23AA001_8000,no_termination_signal,low,2026-07-30,No termination action found in 7 transactions.,term=none;n=7,,,P00006,2025-03-11,,7,,2026-07-30,2026-07-30,0,
80HQTR23AA002,CONT_IDV_80HQTR23AA002_8000,no_termination_signal,low,2026-07-30,No termination action found in 6 transactions.,term=none;n=6,,,P00005,2025-03-11,,6,,2026-07-30,2026-07-30,0,
80HQTR23AA003,CONT_IDV_80HQTR23AA003_8000,no_termination_signal,low,2026-07-30,No termination action found in 4 transactions.,term=none;n=4,,,P00003,2025-03-11,,4,,2026-07-30,2026-07-30,0,
80HQTR23F0042,CONT_AWD_80HQTR23F0042_8000_80HQTR21D0004_8000,still_terminated,low,2026-07-30,"Terminated for convenience (F P00001 2026-04-14); no rescission, closeout, or new obligations in 0 later transactions.",term=F P00001 2026-04-14;term_mod=P00001;term_date=2026-04-14;post_n=0;post_obl=0.00;post_pos=0;n=2,P00001,2026-04-14,P00001,2026-04-14,0.00,2,,2026-07-30,2026-07-30,0,
80HQTR23FA018,CONT_AWD_80HQTR23FA018_8000_80HQTR22AA005_8000,naturally_expired,low,2026-07-30,No termination action in 3 transactions; period of performance ended 2025-07-31.,term=none;end=2025-07-31;n=3,,,P00002,2025-02-07,,3,,2026-07-30,2026-07-30,0,
80HQTR23FA044,CONT_AWD_80HQTR23FA044_8000_80GSFC23DA004_8000,still_terminated,low,2026-07-30,"Terminated for convenience (F P00005 2025-02-27); no rescission, closeout, or new obligations in 0 later transactions.",term=F P00005 2025-02-27;term_mod=P00005;term_date=2025-02-27;post_n=0;post_obl=0.00;post_pos=0;n=6,P00005,2025-02-27,P00005,2025-02-27,0.00,6,,2026-07-30,2026-07-30,0,
80HQTR24F0012,CONT_AWD_80HQTR24F0012_8000_80HQTR21D0004_8000,still_terminated,low,2026-07-30,"Terminated for convenience (F P00004 2026-04-14); no rescission, closeout, or new obligations in 0 later transactions.",term=F P00004 2026-04-14;term_mod=P00004;term_date=2026-04-14;post_n=0;post_obl=0.00;post_pos=0;n=5,P00004,2026-04-14,P00004,2026-04-14,0.00,5,,2026-07-30,2026-07-30,0,
80HQTR24F0019,CONT_AWD_80HQTR24F0019_8000_80HQTR21D0004_8000,still_terminated,low,2026-07-30,"Terminated for convenience (M P00002 2025-04-08); no rescission, closeout, or new obligations in 1 later transactions.",term=M P00002 2025-04-08;term_mod=P00002;term_date=2025-04-08;post_n=1;post_obl=0.00;post_pos=0;n=4,P00002,2025-04-08,P00003,2026-04-09,0.00,4,,2026-07-30,2026-07-30,0,
80HQTR24F0037,CONT_AWD_80HQTR24F0037_8000_80HQTR21D0004_8000,still_terminated,low,2026-07-30,"Terminated for convenience (F P00003 2026-04-14); no rescission, closeout, or new obligations in 0 later transactions.",term=F P00003 2026-04-14;term_mod=P00003;term_date=2026-04-14;post_n=0;post_obl=0.00;post_pos=0;n=4,P00003,2026-04-14,P00003,2026-04-14,0.00,4,,2026-07-30,2026-07-30,0,
80HQTR24F0046,CONT_AWD_80HQTR24F0046_8000_80MSFC21D0009_8000,still_terminated,low,2026-07-30,"Terminated for convenience (M P00002 2025-03-13); no rescission, closeout, or new obligations in 0 later transactions.",term=M P00002 2025-03-13;term_mod=P00002;term_date=2025-03-13;post_n=0;post_obl=0.00;post_pos=0;n=3,P00002,2025-03-13,P00002,2025-03-13,0.00,3,,2026-07-30,2026-07-30,0,
80HQTR24F0064,CONT_AWD_80HQTR24F0064_8000_80MSFC21D0009_8000,still_terminated,low,2026-07-30,"Terminated for convenience (M P00003 2025-03-21); no rescission, closeout, or new obligations in 0 later transactions.",term=M P00003 2025-03-21;term_mod=P00003;term_date=2025-03-21;post_n=0;post_obl=0.00;post_pos=0;n=4,P00003,2025-03-21,P00003,2025-03-21,0.00,4,,2026-07-30,2026-07-30,0,
80HQTR24F0070,CONT_AWD_80HQTR24F0070_8000_80MSFC21D0009_8000,still_terminated,low,2026-07-30,"Terminated for convenience (M P00001 2025-03-13); no rescission, closeout, or new obligations in 0 later transactions.",term=M P00001 2025-03-13;term_mod=P00001;term_date=2025-03-13;post_n=0;post_obl=0.00;post_pos=0;n=2,P00001,2025-03-13,P00001,2025-03-13,0.00,2,,2026-07-30,2026-07-30,0,
80HQTR24F0071,CONT_AWD_80HQTR24F0071_8000_80MSFC21D0009_8000,still_terminated,low,2026-07-30,"Terminated for convenience (M P00001 2025-03-13); no rescission, closeout, or new obligations in 0 later transactions.",term=M P00001 2025-03-13;term_mod=P00001;term_date=2025-03-13;post_n=0;post_obl=0.00;post_pos=0;n=2,P00001,2025-03-13,P00001,2025-03-13,0.00,2,,2026-07-30,2026-07-30,0,
80HQTR24F0072,CONT_AWD_80HQTR24F0072_8000_80MSFC21D0009_8000,still_terminated,low,2026-07-30,"Terminated for convenience (M P00001 2025-03-13); no rescission, closeout, or new obligations in 1 later transactions.",term=M P00001 2025-03-13;term_mod=P00001;term_date=2025-03-13;post_n=1;post_obl=-13540.36;post_pos=0;n=3,P00001,2025-03-13,P00002,2025-08-20,-13540.36,3,,2026-07-30,2026-07-30,0,
80HQTR24F0073,CONT_AWD_80HQTR24F0073_8000_80MSFC21D0009_8000,still_terminated,low,2026-07-30,"Terminated for convenience (M P00001 2025-03-21); no rescission, closeout, or new obligations in 0 later transactions.",term=M P00001 2025-03-21;term_mod=P00001;term_date=2025-03-21;post_n=0;post_obl=0.00;post_pos=0;n=2,P00001,2025-03-21,P00001,2025-03-21,0.00,2,,2026-07-30,2026-07-30,0,
80HQTR24F0074,CONT_AWD_80HQTR24F0074_8000_80MSFC21D0009_8000,still_terminated,low,2026-07-30,"Terminated for convenience (M P00001 2025-03-13); no rescission, closeout, or new obligations in 0 later transactions.",term=M P00001 2025-03-13;term_mod=P00001;term_date=2025-03-13;post_n=0;post_obl=0.00;post_pos=0;n=2,P00001,2025-03-13,P00001,2025-03-13,0.00,2,,2026-07-30,2026-07-30,0,
80HQTR24F0096,CONT_AWD_80HQTR24F0096_8000_80GSFC19D0011_8000,still_terminated,low,2026-07-30,"Terminated for convenience (M P00002 2025-04-08); no rescission, closeout, or new obligations in 0 later transactions.",term=M P00002 2025-04-08;term_mod=P00002;term_date=2025-04-08;post_n=0;post_obl=0.00;post_pos=0;n=3,P00002,2025-04-08,P00002,2025-04-08,0.00,3,,2026-07-30,2026-07-30,0,
80HQTR24FA019,CONT_AWD_80HQTR24FA019_8000_80HQTR24AA002_8000,naturally_expired,low,2026-07-30,No termination action in 14 transactions; period of performance ended 2025-11-30.,term=none;end=2025-11-30;n=14,,,P00013,2025-08-11,,14,,2026-07-30,2026-07-30,0,
80HQTR24FA038,CONT_AWD_80HQTR24FA038_8000_80HQTR24AA006_8000,still_terminated,low,2026-07-30,"Terminated for convenience (M P00002 2025-03-20); no rescission, closeout, or new obligations in 0 later transactions.",term=M P00002 2025-03-20;term_mod=P00002;term_date=2025-03-20;post_n=0;post_obl=0.00;post_pos=0;n=3,P00002,2025-03-20,P00002,2025-03-20,0.00,3,,2026-07-30,2026-07-30,0,
80HQTR25F7019,CONT_AWD_80HQTR25F7019_8000_80HQTR21D0004_8000,still_terminated,low,2026-07-30,"Terminated for convenience (F P00002 2026-04-14); no rescission, closeout, or new obligations in 0 later transactions.",term=F P00002 2026-04-14;term_mod=P00002;term_date=2026-04-14;post_n=0;post_obl=0.00;post_pos=0;n=3,P00002,2026-04-14,P00002,2026-04-14,0.00,3,,2026-07-30,2026-07-30,0,
80HQTR25F7080,CONT_AWD_80HQTR25F7080_8000_80MSFC21D0009_8000,naturally_expired,low,2026-07-30,No termination action in 2 transactions; period of performance ended 2025-09-05.,term=none;end=2025-09-05;n=2,,,P00001,2025-08-28,,2,,2026-07-30,2026-07-30,0,
80HQTR25F7083,CONT_AWD_80HQTR25F7083_8000_80MSFC21D0009_8000,naturally_expired,low,2026-07-30,No termination action in 2 transactions; period of performance ended 2025-09-05.,term=none;end=2025-09-05;n=2,,,P00001,2025-09-04,,2,,2026-07-30,2026-07-30,0,
80HQTR25FA007,CONT_AWD_80HQTR25FA007_8000_80HQTR24AA005_8000,still_terminated,low,2026-07-30,"Terminated for convenience (M P00003 2025-03-14); no rescission, closeout, or new obligations in 0 later transactions.",term=M P00003 2025-03-14;term_mod=P00003;term_date=2025-03-14;post_n=0;post_obl=0.00;post_pos=0;n=4,P00003,2025-03-14,P00003,2025-03-14,0.00,4,,2026-07-30,2026-07-30,0,
80HQTR25FA019,CONT_AWD_80HQTR25FA019_8000_80HQTR22AA005_8000,naturally_expired,low,2026-07-30,No termination action in 2 transactions; period of performance ended 2025-08-11.,term=none;end=2025-08-11;n=2,,,P00001,2026-06-25,,2,,2026-07-30,2026-07-30,0,
80HQTR25FA042,CONT_AWD_80HQTR25FA042_8000_80HQTR24DA009_8000,naturally_expired,low,2026-07-30,No termination action in 4 transactions; period of performance ended 2026-01-31.,term=none;end=2026-01-31;n=4,,,P00003,2026-01-14,,4,,2026-07-30,2026-07-30,0,
80JSC022CA012,CONT_AWD_80JSC022CA012_8000_-NONE-_-NONE-,naturally_expired,low,2026-07-30,No termination action in 9 transactions; period of performance ended 2025-11-15.,term=none;end=2025-11-15;n=9,,,P00008,2025-04-08,,9,,2026-07-30,2026-07-30,0,
80JSC024F0025,CONT_AWD_80JSC024F0025_8000_80JSC018A0012_8000,still_terminated,low,2026-07-30,"Terminated for convenience (M P00007 2025-02-20); no rescission, closeout, or new obligations in 2 later transactions.",term=M P00007 2025-02-20;term_mod=P00007;term_date=2025-02-20;post_n=2;post_obl=-97260.38;post_pos=0;n=10,P00007,2025-02-20,P00009,2025-05-21,-97260.38,10,,2026-07-30,2026-07-30,0,
80JSC024F0086,CONT_AWD_80JSC024F0086_8000_80JSC020D0040_8000,naturally_expired,low,2026-07-30,No termination action in 2 transactions; period of performance ended 2025-04-21.,term=none;end=2025-04-21;n=2,,,P00001,2025-05-12,,2,,2026-07-30,2026-07-30,0,
80JSC024FA083,CONT_AWD_80JSC024FA083_8000_80JSC023AA001_8000,still_terminated,low,2026-07-30,"Terminated for convenience (F P00002 2025-01-24); no rescission, closeout, or new obligations in 0 later transactions.",term=F P00002 2025-01-24;term_mod=P00002;term_date=2025-01-24;post_n=0;post_obl=0.00;post_pos=0;n=3,P00002,2025-01-24,P00002,2025-01-24,0.00,3,,2026-07-30,2026-07-30,0,
80JSC024FA088,CONT_AWD_80JSC024FA088_8000_80JSC023AA001_8000,naturally_expired,low,2026-07-30,No termination action in 1 transactions; period of performance ended 2025-03-13.,term=none;end=2025-03-13;n=1,,,0,2024-03-13,,1,,2026-07-30,2026-07-30,0,
80JSC024FA120,CONT_AWD_80JSC024FA120_8000_80JSC023AA001_8000,naturally_expired,low,2026-07-30,No termination action in 4 transactions; period of performance ended 2025-05-21.,term=none;end=2025-05-21;n=4,,,P00003,2025-02-25,,4,,2026-07-30,2026-07-30,0,
80JSC024FA135,CONT_AWD_80JSC024FA135_8000_80JSC023AA001_8000,still_terminated,low,2026-07-30,"Terminated for convenience (F P00002 2025-01-27); no rescission, closeout, or new obligations in 0 later transactions.",term=F P00002 2025-01-27;term_mod=P00002;term_date=2025-01-27;post_n=0;post_obl=0.00;post_pos=0;n=3,P00002,2025-01-27,P00002,2025-01-27,0.00,3,,2026-07-30,2026-07-30,0,
80JSC024FA190,CONT_AWD_80JSC024FA190_8000_80JSC023DA011_8000,naturally_expired,low,2026-07-30,No termination action in 5 transactions; period of performance ended 2025-06-30.,term=none;end=2025-06-30;n=5,,,P00004,2025-06-25,,5,,2026-07-30,2026-07-30,0,
80JSC025FA015,CONT_AWD_80JSC025FA015_8000_80JSC023AA001_8000,no_termination_signal,low,2026-07-30,No termination action found in 4 transactions.,term=none;n=4,,,P00003,2026-03-19,,4,,2026-07-30,2026-07-30,0,
80JSC025FA076,CONT_AWD_80JSC025FA076_8000_80JSC024AA029_8000,continued,high,2026-07-30,"Award received new obligations after termination (M P00004 2025-02-24): +$141,233.34 on G P00017 2026-07-15 per USAspending transactions.",term=M P00004 2025-02-24;term_mod=P00004;term_date=2025-02-24;post_n=13;post_obl=1095843.46;post_pos=12;n=18;continued=G P00017 2026-07-15,P00004,2025-02-24,P00017,2026-07-15,1095843.46,18,,2026-07-30,2026-07-30,0,
80JSC025FA077,CONT_AWD_80JSC025FA077_8000_80JSC024AA029_8000,continued,high,2026-07-30,"Award received new obligations after termination (M P00003 2025-02-18): +$9,485.75 on B POOO23 2026-04-01 per USAspending transactions.",term=M P00003 2025-02-18;term_mod=P00003;term_date=2025-02-18;post_n=24;post_obl=577147.75;post_pos=11;n=27;continued=B POOO23 2026-04-01,P00003,2025-02-18,P00026,2026-07-15,577147.75,27,,2026-07-30,2026-07-30,0,
80KSC019C0013,CONT_AWD_80KSC019C0013_8000_-NONE-_-NONE-,still_terminated,low,2026-07-30,"Terminated for convenience (F P00180 2026-05-06); no rescission, closeout, or new obligations in 0 later transactions.",term=F P00180 2026-05-06;term_mod=P00180;term_date=2026-05-06;post_n=0;post_obl=0.00;post_pos=0;n=181,P00180,2026-05-06,P00180,2026-05-06,0.00,181,,2026-07-30,2026-07-30,0,
80KSC019F0128,CONT_AWD_80KSC019F0128_8000_80KSC019D0012_8000,naturally_expired,low,2026-07-30,No termination action in 11 transactions; period of performance ended 2025-03-18.,term=none;end=2025-03-18;n=11,,,P00010,2025-04-17,,11,,2026-07-30,2026-07-30,0,
80KSC020C0012,CONT_AWD_80KSC020C0012_8000_-NONE-_-NONE-,no_termination_signal,low,2026-07-30,No termination action found in 33 transactions.,term=none;n=33,,,P00032,2026-06-15,,33,still_terminated,2026-07-30,2026-07-30,0,
80KSC020D0016,CONT_IDV_80KSC020D0016_8000,still_terminated,low,2026-07-30,"Terminated for convenience (F P00007 2025-04-08); no rescission, closeout, or new obligations in 0 later transactions.",term=F P00007 2025-04-08;term_mod=P00007;term_date=2025-04-08;post_n=0;post_obl=0.00;post_pos=0;n=8,P00007,2025-04-08,P00007,2025-04-08,0.00,8,,2026-07-30,2026-07-30,0,
80KSC020D0018,CONT_IDV_80KSC020D0018_8000,still_terminated,low,2026-07-30,"Terminated for convenience (F P00009 2025-04-08); no rescission, closeout, or new obligations in 0 later transactions.",term=F P00009 2025-04-08;term_mod=P00009;term_date=2025-04-08;post_n=0;post_obl=0.00;post_pos=0;n=10,P00009,2025-04-08,P00009,2025-04-08,0.00,10,,2026-07-30,2026-07-30,0,
80KSC020F0042,CONT_AWD_80KSC020F0042_8000_80KSC019D0011_8000,naturally_expired,low,2026-07-30,No termination action in 11 transactions; period of performance ended 2026-06-30.,term=none;end=2026-06-30;n=11,,,P00010,2026-05-19,,11,,2026-07-30,2026-07-30,0,
80KSC020F0077,CONT_AWD_80KSC020F0077_8000_GS00F373GA_4732,naturally_expired,low,2026-07-30,No termination action in 9 transactions; period of performance ended 2025-07-31.,term=none;end=2025-07-31;n=9,,,P00008,2025-04-22,,9,,2026-07-30,2026-07-30,0,
80KSC020F0179,CONT_AWD_80KSC020F0179_8000_GS00P15BSD1124_4740,naturally_expired,low,2026-07-30,No termination action in 47 transactions; period of performance ended 2025-03-31.,term=none;end=2025-03-31;n=47,,,P00046,2025-09-05,,47,,2026-07-30,2026-07-30,0,
80KSC021A0007,CONT_IDV_80KSC021A0007_8000,still_terminated,low,2026-07-30,"Terminated for convenience (F P00006 2025-03-21); no rescission, closeout, or new obligations in 0 later transactions.",term=F P00006 2025-03-21;term_mod=P00006;term_date=2025-03-21;post_n=0;post_obl=0.00;post_pos=0;n=7,P00006,2025-03-21,P00006,2025-03-21,0.00,7,,2026-07-30,2026-07-30,0,
80KSC024F0043,CONT_AWD_80KSC024F0043_8000_80KSC021A0007_8000,still_terminated,low,2026-07-30,"Terminated for convenience (M P00003 2025-03-21); no rescission, closeout, or new obligations in 1 later transactions.",term=M P00003 2025-03-21;term_mod=P00003;term_date=2025-03-21;post_n=1;post_obl=-82326.00;post_pos=0;n=5,P00003,2025-03-21,P00004,2025-04-10,-82326.00,5,,2026-07-30,2026-07-30,0,
80KSC024F0044,CONT_AWD_80KSC024F0044_8000_80KSC021A0007_8000,still_terminated,low,2026-07-30,"Terminated for convenience (M P00001 2025-03-21); no rescission, closeout, or new obligations in 1 later transactions.",term=M P00001 2025-03-21;term_mod=P00001;term_date=2025-03-21;post_n=1;post_obl=-46330.90;post_pos=0;n=3,P00001,2025-03-21,P00002,2025-04-10,-46330.90,3,,2026-07-30,2026-07-30,0,
80KSC024F0045,CONT_AWD_80KSC024F0045_8000_80KSC021A0007_8000,still_terminated,low,2026-07-30,"Terminated for convenience (M P00001 2025-03-21); no rescission, closeout, or new obligations in 1 later transactions.",term=M P00001 2025-03-21;term_mod=P00001;term_date=2025-03-21;post_n=1;post_obl=-23121.00;post_pos=0;n=3,P00001,2025-03-21,P00002,2025-04-22,-23121.00,3,,2026-07-30,2026-07-30,0,
80KSC025FA049,CONT_AWD_80KSC025FA049_8000_80KSC022DA114_8000,naturally_expired,low,2026-07-30,No termination action in 3 transactions; period of performance ended 2026-07-10.,term=none;end=2026-07-10;n=3,,,P00002,2026-07-06,,3,,2026-07-30,2026-07-30,0,
80LARC17C0001,CONT_AWD_80LARC17C0001_8000_-NONE-_-NONE-,naturally_expired,low,2026-07-30,No termination action in 33 transactions; period of performance ended 2024-09-30.,term=none;end=2024-09-30;n=33,,,P00032,2025-09-02,,33,,2026-07-30,2026-07-30,0,
80LARC19F0127,CONT_AWD_80LARC19F0127_8000_80LARC18C0003_8000,still_terminated,low,2026-07-30,"Terminated for convenience (F P00003 2023-11-29); no rescission, closeout, or new obligations in 0 later transactions.",term=F P00003 2023-11-29;term_mod=P00003;term_date=2023-11-29;post_n=0;post_obl=0.00;post_pos=0;n=4,P00003,2023-11-29,P00003,2023-11-29,0.00,4,,2026-07-30,2026-07-30,0,
80LARC21F0083,CONT_AWD_80LARC21F0083_8000_80LARC20D0007_8000,still_terminated,low,2026-07-30,"Terminated for convenience (M P00006 2025-04-08); no rescission, closeout, or new obligations in 1 later transactions.",term=M P00006 2025-04-08;term_mod=P00006;term_date=2025-04-08;post_n=1;post_obl=0.00;post_pos=0;n=8,P00006,2025-04-08,P00007,2025-08-04,0.00,8,,2026-07-30,2026-07-30,0,
80LARC21F0153,CONT_AWD_80LARC21F0153_8000_80LARC20D0007_8000,still_terminated,low,2026-07-30,"Terminated for convenience (M P00006 2025-04-08); no rescission, closeout, or new obligations in 1 later transactions.",term=M P00006 2025-04-08;term_mod=P00006;term_date=2025-04-08;post_n=1;post_obl=-18620.00;post_pos=0;n=8,P00006,2025-04-08,P00007,2025-09-22,-18620.00,8,,2026-07-30,2026-07-30,0,
80LARC22FA010,CONT_AWD_80LARC22FA010_8000_80LARC21AA012_8000,still_terminated,low,2026-07-30,"Terminated for convenience (F P00001 2022-05-24); no rescission, closeout, or new obligations in 1 later transactions.",term=F P00001 2022-05-24;term_mod=P00001;term_date=2022-05-24;post_n=1;post_obl=0.00;post_pos=0;n=3,P00001,2022-05-24,P00002,2022-05-27,0.00,3,,2026-07-30,2026-07-30,0,
80LARC24F0039,CONT_AWD_80LARC24F0039_8000_80GSFC19D0011_8000,still_terminated,low,2026-07-30,"Terminated for convenience (M P00002 2026-03-17); no rescission, closeout, or new obligations in 0 later transactions.",term=M P00002 2026-03-17;term_mod=P00002;term_date=2026-03-17;post_n=0;post_obl=0.00;post_pos=0;n=3,P00002,2026-03-17,P00002,2026-03-17,0.00,3,,2026-07-30,2026-07-30,0,
80LARC25C0002,CONT_AWD_80LARC25C0002_8000_-NONE-_-NONE-,naturally_expired,low,2026-07-30,No termination action in 5 transactions; period of performance ended 2025-09-30.,term=none;end=2025-09-30;n=5,,,P00004,2026-05-01,,5,,2026-07-30,2026-07-30,0,
80LARC25F7003,CONT_AWD_80LARC25F7003_8000_80GSFC19D0011_8000,still_terminated,low,2026-07-30,"Terminated for convenience (M P00002 2026-03-17); no rescission, closeout, or new obligations in 0 later transactions.",term=M P00002 2026-03-17;term_mod=P00002;term_date=2026-03-17;post_n=0;post_obl=0.00;post_pos=0;n=3,P00002,2026-03-17,P00002,2026-03-17,0.00,3,,2026-07-30,2026-07-30,0,
80LARC25F7010,CONT_AWD_80LARC25F7010_8000_80LARC18C0001_8000,naturally_expired,low,2026-07-30,No termination action in 6 transactions; period of performance ended 2026-03-31.,term=none;end=2026-03-31;n=6,,,P00005,2026-05-21,,6,,2026-07-30,2026-07-30,0,
80LARC25F7011,CONT_AWD_80LARC25F7011_8000_80LARC20D0007_8000,still_terminated,low,2026-07-30,"Terminated for convenience (M P00003 2025-04-08); no rescission, closeout, or new obligations in 0 later transactions.",term=M P00003 2025-04-08;term_mod=P00003;term_date=2025-04-08;post_n=0;post_obl=0.00;post_pos=0;n=4,P00003,2025-04-08,P00003,2025-04-08,0.00,4,,2026-07-30,2026-07-30,0,
80LARC25P0002,CONT_AWD_80LARC25P0002_8000_-NONE-_-NONE-,naturally_expired,low,2026-07-30,No termination action in 2 transactions; period of performance ended 2025-12-04.,term=none;end=2025-12-04;n=2,,,P00001,2025-12-04,,2,,2026-07-30,2026-07-30,0,
80LARC26F7025,CONT_AWD_80LARC26F7025_8000_80GSFC19D0011_8000,no_termination_signal,low,2026-07-30,No termination action found in 1 transactions.,term=none;n=1,,,0,2026-05-12,,1,,2026-07-30,2026-07-30,0,
80MSFC19C0042,CONT_AWD_80MSFC19C0042_8000_-NONE-_-NONE-,naturally_expired,low,2026-07-30,No termination action in 46 transactions; period of performance ended 2025-09-30.,term=none;end=2025-09-30;n=46,,,P00045,2025-09-26,,46,,2026-07-30,2026-07-30,0,
80MSFC20C0050,CONT_AWD_80MSFC20C0050_8000_-NONE-_-NONE-,descoped,high,2026-07-30,Partial de-scope rather than full termination (M P00011 2025-02-07) per USAspending transactions.,term=M P00011 2025-02-07;term_mod=P00011;term_date=2025-02-07;post_n=1;post_obl=-63547.48;post_pos=0;n=13;descope=1,P00011,2025-02-07,P00012,2025-04-28,-63547.48,13,,2026-07-30,2026-07-30,0,
80MSFC21C0010,CONT_AWD_80MSFC21C0010_8000_-NONE-_-NONE-,still_terminated,low,2026-07-30,"Terminated for convenience (F P00042 2025-09-30); no rescission, closeout, or new obligations in 1 later transactions.",term=F P00042 2025-09-30;term_mod=P00042;term_date=2025-09-30;post_n=1;post_obl=-5500000.00;post_pos=0;n=44,P00042,2025-09-30,P00043,2026-07-14,-5500000.00,44,,2026-07-30,2026-07-30,0,
80MSFC21CA001,CONT_AWD_80MSFC21CA001_8000_-NONE-_-NONE-,still_terminated,low,2026-07-30,"Terminated for convenience (F P00019 2026-04-03); no rescission, closeout, or new obligations in 0 later transactions.",term=F P00019 2026-04-03;term_mod=P00019;term_date=2026-04-03;post_n=0;post_obl=0.00;post_pos=0;n=20,P00019,2026-04-03,P00019,2026-04-03,0.00,20,,2026-07-30,2026-07-30,0,
80MSFC22CA005,CONT_AWD_80MSFC22CA005_8000_-NONE-_-NONE-,still_terminated,low,2026-07-30,"Terminated for convenience (F P00032 2025-09-30); no rescission, closeout, or new obligations in 0 later transactions.",term=F P00032 2025-09-30;term_mod=P00032;term_date=2025-09-30;post_n=0;post_obl=0.00;post_pos=0;n=33,P00032,2025-09-30,P00032,2025-09-30,0.00,33,,2026-07-30,2026-07-30,0,
80MSFC22F0153,CONT_AWD_80MSFC22F0153_8000_80MSFC20D0004_8000,still_terminated,low,2026-07-30,"Terminated for convenience (M P00004 2025-04-08); no rescission, closeout, or new obligations in 1 later transactions.",term=M P00004 2025-04-08;term_mod=P00004;term_date=2025-04-08;post_n=1;post_obl=-24812.00;post_pos=0;n=6,P00004,2025-04-08,P00005,2025-09-25,-24812.00,6,,2026-07-30,2026-07-30,0,
80MSFC24CA008,CONT_AWD_80MSFC24CA008_8000_-NONE-_-NONE-,descoped,high,2026-07-30,Partial de-scope rather than full termination (M P00003 2025-01-23) per USAspending transactions.,term=M P00003 2025-01-23;term_mod=P00003;term_date=2025-01-23;post_n=8;post_obl=14479353.00;post_pos=6;n=12;descope=1,P00003,2025-01-23,P00011,2026-06-25,14479353.00,12,,2026-07-30,2026-07-30,0,
80MSFC24F0067,CONT_AWD_80MSFC24F0067_8000_80MSFC20D0004_8000,still_terminated,low,2026-07-30,"Terminated for convenience (M P00002 2025-01-23); no rescission, closeout, or new obligations in 1 later transactions.",term=M P00002 2025-01-23;term_mod=P00002;term_date=2025-01-23;post_n=1;post_obl=-246619.51;post_pos=0;n=4,P00002,2025-01-23,P00003,2025-04-21,-246619.51,4,,2026-07-30,2026-07-30,0,
80NM0018F0566,CONT_AWD_80NM0018F0566_8000_80NM0018D0004_8000,still_terminated,low,2026-07-30,"Terminated for convenience (M P00029 2026-05-01); no rescission, closeout, or new obligations in 0 later transactions.",term=M P00029 2026-05-01;term_mod=P00029;term_date=2026-05-01;post_n=0;post_obl=0.00;post_pos=0;n=30,P00029,2026-05-01,P00029,2026-05-01,0.00,30,,2026-07-30,2026-07-30,0,
80NM0018F0669,CONT_AWD_80NM0018F0669_8000_80NM0018D0004_8000,still_terminated,low,2026-07-30,"Terminated for convenience (M P00007 2025-04-07); no rescission, closeout, or new obligations in 0 later transactions.",term=M P00007 2025-04-07;term_mod=P00007;term_date=2025-04-07;post_n=0;post_obl=0.00;post_pos=0;n=8,P00007,2025-04-07,P00007,2025-04-07,0.00,8,,2026-07-30,2026-07-30,0,
80NM0019F0075,CONT_AWD_80NM0019F0075_8000_80NM0018D0004_8000,still_terminated,low,2026-07-30,"Terminated for convenience (M P00009 2026-06-17); no rescission, closeout, or new obligations in 0 later transactions.",term=M P00009 2026-06-17;term_mod=P00009;term_date=2026-06-17;post_n=0;post_obl=0.00;post_pos=0;n=10,P00009,2026-06-17,P00009,2026-06-17,0.00,10,,2026-07-30,2026-07-30,0,
80NM0022F0008,CONT_AWD_80NM0022F0008_8000_80NM0018D0004_8000,naturally_expired,low,2026-07-30,No termination action in 14 transactions; period of performance ended 2025-03-31.,term=none;end=2025-03-31;n=14,,,P00013,2025-06-10,,14,,2026-07-30,2026-07-30,0,
80NM0024F0047,CONT_AWD_80NM0024F0047_8000_80NM0018D0004_8000,still_terminated,low,2026-07-30,"Terminated for convenience (M P00004 2026-04-13); no rescission, closeout, or new obligations in 0 later transactions.",term=M P00004 2026-04-13;term_mod=P00004;term_date=2026-04-13;post_n=0;post_obl=0.00;post_pos=0;n=5,P00004,2026-04-13,P00004,2026-04-13,0.00,5,,2026-07-30,2026-07-30,0,
80NSSC19K0326,ASST_NON_80NSSC19K0326_080,vacated,high,2026-07-30,Termination (B P00019 2025-05-12) vacated/set aside per B P00020 2025-09-09 in USAspending transactions.,term=B P00019 2025-05-12;term_mod=P00019;term_date=2025-05-12;post_n=1;post_obl=0.00;post_pos=0;n=21;vacatur=B P00020 2025-09-09,P00019,2025-05-12,P00020,2025-09-09,0.00,21,,2026-07-30,2026-07-30,0,
80NSSC19K0748,ASST_NON_80NSSC19K0748_080,still_terminated,low,2026-07-30,"Terminated for convenience (B P00006 2025-05-14); no rescission, closeout, or new obligations in 0 later transactions.",term=B P00006 2025-05-14;term_mod=P00006;term_date=2025-05-14;post_n=0;post_obl=0.00;post_pos=0;n=7,P00006,2025-05-14,P00006,2025-05-14,0.00,7,,2026-07-30,2026-07-30,0,
80NSSC19K1666,ASST_NON_80NSSC19K1666_080,still_terminated,low,2026-07-30,"Terminated for convenience (D P00003 2025-08-05); no rescission, closeout, or new obligations in 0 later transactions.",term=D P00003 2025-08-05;term_mod=P00003;term_date=2025-08-05;post_n=0;post_obl=0.00;post_pos=0;n=4,P00003,2025-08-05,P00003,2025-08-05,0.00,4,,2026-07-30,2026-07-30,0,
80NSSC20K0737,ASST_NON_80NSSC20K0737_080,naturally_expired,low,2026-07-30,No termination action in 8 transactions; period of performance ended 2024-03-01.,term=none;end=2024-03-01;n=8,,,P00007,2025-01-23,,8,,2026-07-30,2026-07-30,0,
80NSSC20K1485,ASST_NON_80NSSC20K1485_080,naturally_expired,low,2026-07-30,No termination action in 6 transactions; period of performance ended 2025-05-13.,term=none;end=2025-05-13;n=6,,,P00005,2025-05-13,,6,,2026-07-30,2026-07-30,0,
80NSSC20P1795,CONT_AWD_80NSSC20P1795_8000_-NONE-_-NONE-,still_terminated,low,2026-07-30,"Terminated for convenience (F P00008 2025-04-08); no rescission, closeout, or new obligations in 0 later transactions.",term=F P00008 2025-04-08;term_mod=P00008;term_date=2025-04-08;post_n=0;post_obl=0.00;post_pos=0;n=7,P00008,2025-04-08,P00008,2025-04-08,0.00,7,,2026-07-30,2026-07-30,0,
80NSSC21K0418,ASST_NON_80NSSC21K0418_080,naturally_expired,low,2026-07-30,No termination action in 8 transactions; period of performance ended 2024-12-31.,term=none;end=2024-12-31;n=8,,,P00007,2025-12-09,,8,,2026-07-30,2026-07-30,0,
80NSSC21K0446,ASST_NON_80NSSC21K0446_080,naturally_expired,low,2026-07-30,No termination action in 15 transactions; period of performance ended 2026-06-10.,term=none;end=2026-06-10;n=15,,,P00014,2026-06-10,,15,,2026-07-30,2026-07-30,0,
80NSSC21K0620,ASST_NON_80NSSC21K0620_080,naturally_expired,low,2026-07-30,No termination action in 6 transactions; period of performance ended 2025-02-27.,term=none;end=2025-02-27;n=6,,,P00005,2026-02-12,,6,,2026-07-30,2026-07-30,0,
80NSSC21K1069,ASST_NON_80NSSC21K1069_080,still_terminated,low,2026-07-30,"Terminated for convenience (B P00004 2025-06-20); no rescission, closeout, or new obligations in 1 later transactions.",term=B P00004 2025-06-20;term_mod=P00004;term_date=2025-06-20;post_n=1;post_obl=-0.04;post_pos=0;n=6,P00004,2025-06-20,P00005,2026-06-16,-0.04,6,,2026-07-30,2026-07-30,0,
80NSSC21K1112,ASST_NON_80NSSC21K1112_080,naturally_expired,low,2026-07-30,No termination action in 9 transactions; period of performance ended 2025-03-10.,term=none;end=2025-03-10;n=9,,,P00008,2025-04-22,,9,,2026-07-30,2026-07-30,0,
80NSSC21K1248,ASST_NON_80NSSC21K1248_080,naturally_expired,low,2026-07-30,No termination action in 8 transactions; period of performance ended 2024-12-12.,term=none;end=2024-12-12;n=8,,,P00007,2025-12-01,,8,,2026-07-30,2026-07-30,0,
80NSSC21K1255,ASST_NON_80NSSC21K1255_080,naturally_expired,low,2026-07-30,No termination action in 7 transactions; period of performance ended 2024-08-27.,term=none;end=2024-08-27;n=7,,,P00006,2025-07-21,,7,,2026-07-30,2026-07-30,0,
80NSSC21K1267,ASST_NON_80NSSC21K1267_080,naturally_expired,low,2026-07-30,No termination action in 6 transactions; period of performance ended 2024-05-03.,term=none;end=2024-05-03;n=6,,,P00005,2025-04-01,,6,,2026-07-30,2026-07-30,0,
80NSSC21K1274,ASST_NON_80NSSC21K1274_080,naturally_expired,low,2026-07-30,No termination action in 6 transactions; period of performance ended 2024-05-07.,term=none;end=2024-05-07;n=6,,,P00005,2025-05-01,,6,,2026-07-30,2026-07-30,0,
80NSSC21K1278,ASST_NON_80NSSC21K1278_080,naturally_expired,low,2026-07-30,No termination action in 7 transactions; period of performance ended 2025-02-26.,term=none;end=2025-02-26;n=7,,,P00006,2026-02-12,,7,,2026-07-30,2026-07-30,0,
80NSSC21K1280,ASST_NON_80NSSC21K1280_080,naturally_expired,low,2026-07-30,No termination action in 7 transactions; period of performance ended 2024-08-30.,term=none;end=2024-08-30;n=7,,,P00006,2025-07-08,,7,,2026-07-30,2026-07-30,0,
80NSSC21K1281,ASST_NON_80NSSC21K1281_080,naturally_expired,low,2026-07-30,No termination action in 6 transactions; period of performance ended 2025-02-26.,term=none;end=2025-02-26;n=6,,,P00005,2026-02-12,,6,,2026-07-30,2026-07-30,0,
80NSSC21K1284,ASST_NON_80NSSC21K1284_080,naturally_expired,low,2026-07-30,No termination action in 6 transactions; period of performance ended 2024-04-28.,term=none;end=2024-04-28;n=6,,,P00005,2025-04-28,,6,,2026-07-30,2026-07-30,0,
80NSSC21K1288,ASST_NON_80NSSC21K1288_080,naturally_expired,low,2026-07-30,No termination action in 7 transactions; period of performance ended 2025-06-30.,term=none;end=2025-06-30;n=7,,,P00006,2025-08-12,,7,,2026-07-30,2026-07-30,0,
80NSSC21K1301,ASST_NON_80NSSC21K1301_080,naturally_expired,low,2026-07-30,No termination action in 8 transactions; period of performance ended 2024-09-30.,term=none;end=2024-09-30;n=8,,,P00007,2025-09-26,,8,,2026-07-30,2026-07-30,0,
80NSSC21K1443,ASST_NON_80NSSC21K1443_080,vacated,high,2026-07-30,Termination (B P00004 2025-05-12) vacated/set aside per B P00005 2026-02-05 in USAspending transactions.,term=B P00004 2025-05-12;term_mod=P00004;term_date=2025-05-12;post_n=2;post_obl=-15436.35;post_pos=0;n=7;vacatur=B P00005 2026-02-05,P00004,2025-05-12,P00006,2026-07-06,-15436.35,7,,2026-07-30,2026-07-30,0,
80NSSC21K1488,ASST_NON_80NSSC21K1488_080,naturally_expired,low,2026-07-30,No termination action in 6 transactions; period of performance ended 2025-06-17.,term=none;end=2025-06-17;n=6,,,P00005,2025-06-17,,6,,2026-07-30,2026-07-30,0,
80NSSC21K1667,ASST_NON_80NSSC21K1667_080,naturally_expired,low,2026-07-30,No termination action in 10 transactions; period of performance ended 2025-01-20.,term=none;end=2025-01-20;n=10,,,P00009,2025-12-19,,10,,2026-07-30,2026-07-30,0,
80NSSC21K1957,ASST_NON_80NSSC21K1957_080,reinstated,high,2026-07-30,Termination (B P00003 2025-04-04) rescinded per B P00004 2025-12-10 in USAspending transactions; award active again.,term=B P00003 2025-04-04;term_mod=P00003;term_date=2025-04-04;post_n=3;post_obl=0.00;post_pos=0;n=7;reversal=B P00004 2025-12-10,P00003,2025-04-04,P00006,2026-06-09,0.00,7,,2026-07-30,2026-07-30,0,
80NSSC21M0002,ASST_NON_80NSSC21M0002_080,vacated,high,2026-07-30,Termination (B P00010 2025-05-12) vacated/set aside per B P00011 2025-09-09 in USAspending transactions.,term=B P00010 2025-05-12;term_mod=P00010;term_date=2025-05-12;post_n=3;post_obl=230000.00;post_pos=1;n=14;vacatur=B P00011 2025-09-09,P00010,2025-05-12,P00013,2026-06-24,230000.00,14,,2026-07-30,2026-07-30,0,
80NSSC21M0003,ASST_NON_80NSSC21M0003_080,still_terminated,low,2026-07-30,"Terminated for convenience (D P00011 2025-08-27); no rescission, closeout, or new obligations in 0 later transactions.",term=D P00011 2025-08-27;term_mod=P00011;term_date=2025-08-27;post_n=0;post_obl=0.00;post_pos=0;n=12,P00011,2025-08-27,P00011,2025-08-27,0.00,12,,2026-07-30,2026-07-30,0,
80NSSC21M0005,ASST_NON_80NSSC21M0005_080,still_terminated,low,2026-07-30,"Terminated for convenience (D P00008 2025-07-22); no rescission, closeout, or new obligations in 0 later transactions.",term=D P00008 2025-07-22;term_mod=P00008;term_date=2025-07-22;post_n=0;post_obl=0.00;post_pos=0;n=9,P00008,2025-07-22,P00008,2025-07-22,0.00,9,,2026-07-30,2026-07-30,0,
80NSSC21P1879,CONT_AWD_80NSSC21P1879_8000_-NONE-_-NONE-,naturally_expired,low,2026-07-30,No termination action in 11 transactions; period of performance ended 2024-11-30.,term=none;end=2024-11-30;n=11,,,P00010,2025-07-18,,11,,2026-07-30,2026-07-30,0,
80NSSC22K0223,ASST_NON_80NSSC22K0223_080,still_terminated,low,2026-07-30,"Terminated for convenience (D P00006 2025-08-27); no rescission, closeout, or new obligations in 0 later transactions.",term=D P00006 2025-08-27;term_mod=P00006;term_date=2025-08-27;post_n=0;post_obl=0.00;post_pos=0;n=7,P00006,2025-08-27,P00006,2025-08-27,0.00,7,,2026-07-30,2026-07-30,0,
80NSSC22K0532,ASST_NON_80NSSC22K0532_080,naturally_expired,low,2026-07-30,No termination action in 5 transactions; period of performance ended 2024-01-25.,term=none;end=2024-01-25;n=5,,,P00004,2025-01-23,,5,,2026-07-30,2026-07-30,0,
80NSSC22K0668,ASST_NON_80NSSC22K0668_080,naturally_expired,low,2026-07-30,No termination action in 6 transactions; period of performance ended 2025-09-09.,term=none;end=2025-09-09;n=6,,,P00005,2025-09-09,,6,,2026-07-30,2026-07-30,0,
80NSSC22K0674,ASST_NON_80NSSC22K0674_080,naturally_expired,low,2026-07-30,No termination action in 4 transactions; period of performance ended 2025-05-15.,term=none;end=2025-05-15;n=4,,,P00003,2025-04-22,,4,,2026-07-30,2026-07-30,0,
80NSSC22K0999,ASST_NON_80NSSC22K0999_080,reinstated,high,2026-07-30,Termination (B P00006 2025-04-04) rescinded per B P00007 2025-12-10 in USAspending transactions; award active again.,term=B P00006 2025-04-04;term_mod=P00006;term_date=2025-04-04;post_n=2;post_obl=196298.00;post_pos=1;n=9;reversal=B P00007 2025-12-10,P00006,2025-04-04,P00008,2026-04-30,196298.00,9,,2026-07-30,2026-07-30,0,
80NSSC22K1051,ASST_NON_80NSSC22K1051_080,naturally_expired,low,2026-07-30,No termination action in 5 transactions; period of performance ended 2025-04-04.,term=none;end=2025-04-04;n=5,,,P00004,2026-03-18,,5,,2026-07-30,2026-07-30,0,
80NSSC22K1174,ASST_NON_80NSSC22K1174_080,naturally_expired,low,2026-07-30,No termination action in 5 transactions; period of performance ended 2025-08-28.,term=none;end=2025-08-28;n=5,,,P00004,2026-07-13,,5,,2026-07-30,2026-07-30,0,
80NSSC22K1186,ASST_NON_80NSSC22K1186_080,naturally_expired,low,2026-07-30,No termination action in 5 transactions; period of performance ended 2025-05-08.,term=none;end=2025-05-08;n=5,,,P00004,2026-04-30,,5,,2026-07-30,2026-07-30,0,
80NSSC22K1191,ASST_NON_80NSSC22K1191_080,naturally_expired,low,2026-07-30,No termination action in 5 transactions; period of performance ended 2025-08-28.,term=none;end=2025-08-28;n=5,,,P00004,2026-07-13,,5,closed_out,2026-07-30,2026-07-30,0,
80NSSC22K1201,ASST_NON_80NSSC22K1201_080,naturally_expired,low,2026-07-30,No termination action in 5 transactions; period of performance ended 2025-07-31.,term=none;end=2025-07-31;n=5,,,P00004,2026-07-01,,5,,2026-07-30,2026-07-30,0,
80NSSC22K1414,ASST_NON_80NSSC22K1414_080,naturally_expired,low,2026-07-30,No termination action in 5 transactions; period of performance ended 2025-08-31.,term=none;end=2025-08-31;n=5,,,P00004,2025-02-10,,5,,2026-07-30,2026-07-30,0,
80NSSC22K1658,ASST_NON_80NSSC22K1658_080,still_terminated,low,2026-07-30,"Terminated for convenience (B P00003 2025-03-21); no rescission, closeout, or new obligations in 0 later transactions.",term=B P00003 2025-03-21;term_mod=P00003;term_date=2025-03-21;post_n=0;post_obl=0.00;post_pos=0;n=4,P00003,2025-03-21,P00003,2025-03-21,0.00,4,,2026-07-30,2026-07-30,0,
80NSSC22K1673,ASST_NON_80NSSC22K1673_080,still_terminated,low,2026-07-30,"Terminated for convenience (B P00003 2025-03-21); no rescission, closeout, or new obligations in 0 later transactions.",term=B P00003 2025-03-21;term_mod=P00003;term_date=2025-03-21;post_n=0;post_obl=0.00;post_pos=0;n=4,P00003,2025-03-21,P00003,2025-03-21,0.00,4,,2026-07-30,2026-07-30,0,
80NSSC22K1675,ASST_NON_80NSSC22K1675_080,still_terminated,low,2026-07-30,"Terminated for convenience (B P00003 2025-03-21); no rescission, closeout, or new obligations in 0 later transactions.",term=B P00003 2025-03-21;term_mod=P00003;term_date=2025-03-21;post_n=0;post_obl=0.00;post_pos=0;n=4,P00003,2025-03-21,P00003,2025-03-21,0.00,4,,2026-07-30,2026-07-30,0,
80NSSC22K1681,ASST_NON_80NSSC22K1681_080,still_terminated,low,2026-07-30,"Terminated for convenience (D P00005 2025-09-10); no rescission, closeout, or new obligations in 0 later transactions.",term=D P00005 2025-09-10;term_mod=P00005;term_date=2025-09-10;post_n=0;post_obl=0.00;post_pos=0;n=6,P00005,2025-09-10,P00005,2025-09-10,0.00,6,,2026-07-30,2026-07-30,0,
80NSSC22M0122,ASST_NON_80NSSC22M0122_8000,unresolved,none,,No transactions returned for this award; cannot judge.,reason=no_transactions,,,,,,,,2026-07-30,,2,No transactions returned for this award; cannot judge.
80NSSC22PA482,CONT_AWD_80NSSC22PA482_8000_-NONE-_-NONE-,still_terminated,low,2026-07-30,"Terminated for convenience (F P00006 2025-04-08); no rescission, closeout, or new obligations in 0 later transactions.",term=F P00006 2025-04-08;term_mod=P00006;term_date=2025-04-08;post_n=0;post_obl=0.00;post_pos=0;n=7,P00006,2025-04-08,P00006,2025-04-08,0.00,7,,2026-07-30,2026-07-30,0,
80NSSC22PB703,CONT_AWD_80NSSC22PB703_8000_-NONE-_-NONE-,still_terminated,low,2026-07-30,"Terminated for convenience (F P00003 2025-03-24); no rescission, closeout, or new obligations in 0 later transactions.",term=F P00003 2025-03-24;term_mod=P00003;term_date=2025-03-24;post_n=0;post_obl=0.00;post_pos=0;n=4,P00003,2025-03-24,P00003,2025-03-24,0.00,4,,2026-07-30,2026-07-30,0,
80NSSC23AA019,CONT_IDV_80NSSC23AA019_8000,still_terminated,low,2026-07-30,"Terminated for convenience (F P00001 2025-03-18); no rescission, closeout, or new obligations in 0 later transactions.",term=F P00001 2025-03-18;term_mod=P00001;term_date=2025-03-18;post_n=0;post_obl=0.00;post_pos=0;n=2,P00001,2025-03-18,P00001,2025-03-18,0.00,2,,2026-07-30,2026-07-30,0,
80NSSC23F0002,CONT_AWD_80NSSC23F0002_8000_NNG15SD22B_8000,still_terminated,low,2026-07-30,"Terminated for convenience (F P00001 2025-04-21); no rescission, closeout, or new obligations in 0 later transactions.",term=F P00001 2025-04-21;term_mod=P00001;term_date=2025-04-21;post_n=0;post_obl=0.00;post_pos=0;n=2,P00001,2025-04-21,P00001,2025-04-21,0.00,2,,2026-07-30,2026-07-30,0,
80NSSC23FA107,CONT_AWD_80NSSC23FA107_8000_80NSSC22DA010_8000,naturally_expired,low,2026-07-30,No termination action in 93 transactions; period of performance ended 2025-10-11.,term=none;end=2025-10-11;n=93,,,P00091,2026-02-12,,93,,2026-07-30,2026-07-30,0,
80NSSC23FA267,CONT_AWD_80NSSC23FA267_8000_80NSSC23AA003_8000,no_termination_signal,low,2026-07-30,No termination action found in 7 transactions.,term=none;n=7,,,P00006,2026-03-31,,7,,2026-07-30,2026-07-30,0,
80NSSC23FA279,CONT_AWD_80NSSC23FA279_8000_GS10F0331M_4730,still_terminated,low,2026-07-30,"Terminated for convenience (F P00003 2025-02-20); no rescission, closeout, or new obligations in 0 later transactions.",term=F P00003 2025-02-20;term_mod=P00003;term_date=2025-02-20;post_n=0;post_obl=0.00;post_pos=0;n=4,P00003,2025-02-20,P00003,2025-02-20,0.00,4,,2026-07-30,2026-07-30,0,
80NSSC23FA528,CONT_AWD_80NSSC23FA528_8000_80NSSC23DA001_8000,still_terminated,low,2026-07-30,"Terminated for convenience (F P00007 2025-04-23); no rescission, closeout, or new obligations in 0 later transactions.",term=F P00007 2025-04-23;term_mod=P00007;term_date=2025-04-23;post_n=0;post_obl=0.00;post_pos=0;n=8,P00007,2025-04-23,P00007,2025-04-23,0.00,8,,2026-07-30,2026-07-30,0,
80NSSC23FB052,CONT_AWD_80NSSC23FB052_8000_80NSSC23DA002_8000,still_terminated,low,2026-07-30,"Terminated for convenience (F P00017 2026-02-10); no rescission, closeout, or new obligations in 0 later transactions.",term=F P00017 2026-02-10;term_mod=P00017;term_date=2026-02-10;post_n=0;post_obl=0.00;post_pos=0;n=18,P00017,2026-02-10,P00017,2026-02-10,0.00,18,,2026-07-30,2026-07-30,0,
80NSSC23K0028,ASST_NON_80NSSC23K0028_080,naturally_expired,low,2026-07-30,No termination action in 4 transactions; period of performance ended 2026-06-03.,term=none;end=2026-06-03;n=4,,,P00003,2026-06-03,,4,,2026-07-30,2026-07-30,0,
80NSSC23K0033,ASST_NON_80NSSC23K0033_080,naturally_expired,low,2026-07-30,No termination action in 4 transactions; period of performance ended 2025-02-19.,term=none;end=2025-02-19;n=4,,,P00003,2025-02-19,,4,,2026-07-30,2026-07-30,0,
80NSSC23K0037,ASST_NON_80NSSC23K0037_080,naturally_expired,low,2026-07-30,No termination action in 5 transactions; period of performance ended 2026-03-03.,term=none;end=2026-03-03;n=5,,,P00004,2026-03-03,,5,,2026-07-30,2026-07-30,0,
80NSSC23K0183,ASST_NON_80NSSC23K0183_080,naturally_expired,low,2026-07-30,No termination action in 3 transactions; period of performance ended 2024-12-31.,term=none;end=2024-12-31;n=3,,,P00002,2025-12-05,,3,,2026-07-30,2026-07-30,0,
80NSSC23K0241,ASST_NON_80NSSC23K0241_080,naturally_expired,low,2026-07-30,No termination action in 5 transactions; period of performance ended 2026-03-10.,term=none;end=2026-03-10;n=5,,,P00004,2026-03-10,,5,,2026-07-30,2026-07-30,0,
80NSSC23K0309,ASST_NON_80NSSC23K0309_080,no_termination_signal,low,2026-07-30,No termination action found in 7 transactions.,term=none;n=7,,,P00006,2025-12-29,,7,continued,2026-07-30,2026-07-30,0,
80NSSC23K0466,ASST_NON_80NSSC23K0466_080,naturally_expired,low,2026-07-30,No termination action in 2 transactions; period of performance ended 2026-03-31.,term=none;end=2026-03-31;n=2,,,P00001,2025-03-04,,2,,2026-07-30,2026-07-30,0,
80NSSC23K0584,ASST_NON_80NSSC23K0584_080,naturally_expired,low,2026-07-30,No termination action in 5 transactions; period of performance ended 2025-01-31.,term=none;end=2025-01-31;n=5,,,P00004,2026-01-06,,5,,2026-07-30,2026-07-30,0,
80NSSC23K0600,ASST_NON_80NSSC23K0600_080,naturally_expired,low,2026-07-30,No termination action in 2 transactions; period of performance ended 2026-02-15.,term=none;end=2026-02-15;n=2,,,P00001,2026-02-02,,2,,2026-07-30,2026-07-30,0,
80NSSC23K0787,ASST_NON_80NSSC23K0787_080,naturally_expired,low,2026-07-30,No termination action in 3 transactions; period of performance ended 2025-02-10.,term=none;end=2025-02-10;n=3,,,P00002,2025-02-25,,3,,2026-07-30,2026-07-30,0,
80NSSC23K0815,ASST_NON_80NSSC23K0815_080,reinstated,high,2026-07-30,Termination (B P00005 2025-04-04) rescinded per B P00006 2025-12-10 in USAspending transactions; award active again.,term=B P00005 2025-04-04;term_mod=P00005;term_date=2025-04-04;post_n=3;post_obl=81324.00;post_pos=1;n=9;reversal=B P00006 2025-12-10,P00005,2025-04-04,P00008,2026-04-30,81324.00,9,,2026-07-30,2026-07-30,0,
80NSSC23K0833,ASST_NON_80NSSC23K0833_080,naturally_expired,low,2026-07-30,No termination action in 2 transactions; period of performance ended 2026-06-15.,term=none;end=2026-06-15;n=2,,,P00001,2025-05-06,,2,,2026-07-30,2026-07-30,0,
80NSSC23K0935,ASST_NON_80NSSC23K0935_080,naturally_expired,low,2026-07-30,No termination action in 3 transactions; period of performance ended 2025-08-26.,term=none;end=2025-08-26;n=3,,,P00002,2025-08-26,,3,,2026-07-30,2026-07-30,0,
80NSSC23K0983,ASST_NON_80NSSC23K0983_080,reinstated,high,2026-07-30,Termination (B P00002 2025-04-04) rescinded per B P00003 2025-12-10 in USAspending transactions; award active again.,term=B P00002 2025-04-04;term_mod=P00002;term_date=2025-04-04;post_n=3;post_obl=398833.00;post_pos=2;n=6;reversal=B P00003 2025-12-10,P00002,2025-04-04,P00005,2026-05-27,398833.00,6,,2026-07-30,2026-07-30,0,
80NSSC23K1055,ASST_NON_80NSSC23K1055_080,naturally_expired,low,2026-07-30,No termination action in 5 transactions; period of performance ended 2026-02-17.,term=none;end=2026-02-17;n=5,,,P00004,2026-02-17,,5,,2026-07-30,2026-07-30,0,
80NSSC23K1058,ASST_NON_80NSSC23K1058_080,naturally_expired,low,2026-07-30,No termination action in 6 transactions; period of performance ended 2025-09-11.,term=none;end=2025-09-11;n=6,,,P00005,2025-11-26,,6,,2026-07-30,2026-07-30,0,
80NSSC23K1064,ASST_NON_80NSSC23K1064_080,naturally_expired,low,2026-07-30,No termination action in 4 transactions; period of performance ended 2026-02-02.,term=none;end=2026-02-02;n=4,,,P00003,2026-02-02,,4,,2026-07-30,2026-07-30,0,
80NSSC23K1130,ASST_NON_80NSSC23K1130_080,reinstated,high,2026-07-30,Termination (B P00003 2025-04-04) rescinded per B P00004 2025-12-10 in USAspending transactions; award active again.,term=B P00003 2025-04-04;term_mod=P00003;term_date=2025-04-04;post_n=3;post_obl=179979.00;post_pos=1;n=7;reversal=B P00004 2025-12-10,P00003,2025-04-04,P00006,2026-06-25,179979.00,7,,2026-07-30,2026-07-30,0,
80NSSC23K1164,ASST_NON_80NSSC23K1164_080,naturally_expired,low,2026-07-30,No termination action in 4 transactions; period of performance ended 2025-02-10.,term=none;end=2025-02-10;n=4,,,P00003,2025-02-26,,4,,2026-07-30,2026-07-30,0,
80NSSC23K1175,ASST_NON_80NSSC23K1175_080,naturally_expired,low,2026-07-30,No termination action in 4 transactions; period of performance ended 2025-05-31.,term=none;end=2025-05-31;n=4,,,P00003,2026-05-19,,4,,2026-07-30,2026-07-30,0,
80NSSC23K1200,ASST_NON_80NSSC23K1200_080,naturally_expired,low,2026-07-30,No termination action in 4 transactions; period of performance ended 2025-05-15.,term=none;end=2025-05-15;n=4,,,P00003,2026-05-04,,4,,2026-07-30,2026-07-30,0,
80NSSC23K1211,ASST_NON_80NSSC23K1211_080,naturally_expired,low,2026-07-30,No termination action in 3 transactions; period of performance ended 2025-02-12.,term=none;end=2025-02-12;n=3,,,P00002,2025-02-11,,3,,2026-07-30,2026-07-30,0,
80NSSC23K1223,ASST_NON_80NSSC23K1223_080,naturally_expired,low,2026-07-30,No termination action in 4 transactions; period of performance ended 2025-08-21.,term=none;end=2025-08-21;n=4,,,P00003,2026-07-09,,4,,2026-07-30,2026-07-30,0,
80NSSC23K1228,ASST_NON_80NSSC23K1228_080,no_termination_signal,low,2026-07-30,No termination action found in 3 transactions.,term=none;n=3,,,P00002,2025-05-06,,3,,2026-07-30,2026-07-30,0,
80NSSC23K1269,ASST_NON_80NSSC23K1269_080,naturally_expired,low,2026-07-30,No termination action in 2 transactions; period of performance ended 2025-02-12.,term=none;end=2025-02-12;n=2,,,P00001,2025-02-11,,2,,2026-07-30,2026-07-30,0,
80NSSC23K1293,ASST_NON_80NSSC23K1293_080,naturally_expired,low,2026-07-30,No termination action in 2 transactions; period of performance ended 2025-06-09.,term=none;end=2025-06-09;n=2,,,P00001,2025-06-09,,2,,2026-07-30,2026-07-30,0,
80NSSC23K1300,ASST_NON_80NSSC23K1300_080,naturally_expired,low,2026-07-30,No termination action in 2 transactions; period of performance ended 2025-05-13.,term=none;end=2025-05-13;n=2,,,P00001,2025-05-13,,2,,2026-07-30,2026-07-30,0,
80NSSC23K1330,ASST_NON_80NSSC23K1330_080,naturally_expired,low,2026-07-30,No termination action in 3 transactions; period of performance ended 2025-03-10.,term=none;end=2025-03-10;n=3,,,P00002,2025-03-10,,3,,2026-07-30,2026-07-30,0,
80NSSC23K1348,ASST_NON_80NSSC23K1348_080,naturally_expired,low,2026-07-30,No termination action in 3 transactions; period of performance ended 2025-08-20.,term=none;end=2025-08-20;n=3,,,P00002,2025-04-08,,3,still_terminated,2026-07-30,2026-07-30,0,
80NSSC23K1372,ASST_NON_80NSSC23K1372_080,naturally_expired,low,2026-07-30,No termination action in 5 transactions; period of performance ended 2025-06-30.,term=none;end=2025-06-30;n=5,,,P00004,2026-06-05,,5,,2026-07-30,2026-07-30,0,
80NSSC23K1391,ASST_NON_80NSSC23K1391_080,no_termination_signal,low,2026-07-30,No termination action found in 4 transactions.,term=none;n=4,,,P00003,2026-04-19,,4,,2026-07-30,2026-07-30,0,
80NSSC23K1430,ASST_NON_80NSSC23K1430_080,vacated,high,2026-07-30,Termination (B P00003 2025-05-12) vacated/set aside per B P00004 2025-09-09 in USAspending transactions.,term=B P00003 2025-05-12;term_mod=P00003;term_date=2025-05-12;post_n=2;post_obl=0.00;post_pos=0;n=6;vacatur=B P00004 2025-09-09,P00003,2025-05-12,P00005,2026-05-21,0.00,6,,2026-07-30,2026-07-30,0,
80NSSC23K1435,ASST_NON_80NSSC23K1435_080,naturally_expired,low,2026-07-30,No termination action in 3 transactions; period of performance ended 2025-06-12.,term=none;end=2025-06-12;n=3,,,P00002,2026-05-26,,3,,2026-07-30,2026-07-30,0,
80NSSC23K1496,ASST_NON_80NSSC23K1496_080,naturally_expired,low,2026-07-30,No termination action in 5 transactions; period of performance ended 2025-05-25.,term=none;end=2025-05-25;n=5,,,P00004,2025-09-29,,5,,2026-07-30,2026-07-30,0,
80NSSC23K1585,ASST_NON_80NSSC23K1585_080,naturally_expired,low,2026-07-30,No termination action in 3 transactions; period of performance ended 2026-02-17.,term=none;end=2026-02-17;n=3,,,P00002,2026-02-17,,3,,2026-07-30,2026-07-30,0,
80NSSC23K1592,ASST_NON_80NSSC23K1592_080,naturally_expired,low,2026-07-30,No termination action in 2 transactions; period of performance ended 2025-06-11.,term=none;end=2025-06-11;n=2,,,P00001,2025-06-11,,2,,2026-07-30,2026-07-30,0,
80NSSC23M0020,ASST_NON_80NSSC23M0020_080,still_terminated,low,2026-07-30,"Terminated for convenience (B P00004 2025-05-14); no rescission, closeout, or new obligations in 0 later transactions.",term=B P00004 2025-05-14;term_mod=P00004;term_date=2025-05-14;post_n=0;post_obl=0.00;post_pos=0;n=5,P00004,2025-05-14,P00004,2025-05-14,0.00,5,,2026-07-30,2026-07-30,0,
80NSSC23M0024,ASST_NON_80NSSC23M0024_080,naturally_expired,low,2026-07-30,No termination action in 5 transactions; period of performance ended 2025-04-08.,term=none;end=2025-04-08;n=5,,,P00004,2026-03-26,,5,,2026-07-30,2026-07-30,0,
80NSSC23M0119,ASST_NON_80NSSC23M0119_080,naturally_expired,low,2026-07-30,No termination action in 4 transactions; period of performance ended 2025-07-31.,term=none;end=2025-07-31;n=4,,,P00003,2025-06-09,,4,,2026-07-30,2026-07-30,0,
80NSSC23M0120,ASST_NON_80NSSC23M0120_080,naturally_expired,low,2026-07-30,No termination action in 4 transactions; period of performance ended 2025-07-31.,term=none;end=2025-07-31;n=4,,,P00003,2026-07-06,,4,,2026-07-30,2026-07-30,0,
80NSSC23M0123,ASST_NON_80NSSC23M0123_080,naturally_expired,low,2026-07-30,No termination action in 3 transactions; period of performance ended 2025-07-31.,term=none;end=2025-07-31;n=3,,,P00002,2025-06-09,,3,,2026-07-30,2026-07-30,0,
80NSSC23M0124,ASST_NON_80NSSC23M0124_080,naturally_expired,low,2026-07-30,No termination action in 3 transactions; period of performance ended 2025-07-31.,term=none;end=2025-07-31;n=3,,,P00002,2025-06-09,,3,,2026-07-30,2026-07-30,0,
80NSSC23M0125,ASST_NON_80NSSC23M0125_080,naturally_expired,low,2026-07-30,No termination action in 4 transactions; period of performance ended 2025-07-31.,term=none;end=2025-07-31;n=4,,,P00003,2026-06-25,,4,,2026-07-30,2026-07-30,0,
80NSSC23M0126,ASST_NON_80NSSC23M0126_080,naturally_expired,low,2026-07-30,No termination action in 3 transactions; period of performance ended 2025-07-31.,term=none;end=2025-07-31;n=3,,,P00002,2025-06-09,,3,,2026-07-30,2026-07-30,0,
80NSSC23M0127,ASST_NON_80NSSC23M0127_080,no_termination_signal,low,2026-07-30,No termination action found in 3 transactions.,term=none;n=3,,,P00002,2025-06-09,,3,,2026-07-30,2026-07-30,0,
80NSSC23PA010,CONT_AWD_80NSSC23PA010_8000_-NONE-_-NONE-,still_terminated,low,2026-07-30,"Terminated for convenience (F P00004 2025-04-08); no rescission, closeout, or new obligations in 0 later transactions.",term=F P00004 2025-04-08;term_mod=P00004;term_date=2025-04-08;post_n=0;post_obl=0.00;post_pos=0;n=5,P00004,2025-04-08,P00004,2025-04-08,0.00,5,,2026-07-30,2026-07-30,0,
80NSSC23PB058,CONT_AWD_80NSSC23PB058_8000_-NONE-_-NONE-,still_terminated,low,2026-07-30,"Terminated for convenience (F P00002 2025-04-08); no rescission, closeout, or new obligations in 0 later transactions.",term=F P00002 2025-04-08;term_mod=P00002;term_date=2025-04-08;post_n=0;post_obl=0.00;post_pos=0;n=3,P00002,2025-04-08,P00002,2025-04-08,0.00,3,,2026-07-30,2026-07-30,0,
80NSSC23PB368,CONT_AWD_80NSSC23PB368_8000_-NONE-_-NONE-,still_terminated,low,2026-07-30,"Terminated for convenience (F P00001 2025-03-06); no rescission, closeout, or new obligations in 0 later transactions.",term=F P00001 2025-03-06;term_mod=P00001;term_date=2025-03-06;post_n=0;post_obl=0.00;post_pos=0;n=2,P00001,2025-03-06,P00001,2025-03-06,0.00,2,,2026-07-30,2026-07-30,0,
80NSSC24AA010,CONT_IDV_80NSSC24AA010_8000,still_terminated,low,2026-07-30,"Terminated for convenience (F P00004 2026-05-21); no rescission, closeout, or new obligations in 0 later transactions.",term=F P00004 2026-05-21;term_mod=P00004;term_date=2026-05-21;post_n=0;post_obl=0.00;post_pos=0;n=5,P00004,2026-05-21,P00004,2026-05-21,0.00,5,,2026-07-30,2026-07-30,0,
80NSSC24AA011,CONT_IDV_80NSSC24AA011_8000,still_terminated,low,2026-07-30,"Terminated for convenience (F P00004 2025-03-13); no rescission, closeout, or new obligations in 0 later transactions.",term=F P00004 2025-03-13;term_mod=P00004;term_date=2025-03-13;post_n=0;post_obl=0.00;post_pos=0;n=5,P00004,2025-03-13,P00004,2025-03-13,0.00,5,,2026-07-30,2026-07-30,0,
80NSSC24AA012,CONT_IDV_80NSSC24AA012_8000,still_terminated,low,2026-07-30,"Terminated for convenience (F P00004 2025-03-13); no rescission, closeout, or new obligations in 0 later transactions.",term=F P00004 2025-03-13;term_mod=P00004;term_date=2025-03-13;post_n=0;post_obl=0.00;post_pos=0;n=5,P00004,2025-03-13,P00004,2025-03-13,0.00,5,,2026-07-30,2026-07-30,0,
80NSSC24AA013,CONT_IDV_80NSSC24AA013_8000,still_terminated,low,2026-07-30,"Terminated for convenience (F P00004 2025-03-13); no rescission, closeout, or new obligations in 0 later transactions.",term=F P00004 2025-03-13;term_mod=P00004;term_date=2025-03-13;post_n=0;post_obl=0.00;post_pos=0;n=5,P00004,2025-03-13,P00004,2025-03-13,0.00,5,,2026-07-30,2026-07-30,0,
80NSSC24AA014,CONT_IDV_80NSSC24AA014_8000,still_terminated,low,2026-07-30,"Terminated for convenience (F P00004 2025-06-09); no rescission, closeout, or new obligations in 0 later transactions.",term=F P00004 2025-06-09;term_mod=P00004;term_date=2025-06-09;post_n=0;post_obl=0.00;post_pos=0;n=5,P00004,2025-06-09,P00004,2025-06-09,0.00,5,,2026-07-30,2026-07-30,0,
80NSSC24AA015,CONT_IDV_80NSSC24AA015_8000,still_terminated,low,2026-07-30,"Terminated for convenience (F P00004 2025-03-13); no rescission, closeout, or new obligations in 0 later transactions.",term=F P00004 2025-03-13;term_mod=P00004;term_date=2025-03-13;post_n=0;post_obl=0.00;post_pos=0;n=5,P00004,2025-03-13,P00004,2025-03-13,0.00,5,,2026-07-30,2026-07-30,0,
80NSSC24CA161,CONT_AWD_80NSSC24CA161_8000_-NONE-_-NONE-,excluded_by_design,high,2026-07-30,"Termination for cause/default (E P00002 2025-03-11) per USAspending transactions; contractor failure, not a policy cancellation.",cause=E P00002 2025-03-11;n=2,,,P00002,2025-03-11,,2,,2026-07-30,2026-07-30,0,
80NSSC24FA260,CONT_AWD_80NSSC24FA260_8000_NNG15SC39B_8000,naturally_expired,low,2026-07-30,No termination action in 1 transactions; period of performance ended 2025-02-28.,term=none;end=2025-02-28;n=1,,,0,2024-02-05,,1,,2026-07-30,2026-07-30,0,
80NSSC24FA447,CONT_AWD_80NSSC24FA447_8000_80NSSC23DA003_8000,no_termination_signal,low,2026-07-30,No termination action found in 6 transactions.,term=none;n=6,,,P00005,2026-06-08,,6,,2026-07-30,2026-07-30,0,
80NSSC24FA558,CONT_AWD_80NSSC24FA558_8000_NNG15SD25B_8000,still_terminated,low,2026-07-30,"Terminated for convenience (F P00001 2025-04-16); no rescission, closeout, or new obligations in 0 later transactions.",term=F P00001 2025-04-16;term_mod=P00001;term_date=2025-04-16;post_n=0;post_obl=0.00;post_pos=0;n=2,P00001,2025-04-16,P00001,2025-04-16,0.00,2,,2026-07-30,2026-07-30,0,
80NSSC24FA979,CONT_AWD_80NSSC24FA979_8000_80NSSC24AA010_8000,still_terminated,low,2026-07-30,"Terminated for convenience (M P00004 2025-09-12); no rescission, closeout, or new obligations in 0 later transactions.",term=M P00004 2025-09-12;term_mod=P00004;term_date=2025-09-12;post_n=0;post_obl=0.00;post_pos=0;n=5,P00004,2025-09-12,P00004,2025-09-12,0.00,5,,2026-07-30,2026-07-30,0,
80NSSC24K0113,ASST_NON_80NSSC24K0113_080,still_terminated,low,2026-07-30,"Terminated for convenience (D P00004 2026-05-12); no rescission, closeout, or new obligations in 0 later transactions.",term=D P00004 2026-05-12;term_mod=P00004;term_date=2026-05-12;post_n=0;post_obl=0.00;post_pos=0;n=5,P00004,2026-05-12,P00004,2026-05-12,0.00,5,,2026-07-30,2026-07-30,0,
80NSSC24K0114,ASST_NON_80NSSC24K0114_080,still_terminated,low,2026-07-30,"Terminated for convenience (B P00002 2025-03-21); no rescission, closeout, or new obligations in 1 later transactions.",term=B P00002 2025-03-21;term_mod=P00002;term_date=2025-03-21;post_n=1;post_obl=-53065.91;post_pos=0;n=4,P00002,2025-03-21,P00003,2026-03-20,-53065.91,4,,2026-07-30,2026-07-30,0,
80NSSC24K0115,ASST_NON_80NSSC24K0115_080,still_terminated,low,2026-07-30,"Terminated for convenience (D P00003 2025-09-25); no rescission, closeout, or new obligations in 0 later transactions.",term=D P00003 2025-09-25;term_mod=P00003;term_date=2025-09-25;post_n=0;post_obl=0.00;post_pos=0;n=4,P00003,2025-09-25,P00003,2025-09-25,0.00,4,,2026-07-30,2026-07-30,0,
80NSSC24K0157,ASST_NON_80NSSC24K0157_080,no_termination_signal,low,2026-07-30,No termination action found in 3 transactions.,term=none;n=3,,,P00002,2026-04-14,,3,,2026-07-30,2026-07-30,0,
80NSSC24K0176,ASST_NON_80NSSC24K0176_080,still_terminated,low,2026-07-30,"Terminated for convenience (D P00004 2025-08-12); no rescission, closeout, or new obligations in 0 later transactions.",term=D P00004 2025-08-12;term_mod=P00004;term_date=2025-08-12;post_n=0;post_obl=0.00;post_pos=0;n=5,P00004,2025-08-12,P00004,2025-08-12,0.00,5,,2026-07-30,2026-07-30,0,
80NSSC24K0177,ASST_NON_80NSSC24K0177_080,still_terminated,low,2026-07-30,"Terminated for convenience (B P00003 2025-03-21); no rescission, closeout, or new obligations in 1 later transactions.",term=B P00003 2025-03-21;term_mod=P00003;term_date=2025-03-21;post_n=1;post_obl=-461708.78;post_pos=0;n=5,P00003,2025-03-21,P00004,2026-03-11,-461708.78,5,,2026-07-30,2026-07-30,0,
80NSSC24K0178,ASST_NON_80NSSC24K0178_080,still_terminated,low,2026-07-30,"Terminated for convenience (D P00003 2025-08-12); no rescission, closeout, or new obligations in 0 later transactions.",term=D P00003 2025-08-12;term_mod=P00003;term_date=2025-08-12;post_n=0;post_obl=0.00;post_pos=0;n=4,P00003,2025-08-12,P00003,2025-08-12,0.00,4,,2026-07-30,2026-07-30,0,
80NSSC24K0343,ASST_NON_80NSSC24K0343_080,naturally_expired,low,2026-07-30,No termination action in 3 transactions; period of performance ended 2026-05-05.,term=none;end=2026-05-05;n=3,,,P00002,2026-05-05,,3,,2026-07-30,2026-07-30,0,
80NSSC24K0373,ASST_NON_80NSSC24K0373_080,naturally_expired,low,2026-07-30,No termination action in 3 transactions; period of performance ended 2025-07-31.,term=none;end=2025-07-31;n=3,,,P00002,2025-09-16,,3,,2026-07-30,2026-07-30,0,
80NSSC24K0482,ASST_NON_80NSSC24K0482_080,no_termination_signal,low,2026-07-30,No termination action found in 5 transactions.,term=none;n=5,,,P00004,2025-09-12,,5,,2026-07-30,2026-07-30,0,
80NSSC24K0503,ASST_NON_80NSSC24K0503_080,still_terminated,low,2026-07-30,"Terminated for convenience (B P00002 2025-06-11); no rescission, closeout, or new obligations in 2 later transactions.",term=B P00002 2025-06-11;term_mod=P00002;term_date=2025-06-11;post_n=2;post_obl=-301033.02;post_pos=0;n=5,P00002,2025-06-11,P00004,2026-03-03,-301033.02,5,,2026-07-30,2026-07-30,0,
80NSSC24K0520,ASST_NON_80NSSC24K0520_080,still_terminated,low,2026-07-30,"Terminated for convenience (D P00002 2025-08-15); no rescission, closeout, or new obligations in 0 later transactions.",term=D P00002 2025-08-15;term_mod=P00002;term_date=2025-08-15;post_n=0;post_obl=0.00;post_pos=0;n=3,P00002,2025-08-15,P00002,2025-08-15,0.00,3,,2026-07-30,2026-07-30,0,
80NSSC24K0540,ASST_NON_80NSSC24K0540_080,naturally_expired,low,2026-07-30,No termination action in 6 transactions; period of performance ended 2026-03-10.,term=none;end=2026-03-10;n=6,,,P00005,2026-03-10,,6,,2026-07-30,2026-07-30,0,
80NSSC24K0632,ASST_NON_80NSSC24K0632_080,naturally_expired,low,2026-07-30,No termination action in 3 transactions; period of performance ended 2026-02-11.,term=none;end=2026-02-11;n=3,,,P00002,2026-02-11,,3,,2026-07-30,2026-07-30,0,
80NSSC24K0677,ASST_NON_80NSSC24K0677_080,naturally_expired,low,2026-07-30,No termination action in 4 transactions; period of performance ended 2026-03-19.,term=none;end=2026-03-19;n=4,,,P00003,2026-03-19,,4,,2026-07-30,2026-07-30,0,
80NSSC24K0763,ASST_NON_80NSSC24K0763_080,naturally_expired,low,2026-07-30,No termination action in 3 transactions; period of performance ended 2026-06-10.,term=none;end=2026-06-10;n=3,,,P00002,2026-06-10,,3,,2026-07-30,2026-07-30,0,
80NSSC24K0840,ASST_NON_80NSSC24K0840_080,naturally_expired,low,2026-07-30,No termination action in 3 transactions; period of performance ended 2026-03-19.,term=none;end=2026-03-19;n=3,,,P00002,2026-01-07,,3,continued,2026-07-30,2026-07-30,0,
80NSSC24K0874,ASST_NON_80NSSC24K0874_080,naturally_expired,low,2026-07-30,No termination action in 3 transactions; period of performance ended 2026-01-26.,term=none;end=2026-01-26;n=3,,,P00002,2026-01-26,,3,,2026-07-30,2026-07-30,0,
80NSSC24K0890,ASST_NON_80NSSC24K0890_080,no_termination_signal,low,2026-07-30,No termination action found in 4 transactions.,term=none;n=4,,,P00003,2026-05-13,,4,,2026-07-30,2026-07-30,0,
80NSSC24K0892,ASST_NON_80NSSC24K0892_080,still_terminated,low,2026-07-30,"Terminated for convenience (D P00002 2025-08-14); no rescission, closeout, or new obligations in 0 later transactions.",term=D P00002 2025-08-14;term_mod=P00002;term_date=2025-08-14;post_n=0;post_obl=0.00;post_pos=0;n=3,P00002,2025-08-14,P00002,2025-08-14,0.00,3,,2026-07-30,2026-07-30,0,
80NSSC24K0913,ASST_NON_80NSSC24K0913_080,still_terminated,low,2026-07-30,"Terminated for convenience (B P00002 2025-05-14); no rescission, closeout, or new obligations in 1 later transactions.",term=B P00002 2025-05-14;term_mod=P00002;term_date=2025-05-14;post_n=1;post_obl=-222.20;post_pos=0;n=4,P00002,2025-05-14,P00003,2026-04-30,-222.20,4,closed_out,2026-07-30,2026-07-30,0,
80NSSC24K0927,ASST_NON_80NSSC24K0927_080,naturally_expired,low,2026-07-30,No termination action in 2 transactions; period of performance ended 2026-01-20.,term=none;end=2026-01-20;n=2,,,P00001,2026-01-20,,2,,2026-07-30,2026-07-30,0,
80NSSC24K0944,ASST_NON_80NSSC24K0944_080,still_terminated,low,2026-07-30,"Terminated for convenience (B P00001 2025-03-21); no rescission, closeout, or new obligations in 0 later transactions.",term=B P00001 2025-03-21;term_mod=P00001;term_date=2025-03-21;post_n=0;post_obl=0.00;post_pos=0;n=2,P00001,2025-03-21,P00001,2025-03-21,0.00,2,,2026-07-30,2026-07-30,0,
80NSSC24K0966,ASST_NON_80NSSC24K0966_080,naturally_expired,low,2026-07-30,No termination action in 1 transactions; period of performance ended 2025-08-31.,term=none;end=2025-08-31;n=1,,,0,2024-06-14,,1,needs_manual_review,2026-07-30,2026-07-30,0,
80NSSC24K1087,ASST_NON_80NSSC24K1087_080,naturally_expired,low,2026-07-30,No termination action in 3 transactions; period of performance ended 2026-06-03.,term=none;end=2026-06-03;n=3,,,P00002,2026-06-03,,3,,2026-07-30,2026-07-30,0,
80NSSC24K1193,ASST_NON_80NSSC24K1193_080,still_terminated,low,2026-07-30,"Terminated for convenience (D P00002 2025-09-25); no rescission, closeout, or new obligations in 0 later transactions.",term=D P00002 2025-09-25;term_mod=P00002;term_date=2025-09-25;post_n=0;post_obl=0.00;post_pos=0;n=3,P00002,2025-09-25,P00002,2025-09-25,0.00,3,,2026-07-30,2026-07-30,0,
80NSSC24K1232,ASST_NON_80NSSC24K1232_080,still_terminated,low,2026-07-30,"Terminated for convenience (B P00001 2025-03-21); no rescission, closeout, or new obligations in 1 later transactions.",term=B P00001 2025-03-21;term_mod=P00001;term_date=2025-03-21;post_n=1;post_obl=-319899.08;post_pos=0;n=3,P00001,2025-03-21,P00002,2025-08-12,-319899.08,3,,2026-07-30,2026-07-30,0,
80NSSC24K1264,ASST_NON_80NSSC24K1264_080,still_terminated,low,2026-07-30,"Terminated for convenience (B P00002 2025-03-21); no rescission, closeout, or new obligations in 1 later transactions.",term=B P00002 2025-03-21;term_mod=P00002;term_date=2025-03-21;post_n=1;post_obl=-177900.37;post_pos=0;n=4,P00002,2025-03-21,P00003,2026-03-11,-177900.37,4,closed_out,2026-07-30,2026-07-30,0,
80NSSC24K1345,ASST_NON_80NSSC24K1345_080,naturally_expired,low,2026-07-30,No termination action in 3 transactions; period of performance ended 2025-05-07.,term=none;end=2025-05-07;n=3,,,P00002,2026-04-30,,3,,2026-07-30,2026-07-30,0,
80NSSC24K1357,ASST_NON_80NSSC24K1357_080,naturally_expired,low,2026-07-30,No termination action in 2 transactions; period of performance ended 2025-07-31.,term=none;end=2025-07-31;n=2,,,P00001,2025-05-14,,2,,2026-07-30,2026-07-30,0,
80NSSC24K1472,ASST_NON_80NSSC24K1472_080,naturally_expired,low,2026-07-30,No termination action in 5 transactions; period of performance ended 2026-01-31.,term=none;end=2026-01-31;n=5,,,P00004,2026-07-15,,5,,2026-07-30,2026-07-30,0,
80NSSC24K1612,ASST_NON_80NSSC24K1612_080,still_terminated,low,2026-07-30,"Terminated for convenience (B P00001 2025-03-21); no rescission, closeout, or new obligations in 1 later transactions.",term=B P00001 2025-03-21;term_mod=P00001;term_date=2025-03-21;post_n=1;post_obl=-18766.40;post_pos=0;n=3,P00001,2025-03-21,P00002,2026-03-11,-18766.40,3,,2026-07-30,2026-07-30,0,
80NSSC24K1845,ASST_NON_80NSSC24K1845_080,still_terminated,low,2026-07-30,"Terminated for convenience (B P00003 2025-03-21); no rescission, closeout, or new obligations in 1 later transactions.",term=B P00003 2025-03-21;term_mod=P00003;term_date=2025-03-21;post_n=1;post_obl=-232118.00;post_pos=0;n=5,P00003,2025-03-21,P00004,2026-03-20,-232118.00,5,,2026-07-30,2026-07-30,0,
80NSSC24K1854,ASST_NON_80NSSC24K1854_080,naturally_expired,low,2026-07-30,No termination action in 3 transactions; period of performance ended 2025-04-04.,term=none;end=2025-04-04;n=3,,,P00002,2026-03-18,,3,,2026-07-30,2026-07-30,0,
80NSSC24K1913,ASST_NON_80NSSC24K1913_080,reinstated,high,2026-07-30,Termination (B P00002 2025-04-28) rescinded per B P00003 2025-09-09 in USAspending transactions; award active again.,term=B P00002 2025-04-28;term_mod=P00002;term_date=2025-04-28;post_n=1;post_obl=0.00;post_pos=0;n=4;reversal=B P00003 2025-09-09,P00002,2025-04-28,P00003,2025-09-09,0.00,4,,2026-07-30,2026-07-30,0,
80NSSC24M0190,ASST_NON_80NSSC24M0190_8000,unresolved,none,,No transactions returned for this award; cannot judge.,reason=no_transactions,,,,,,,,2026-07-30,,2,No transactions returned for this award; cannot judge.
80NSSC24M0193,ASST_NON_80NSSC24M0193_080,still_terminated,low,2026-07-30,"Terminated for convenience (D P00004 2025-08-12); no rescission, closeout, or new obligations in 0 later transactions.",term=D P00004 2025-08-12;term_mod=P00004;term_date=2025-08-12;post_n=0;post_obl=0.00;post_pos=0;n=5,P00004,2025-08-12,P00004,2025-08-12,0.00,5,,2026-07-30,2026-07-30,0,
80NSSC24M0209,ASST_NON_80NSSC24M0209_080,no_termination_signal,low,2026-07-30,No termination action found in 5 transactions.,term=none;n=5,,,P00004,2026-01-28,,5,,2026-07-30,2026-07-30,0,
80NSSC24M0217,ASST_NON_80NSSC24M0217_080,naturally_expired,low,2026-07-30,No termination action in 4 transactions; period of performance ended 2025-04-11.,term=none;end=2025-04-11;n=4,,,P00003,2026-04-08,,4,,2026-07-30,2026-07-30,0,
80NSSC24PA210,CONT_AWD_80NSSC24PA210_8000_-NONE-_-NONE-,still_terminated,low,2026-07-30,"Terminated for convenience (F P00002 2025-03-28); no rescission, closeout, or new obligations in 0 later transactions.",term=F P00002 2025-03-28;term_mod=P00002;term_date=2025-03-28;post_n=0;post_obl=0.00;post_pos=0;n=3,P00002,2025-03-28,P00002,2025-03-28,0.00,3,,2026-07-30,2026-07-30,0,
80NSSC24PA590,CONT_AWD_80NSSC24PA590_8000_-NONE-_-NONE-,still_terminated,low,2026-07-30,"Terminated for convenience (F P00001 2025-01-31); no rescission, closeout, or new obligations in 0 later transactions.",term=F P00001 2025-01-31;term_mod=P00001;term_date=2025-01-31;post_n=0;post_obl=0.00;post_pos=0;n=2,P00001,2025-01-31,P00001,2025-01-31,0.00,2,,2026-07-30,2026-07-30,0,
80NSSC24PA609,CONT_AWD_80NSSC24PA609_8000_-NONE-_-NONE-,still_terminated,low,2026-07-30,"Terminated for convenience (F P00001 2025-02-18); no rescission, closeout, or new obligations in 0 later transactions.",term=F P00001 2025-02-18;term_mod=P00001;term_date=2025-02-18;post_n=0;post_obl=0.00;post_pos=0;n=2,P00001,2025-02-18,P00001,2025-02-18,0.00,2,,2026-07-30,2026-07-30,0,
80NSSC24PA660,CONT_AWD_80NSSC24PA660_8000_-NONE-_-NONE-,still_terminated,low,2026-07-30,"Terminated for convenience (F P00002 2025-04-16); no rescission, closeout, or new obligations in 0 later transactions.",term=F P00002 2025-04-16;term_mod=P00002;term_date=2025-04-16;post_n=0;post_obl=0.00;post_pos=0;n=3,P00002,2025-04-16,P00002,2025-04-16,0.00,3,,2026-07-30,2026-07-30,0,
80NSSC24PA710,CONT_AWD_80NSSC24PA710_8000_-NONE-_-NONE-,still_terminated,low,2026-07-30,"Terminated for convenience (F P00001 2025-03-17); no rescission, closeout, or new obligations in 0 later transactions.",term=F P00001 2025-03-17;term_mod=P00001;term_date=2025-03-17;post_n=0;post_obl=0.00;post_pos=0;n=2,P00001,2025-03-17,P00001,2025-03-17,0.00,2,,2026-07-30,2026-07-30,0,
80NSSC24PA723,CONT_AWD_80NSSC24PA723_8000_-NONE-_-NONE-,still_terminated,low,2026-07-30,"Terminated for convenience (F P00001 2025-02-18); no rescission, closeout, or new obligations in 0 later transactions.",term=F P00001 2025-02-18;term_mod=P00001;term_date=2025-02-18;post_n=0;post_obl=0.00;post_pos=0;n=2,P00001,2025-02-18,P00001,2025-02-18,0.00,2,,2026-07-30,2026-07-30,0,
80NSSC24PA753,CONT_AWD_80NSSC24PA753_8000_-NONE-_-NONE-,still_terminated,low,2026-07-30,"Terminated for convenience (F P00001 2025-03-19); no rescission, closeout, or new obligations in 0 later transactions.",term=F P00001 2025-03-19;term_mod=P00001;term_date=2025-03-19;post_n=0;post_obl=0.00;post_pos=0;n=2,P00001,2025-03-19,P00001,2025-03-19,0.00,2,,2026-07-30,2026-07-30,0,
80NSSC24PA923,CONT_AWD_80NSSC24PA923_8000_-NONE-_-NONE-,still_terminated,low,2026-07-30,"Terminated for convenience (F P00001 2025-03-17); no rescission, closeout, or new obligations in 0 later transactions.",term=F P00001 2025-03-17;term_mod=P00001;term_date=2025-03-17;post_n=0;post_obl=0.00;post_pos=0;n=2,P00001,2025-03-17,P00001,2025-03-17,0.00,2,,2026-07-30,2026-07-30,0,
80NSSC24PB114,CONT_AWD_80NSSC24PB114_8000_-NONE-_-NONE-,naturally_expired,low,2026-07-30,No termination action in 3 transactions; period of performance ended 2025-01-24.,term=none;end=2025-01-24;n=3,,,P00002,2025-03-18,,3,,2026-07-30,2026-07-30,0,
80NSSC24PB139,CONT_AWD_80NSSC24PB139_8000_-NONE-_-NONE-,still_terminated,low,2026-07-30,"Terminated for convenience (F P00002 2025-04-08); no rescission, closeout, or new obligations in 0 later transactions.",term=F P00002 2025-04-08;term_mod=P00002;term_date=2025-04-08;post_n=0;post_obl=0.00;post_pos=0;n=3,P00002,2025-04-08,P00002,2025-04-08,0.00,3,,2026-07-30,2026-07-30,0,
80NSSC24PB679,CONT_AWD_80NSSC24PB679_8000_-NONE-_-NONE-,still_terminated,low,2026-07-30,"Terminated for convenience (M P00002 2025-04-30); no rescission, closeout, or new obligations in 0 later transactions.",term=M P00002 2025-04-30;term_mod=P00002;term_date=2025-04-30;post_n=0;post_obl=0.00;post_pos=0;n=3,P00002,2025-04-30,P00002,2025-04-30,0.00,3,,2026-07-30,2026-07-30,0,
80NSSC24PB717,CONT_AWD_80NSSC24PB717_8000_-NONE-_-NONE-,still_terminated,low,2026-07-30,"Terminated for convenience (F P00002 2025-04-08); no rescission, closeout, or new obligations in 0 later transactions.",term=F P00002 2025-04-08;term_mod=P00002;term_date=2025-04-08;post_n=0;post_obl=0.00;post_pos=0;n=3,P00002,2025-04-08,P00002,2025-04-08,0.00,3,,2026-07-30,2026-07-30,0,
80NSSC24PB720,CONT_AWD_80NSSC24PB720_8000_-NONE-_-NONE-,still_terminated,low,2026-07-30,"Terminated for convenience (F P00001 2025-04-08); no rescission, closeout, or new obligations in 0 later transactions.",term=F P00001 2025-04-08;term_mod=P00001;term_date=2025-04-08;post_n=0;post_obl=0.00;post_pos=0;n=2,P00001,2025-04-08,P00001,2025-04-08,0.00,2,,2026-07-30,2026-07-30,0,
80NSSC24PB891,CONT_AWD_80NSSC24PB891_8000_-NONE-_-NONE-,still_terminated,low,2026-07-30,"Terminated for convenience (F P00003 2025-04-16); no rescission, closeout, or new obligations in 0 later transactions.",term=F P00003 2025-04-16;term_mod=P00003;term_date=2025-04-16;post_n=0;post_obl=0.00;post_pos=0;n=4,P00003,2025-04-16,P00003,2025-04-16,0.00,4,,2026-07-30,2026-07-30,0,
80NSSC24PC049,CONT_AWD_80NSSC24PC049_8000_-NONE-_-NONE-,still_terminated,low,2026-07-30,"Terminated for convenience (F P00002 2025-03-06); no rescission, closeout, or new obligations in 0 later transactions.",term=F P00002 2025-03-06;term_mod=P00002;term_date=2025-03-06;post_n=0;post_obl=0.00;post_pos=0;n=3,P00002,2025-03-06,P00002,2025-03-06,0.00,3,,2026-07-30,2026-07-30,0,
80NSSC24PC064,CONT_AWD_80NSSC24PC064_8000_-NONE-_-NONE-,still_terminated,low,2026-07-30,"Terminated for convenience (F P00001 2025-04-08); no rescission, closeout, or new obligations in 0 later transactions.",term=F P00001 2025-04-08;term_mod=P00001;term_date=2025-04-08;post_n=0;post_obl=0.00;post_pos=0;n=2,P00001,2025-04-08,P00001,2025-04-08,0.00,2,,2026-07-30,2026-07-30,0,
80NSSC24PC269,CONT_AWD_80NSSC24PC269_8000_-NONE-_-NONE-,still_terminated,low,2026-07-30,"Terminated for convenience (C P00002 2025-06-10); no rescission, closeout, or new obligations in 0 later transactions.",term=C P00002 2025-06-10;term_mod=P00002;term_date=2025-06-10;post_n=0;post_obl=0.00;post_pos=0;n=3,P00002,2025-06-10,P00002,2025-06-10,0.00,3,,2026-07-30,2026-07-30,0,
80NSSC24PC331,CONT_AWD_80NSSC24PC331_8000_-NONE-_-NONE-,still_terminated,low,2026-07-30,"Terminated for convenience (F P00001 2025-02-19); no rescission, closeout, or new obligations in 0 later transactions.",term=F P00001 2025-02-19;term_mod=P00001;term_date=2025-02-19;post_n=0;post_obl=0.00;post_pos=0;n=2,P00001,2025-02-19,P00001,2025-02-19,0.00,2,,2026-07-30,2026-07-30,0,
80NSSC24PC363,CONT_AWD_80NSSC24PC363_8000_-NONE-_-NONE-,still_terminated,low,2026-07-30,"Terminated for convenience (F P00002 2025-04-08); no rescission, closeout, or new obligations in 0 later transactions.",term=F P00002 2025-04-08;term_mod=P00002;term_date=2025-04-08;post_n=0;post_obl=0.00;post_pos=0;n=3,P00002,2025-04-08,P00002,2025-04-08,0.00,3,,2026-07-30,2026-07-30,0,
80NSSC24PC367,CONT_AWD_80NSSC24PC367_8000_-NONE-_-NONE-,naturally_expired,low,2026-07-30,No termination action in 2 transactions; period of performance ended 2025-02-28.,term=none;end=2025-02-28;n=2,,,P00001,2025-02-11,,2,,2026-07-30,2026-07-30,0,
80NSSC24PC394,CONT_AWD_80NSSC24PC394_8000_-NONE-_-NONE-,still_terminated,low,2026-07-30,"Terminated for convenience (F P00001 2025-03-11); no rescission, closeout, or new obligations in 0 later transactions.",term=F P00001 2025-03-11;term_mod=P00001;term_date=2025-03-11;post_n=0;post_obl=0.00;post_pos=0;n=2,P00001,2025-03-11,P00001,2025-03-11,0.00,2,,2026-07-30,2026-07-30,0,
80NSSC24PC405,CONT_AWD_80NSSC24PC405_8000_-NONE-_-NONE-,naturally_expired,low,2026-07-30,No termination action in 2 transactions; period of performance ended 2024-09-25.,term=none;end=2024-09-25;n=2,,,P00001,2024-09-25,,2,,2026-07-30,2026-07-30,0,
80NSSC24PC475,CONT_AWD_80NSSC24PC475_8000_-NONE-_-NONE-,still_terminated,low,2026-07-30,"Terminated for convenience (F P00002 2025-04-08); no rescission, closeout, or new obligations in 0 later transactions.",term=F P00002 2025-04-08;term_mod=P00002;term_date=2025-04-08;post_n=0;post_obl=0.00;post_pos=0;n=3,P00002,2025-04-08,P00002,2025-04-08,0.00,3,,2026-07-30,2026-07-30,0,
80NSSC25CA075,CONT_AWD_80NSSC25CA075_8000_-NONE-_-NONE-,naturally_expired,low,2026-07-30,No termination action in 4 transactions; period of performance ended 2026-06-30.,term=none;end=2026-06-30;n=4,,,P00003,2026-06-30,,4,,2026-07-30,2026-07-30,0,
80NSSC25FA034,CONT_AWD_80NSSC25FA034_8000_47QRAA19D006N_4732,still_terminated,low,2026-07-30,"Terminated for convenience (F P00002 2025-03-10); no rescission, closeout, or new obligations in 0 later transactions.",term=F P00002 2025-03-10;term_mod=P00002;term_date=2025-03-10;post_n=0;post_obl=0.00;post_pos=0;n=3,P00002,2025-03-10,P00002,2025-03-10,0.00,3,,2026-07-30,2026-07-30,0,
80NSSC25FA078,CONT_AWD_80NSSC25FA078_8000_NNG15SD72B_8000,still_terminated,low,2026-07-30,"Terminated for convenience (F P00001 2025-04-16); no rescission, closeout, or new obligations in 0 later transactions.",term=F P00001 2025-04-16;term_mod=P00001;term_date=2025-04-16;post_n=0;post_obl=0.00;post_pos=0;n=2,P00001,2025-04-16,P00001,2025-04-16,0.00,2,,2026-07-30,2026-07-30,0,
80NSSC25FA145,CONT_AWD_80NSSC25FA145_8000_GS07F216BA_4732,still_terminated,low,2026-07-30,"Terminated for convenience (M P00001 2025-03-25); no rescission, closeout, or new obligations in 0 later transactions.",term=M P00001 2025-03-25;term_mod=P00001;term_date=2025-03-25;post_n=0;post_obl=0.00;post_pos=0;n=2,P00001,2025-03-25,P00001,2025-03-25,0.00,2,,2026-07-30,2026-07-30,0,
80NSSC25FA147,CONT_AWD_80NSSC25FA147_8000_47QRAA23D000U_4732,naturally_expired,low,2026-07-30,No termination action in 2 transactions; period of performance ended 2025-08-15.,term=none;end=2025-08-15;n=2,,,P00001,2025-08-19,,2,,2026-07-30,2026-07-30,0,
80NSSC25FA315,CONT_AWD_80NSSC25FA315_8000_80NSSC24AA005_8000,still_terminated,low,2026-07-30,"Terminated for convenience (F P00001 2025-05-05); no rescission, closeout, or new obligations in 0 later transactions.",term=F P00001 2025-05-05;term_mod=P00001;term_date=2025-05-05;post_n=0;post_obl=0.00;post_pos=0;n=2,P00001,2025-05-05,P00001,2025-05-05,0.00,2,,2026-07-30,2026-07-30,0,
80NSSC25FA413,CONT_AWD_80NSSC25FA413_8000_NNG15SD33B_8000,naturally_expired,low,2026-07-30,No termination action in 2 transactions; period of performance ended 2025-06-03.,term=none;end=2025-06-03;n=2,,,P00001,2025-06-03,,2,,2026-07-30,2026-07-30,0,
80NSSC25K0024,ASST_NON_80NSSC25K0024_080,naturally_expired,low,2026-07-30,No termination action in 2 transactions; period of performance ended 2025-09-04.,term=none;end=2025-09-04;n=2,,,P00001,2025-09-10,,2,,2026-07-30,2026-07-30,0,
80NSSC25K0030,ASST_NON_80NSSC25K0030_080,naturally_expired,low,2026-07-30,No termination action in 2 transactions; period of performance ended 2026-01-19.,term=none;end=2026-01-19;n=2,,,P00001,2026-01-20,,2,,2026-07-30,2026-07-30,0,
80NSSC25K0045,ASST_NON_80NSSC25K0045_080,naturally_expired,low,2026-07-30,No termination action in 2 transactions; period of performance ended 2025-09-04.,term=none;end=2025-09-04;n=2,,,P00001,2025-09-10,,2,,2026-07-30,2026-07-30,0,
80NSSC25K0105,ASST_NON_80NSSC25K0105_080,naturally_expired,low,2026-07-30,No termination action in 4 transactions; period of performance ended 2025-09-08.,term=none;end=2025-09-08;n=4,,,P00001,2025-09-11,,4,,2026-07-30,2026-07-30,0,
80NSSC25K0108,ASST_NON_80NSSC25K0108_080,naturally_expired,low,2026-07-30,No termination action in 2 transactions; period of performance ended 2026-04-20.,term=none;end=2026-04-20;n=2,,,P00001,2026-05-07,,2,,2026-07-30,2026-07-30,0,
80NSSC25K0134,ASST_NON_80NSSC25K0134_080,no_termination_signal,low,2026-07-30,No termination action found in 3 transactions.,term=none;n=3,,,P00002,2025-09-30,,3,,2026-07-30,2026-07-30,0,
80NSSC25K0284,ASST_NON_80NSSC25K0284_080,naturally_expired,low,2026-07-30,No termination action in 2 transactions; period of performance ended 2025-12-02.,term=none;end=2025-12-02;n=2,,,P00001,2025-12-02,,2,,2026-07-30,2026-07-30,0,
80NSSC25K7029,ASST_NON_80NSSC25K7029_080,still_terminated,low,2026-07-30,"Terminated for convenience (B P00002 2025-05-14); no rescission, closeout, or new obligations in 1 later transactions.",term=B P00002 2025-05-14;term_mod=P00002;term_date=2025-05-14;post_n=1;post_obl=-222175.04;post_pos=0;n=4,P00002,2025-05-14,P00003,2026-05-04,-222175.04,4,,2026-07-30,2026-07-30,0,
80NSSC25K7030,ASST_NON_80NSSC25K7030_080,still_terminated,low,2026-07-30,"Terminated for convenience (B P00002 2025-05-14); no rescission, closeout, or new obligations in 1 later transactions.",term=B P00002 2025-05-14;term_mod=P00002;term_date=2025-05-14;post_n=1;post_obl=-168492.87;post_pos=0;n=4,P00002,2025-05-14,P00003,2026-04-30,-168492.87,4,,2026-07-30,2026-07-30,0,
80NSSC25K7031,ASST_NON_80NSSC25K7031_080,still_terminated,low,2026-07-30,"Terminated for convenience (B P00002 2025-06-06); no rescission, closeout, or new obligations in 1 later transactions.",term=B P00002 2025-06-06;term_mod=P00002;term_date=2025-06-06;post_n=1;post_obl=-157417.75;post_pos=0;n=4,P00002,2025-06-06,P00003,2026-05-11,-157417.75,4,,2026-07-30,2026-07-30,0,
80NSSC25K7032,ASST_NON_80NSSC25K7032_080,still_terminated,low,2026-07-30,"Terminated for convenience (D P00003 2025-09-25); no rescission, closeout, or new obligations in 0 later transactions.",term=D P00003 2025-09-25;term_mod=P00003;term_date=2025-09-25;post_n=0;post_obl=0.00;post_pos=0;n=4,P00003,2025-09-25,P00003,2025-09-25,0.00,4,,2026-07-30,2026-07-30,0,
80NSSC25K7034,ASST_NON_80NSSC25K7034_080,still_terminated,low,2026-07-30,"Terminated for convenience (D P00002 2025-08-15); no rescission, closeout, or new obligations in 0 later transactions.",term=D P00002 2025-08-15;term_mod=P00002;term_date=2025-08-15;post_n=0;post_obl=0.00;post_pos=0;n=3,P00002,2025-08-15,P00002,2025-08-15,0.00,3,,2026-07-30,2026-07-30,0,
80NSSC25K7036,ASST_NON_80NSSC25K7036_080,still_terminated,low,2026-07-30,"Terminated for convenience (D P00003 2026-04-30); no rescission, closeout, or new obligations in 0 later transactions.",term=D P00003 2026-04-30;term_mod=P00003;term_date=2026-04-30;post_n=0;post_obl=0.00;post_pos=0;n=4,P00003,2026-04-30,P00003,2026-04-30,0.00,4,,2026-07-30,2026-07-30,0,
80NSSC25K7045,ASST_NON_80NSSC25K7045_080,still_terminated,low,2026-07-30,"Terminated for convenience (B P00002 2025-03-21); no rescission, closeout, or new obligations in 0 later transactions.",term=B P00002 2025-03-21;term_mod=P00002;term_date=2025-03-21;post_n=0;post_obl=0.00;post_pos=0;n=3,P00002,2025-03-21,P00002,2025-03-21,0.00,3,,2026-07-30,2026-07-30,0,
80NSSC25K7118,ASST_NON_80NSSC25K7118_080,reinstated,high,2026-07-30,Termination (B P00002 2025-04-04) rescinded per B P00003 2025-12-10 in USAspending transactions; award active again.,term=B P00002 2025-04-04;term_mod=P00002;term_date=2025-04-04;post_n=2;post_obl=137931.00;post_pos=1;n=5;reversal=B P00003 2025-12-10,P00002,2025-04-04,P00004,2026-05-13,137931.00,5,,2026-07-30,2026-07-30,0,
80NSSC25K7164,ASST_NON_80NSSC25K7164_080,no_termination_signal,low,2026-07-30,No termination action found in 4 transactions.,term=none;n=4,,,P00003,2025-12-30,,4,,2026-07-30,2026-07-30,0,
80NSSC25K7254,ASST_NON_80NSSC25K7254_080,naturally_expired,low,2026-07-30,No termination action in 4 transactions; period of performance ended 2025-12-17.,term=none;end=2025-12-17;n=4,,,P00003,2025-12-31,,4,,2026-07-30,2026-07-30,0,
80NSSC25K7326,ASST_NON_80NSSC25K7326_080,naturally_expired,low,2026-07-30,No termination action in 2 transactions; period of performance ended 2025-07-24.,term=none;end=2025-07-24;n=2,,,P00001,2025-07-24,,2,,2026-07-30,2026-07-30,0,
80NSSC25K7437,ASST_NON_80NSSC25K7437_080,reinstated,high,2026-07-30,Termination (B P00001 2025-04-04) rescinded per B P00002 2025-12-10 in USAspending transactions; award active again.,term=B P00001 2025-04-04;term_mod=P00001;term_date=2025-04-04;post_n=1;post_obl=0.00;post_pos=0;n=3;reversal=B P00002 2025-12-10,P00001,2025-04-04,P00002,2025-12-10,0.00,3,,2026-07-30,2026-07-30,0,
80NSSC25K7548,ASST_NON_80NSSC25K7548_080,no_termination_signal,low,2026-07-30,No termination action found in 2 transactions.,term=none;n=2,,,P00001,2026-03-03,,2,,2026-07-30,2026-07-30,0,
80NSSC25K7577,ASST_NON_80NSSC25K7577_080,naturally_expired,low,2026-07-30,No termination action in 3 transactions; period of performance ended 2026-02-25.,term=none;end=2026-02-25;n=3,,,P00002,2026-02-25,,3,,2026-07-30,2026-07-30,0,
80NSSC25K7581,ASST_NON_80NSSC25K7581_080,naturally_expired,low,2026-07-30,No termination action in 3 transactions; period of performance ended 2026-04-22.,term=none;end=2026-04-22;n=3,,,P00002,2026-04-22,,3,,2026-07-30,2026-07-30,0,
80NSSC25K7593,ASST_NON_80NSSC25K7593_080,naturally_expired,low,2026-07-30,No termination action in 3 transactions; period of performance ended 2026-02-02.,term=none;end=2026-02-02;n=3,,,P00002,2026-02-02,,3,,2026-07-30,2026-07-30,0,
80NSSC25K7684,ASST_NON_80NSSC25K7684_080,naturally_expired,low,2026-07-30,No termination action in 2 transactions; period of performance ended 2026-03-19.,term=none;end=2026-03-19;n=2,,,P00001,2026-03-19,,2,,2026-07-30,2026-07-30,0,
80NSSC25K7833,ASST_NON_80NSSC25K7833_080,naturally_expired,low,2026-07-30,No termination action in 2 transactions; period of performance ended 2026-03-03.,term=none;end=2026-03-03;n=2,,,P00001,2026-03-03,,2,,2026-07-30,2026-07-30,0,
80NSSC25K7862,ASST_NON_80NSSC25K7862_080,naturally_expired,low,2026-07-30,No termination action in 2 transactions; period of performance ended 2026-04-22.,term=none;end=2026-04-22;n=2,,,P00001,2026-04-22,,2,,2026-07-30,2026-07-30,0,
80NSSC25M7096,ASST_NON_80NSSC25M7096_080,no_termination_signal,low,2026-07-30,No termination action found in 4 transactions.,term=none;n=4,,,P00003,2026-04-24,,4,,2026-07-30,2026-07-30,0,
80NSSC25PA014,CONT_AWD_80NSSC25PA014_8000_-NONE-_-NONE-,still_terminated,low,2026-07-30,"Terminated for convenience (F P00001 2025-04-08); no rescission, closeout, or new obligations in 0 later transactions.",term=F P00001 2025-04-08;term_mod=P00001;term_date=2025-04-08;post_n=0;post_obl=0.00;post_pos=0;n=2,P00001,2025-04-08,P00001,2025-04-08,0.00,2,,2026-07-30,2026-07-30,0,
80NSSC25PA068,CONT_AWD_80NSSC25PA068_8000_-NONE-_-NONE-,still_terminated,low,2026-07-30,"Terminated for convenience (F P00003 2025-04-08); no rescission, closeout, or new obligations in 0 later transactions.",term=F P00003 2025-04-08;term_mod=P00003;term_date=2025-04-08;post_n=0;post_obl=0.00;post_pos=0;n=4,P00003,2025-04-08,P00003,2025-04-08,0.00,4,,2026-07-30,2026-07-30,0,
80NSSC25PA110,CONT_AWD_80NSSC25PA110_8000_-NONE-_-NONE-,naturally_expired,low,2026-07-30,No termination action in 3 transactions; period of performance ended 2025-04-24.,term=none;end=2025-04-24;n=3,,,P00003,2025-05-19,,3,,2026-07-30,2026-07-30,0,
80NSSC25PA641,CONT_AWD_80NSSC25PA641_8000_-NONE-_-NONE-,still_terminated,low,2026-07-30,"Terminated for convenience (C P00002 2025-06-17); no rescission, closeout, or new obligations in 0 later transactions.",term=C P00002 2025-06-17;term_mod=P00002;term_date=2025-06-17;post_n=0;post_obl=0.00;post_pos=0;n=3,P00002,2025-06-17,P00002,2025-06-17,0.00,3,,2026-07-30,2026-07-30,0,
80NSSC25PA844,CONT_AWD_80NSSC25PA844_8000_-NONE-_-NONE-,still_terminated,low,2026-07-30,"Terminated for convenience (F P00001 2026-02-20); no rescission, closeout, or new obligations in 0 later transactions.",term=F P00001 2026-02-20;term_mod=P00001;term_date=2026-02-20;post_n=0;post_obl=0.00;post_pos=0;n=2,P00001,2026-02-20,P00001,2026-02-20,0.00,2,,2026-07-30,2026-07-30,0,
80NSSC25PA845,CONT_AWD_80NSSC25PA845_8000_-NONE-_-NONE-,excluded_by_design,high,2026-07-30,"Termination for cause/default (X P00001 2025-04-08) per USAspending transactions; contractor failure, not a policy cancellation.",cause=X P00001 2025-04-08;n=2,,,P00001,2025-04-08,,2,,2026-07-30,2026-07-30,0,
80NSSC25PA974,CONT_AWD_80NSSC25PA974_8000_-NONE-_-NONE-,naturally_expired,low,2026-07-30,No termination action in 2 transactions; period of performance ended 2025-05-12.,term=none;end=2025-05-12;n=2,,,P00001,2025-05-12,,2,,2026-07-30,2026-07-30,0,
80NSSC25PA999,CONT_AWD_80NSSC25PA999_8000_-NONE-_-NONE-,naturally_expired,low,2026-07-30,No termination action in 2 transactions; period of performance ended 2025-08-19.,term=none;end=2025-08-19;n=2,,,P00001,2025-07-21,,2,,2026-07-30,2026-07-30,0,
80NSSC25PB270,CONT_AWD_80NSSC25PB270_8000_-NONE-_-NONE-,still_terminated,low,2026-07-30,"Terminated for convenience (F P00001 2026-05-22); no rescission, closeout, or new obligations in 0 later transactions.",term=F P00001 2026-05-22;term_mod=P00001;term_date=2026-05-22;post_n=0;post_obl=0.00;post_pos=0;n=2,P00001,2026-05-22,P00001,2026-05-22,0.00,2,,2026-07-30,2026-07-30,0,
80NSSC25PB602,CONT_AWD_80NSSC25PB602_8000_-NONE-_-NONE-,still_terminated,low,2026-07-30,"Terminated for convenience (F P00002 2026-02-23); no rescission, closeout, or new obligations in 1 later transactions.",term=F P00002 2026-02-23;term_mod=P00002;term_date=2026-02-23;post_n=1;post_obl=0.00;post_pos=0;n=4,P00002,2026-02-23,P00003,2026-03-23,0.00,4,,2026-07-30,2026-07-30,0,
80NSSC25PC038,CONT_AWD_80NSSC25PC038_8000_-NONE-_-NONE-,naturally_expired,low,2026-07-30,No termination action in 2 transactions; period of performance ended 2025-12-11.,term=none;end=2025-12-11;n=2,,,P00001,2025-12-15,,2,,2026-07-30,2026-07-30,0,
80NSSC26FA089,CONT_AWD_80NSSC26FA089_8000_80NSSC24AA007_8000,no_termination_signal,low,2026-07-30,No termination action found in 2 transactions.,term=none;n=2,,,P00001,2026-02-23,,2,,2026-07-30,2026-07-30,0,
80NSSC26FA315,CONT_AWD_80NSSC26FA315_8000_NNG15SC71B_8000,naturally_expired,low,2026-07-30,No termination action in 2 transactions; period of performance ended 2026-07-01.,term=none;end=2026-07-01;n=2,,,P00001,2026-07-01,,2,,2026-07-30,2026-07-30,0,
80NSSC26M0002,ASST_NON_80NSSC26M0002_080,naturally_expired,low,2026-07-30,No termination action in 2 transactions; period of performance ended 2026-06-10.,term=none;end=2026-06-10;n=2,,,P00001,2026-06-10,,2,,2026-07-30,2026-07-30,0,
80NSSC26M0008,ASST_NON_80NSSC26M0008_080,no_termination_signal,low,2026-07-30,No termination action found in 3 transactions.,term=none;n=3,,,P00002,2026-03-30,,3,,2026-07-30,2026-07-30,0,
80NSSC26P0009,CONT_AWD_80NSSC26P0009_8000_-NONE-_-NONE-,still_terminated,low,2026-07-30,"Terminated for convenience (F P00001 2026-02-18); no rescission, closeout, or new obligations in 0 later transactions.",term=F P00001 2026-02-18;term_mod=P00001;term_date=2026-02-18;post_n=0;post_obl=0.00;post_pos=0;n=2,P00001,2026-02-18,P00001,2026-02-18,0.00,2,,2026-07-30,2026-07-30,0,
80NSSC26P0092,CONT_AWD_80NSSC26P0092_8000_-NONE-_-NONE-,no_termination_signal,low,2026-07-30,No termination action found in 3 transactions.,term=none;n=3,,,P00002,2026-06-17,,3,,2026-07-30,2026-07-30,0,
80NSSC26P0115,CONT_AWD_80NSSC26P0115_8000_-NONE-_-NONE-,no_termination_signal,low,2026-07-30,No termination action found in 2 transactions.,term=none;n=2,,,P00001,2026-01-21,,2,,2026-07-30,2026-07-30,0,
80NSSC26P0289,CONT_AWD_80NSSC26P0289_8000_-NONE-_-NONE-,still_terminated,low,2026-07-30,"Terminated for convenience (F P00001 2026-05-04); no rescission, closeout, or new obligations in 0 later transactions.",term=F P00001 2026-05-04;term_mod=P00001;term_date=2026-05-04;post_n=0;post_obl=0.00;post_pos=0;n=2,P00001,2026-05-04,P00001,2026-05-04,0.00,2,,2026-07-30,2026-07-30,0,
80NSSC26P0347,CONT_AWD_80NSSC26P0347_8000_-NONE-_-NONE-,still_terminated,low,2026-07-30,"Terminated for convenience (F P00001 2026-05-28); no rescission, closeout, or new obligations in 0 later transactions.",term=F P00001 2026-05-28;term_mod=P00001;term_date=2026-05-28;post_n=0;post_obl=0.00;post_pos=0;n=2,P00001,2026-05-28,P00001,2026-05-28,0.00,2,,2026-07-30,2026-07-30,0,
80NSSC26P0407,CONT_AWD_80NSSC26P0407_8000_-NONE-_-NONE-,still_terminated,low,2026-07-30,"Terminated for convenience (F P00001 2026-04-21); no rescission, closeout, or new obligations in 0 later transactions.",term=F P00001 2026-04-21;term_mod=P00001;term_date=2026-04-21;post_n=0;post_obl=0.00;post_pos=0;n=2,P00001,2026-04-21,P00001,2026-04-21,0.00,2,,2026-07-30,2026-07-30,0,
80NSSC26P0502,CONT_AWD_80NSSC26P0502_8000_-NONE-_-NONE-,still_terminated,low,2026-07-30,"Terminated for convenience (F P00001 2026-07-08); no rescission, closeout, or new obligations in 0 later transactions.",term=F P00001 2026-07-08;term_mod=P00001;term_date=2026-07-08;post_n=0;post_obl=0.00;post_pos=0;n=2,P00001,2026-07-08,P00001,2026-07-08,0.00,2,,2026-07-30,2026-07-30,0,
80SSC021F0001,CONT_AWD_80SSC021F0001_8000_80SSC021A0001_8000,still_terminated,low,2026-07-30,"Terminated for convenience (M P00004 2025-04-08); no rescission, closeout, or new obligations in 0 later transactions.",term=M P00004 2025-04-08;term_mod=P00004;term_date=2025-04-08;post_n=0;post_obl=0.00;post_pos=0;n=5,P00004,2025-04-08,P00004,2025-04-08,0.00,5,,2026-07-30,2026-07-30,0,
80SSC026C0002,CONT_AWD_80SSC026C0002_8000_-NONE-_-NONE-,naturally_expired,low,2026-07-30,No termination action in 2 transactions; period of performance ended 2026-04-20.,term=none;end=2026-04-20;n=2,,,P00001,2026-04-20,,2,,2026-07-30,2026-07-30,0,
80TECH25PA010,CONT_AWD_80TECH25PA010_8000_-NONE-_-NONE-,still_terminated,low,2026-07-30,"Terminated for convenience (F P00001 2025-02-26); no rescission, closeout, or new obligations in 0 later transactions.",term=F P00001 2025-02-26;term_mod=P00001;term_date=2025-02-26;post_n=0;post_obl=0.00;post_pos=0;n=2,P00001,2025-02-26,P00001,2025-02-26,0.00,2,,2026-07-30,2026-07-30,0,
NNG09FA40C,CONT_AWD_NNG09FA40C_8000_-NONE-_-NONE-,no_termination_signal,low,2026-07-30,No termination action found in 116 transactions.,term=none;n=116,,,115,2026-06-23,,116,descoped,2026-07-30,2026-07-30,0,
NNK14CA65T,CONT_AWD_NNK14CA65T_8000_GS21F0019X_4732,still_terminated,low,2026-07-30,"Terminated for convenience (F 1 2016-05-04); no rescission, closeout, or new obligations in 0 later transactions.",term=F 1 2016-05-04;term_mod=1;term_date=2016-05-04;post_n=0;post_obl=0.00;post_pos=0;n=2,1,2016-05-04,1,2016-05-04,0.00,2,,2026-07-30,2026-07-30,0,
NNM16AA08C,CONT_AWD_NNM16AA08C_8000_-NONE-_-NONE-,descoped,high,2026-07-30,Partial de-scope rather than full termination (M 44 2025-01-23) per USAspending transactions.,term=M 44 2025-01-23;term_mod=44;term_date=2025-01-23;post_n=14;post_obl=18329019.70;post_pos=10;n=59;descope=1,44,2025-01-23,P00058,2026-07-16,18329019.70,59,,2026-07-30,2026-07-30,0,
NNM16AA29C,CONT_AWD_NNM16AA29C_8000_-NONE-_-NONE-,needs_manual_review,none,2026-07-30,"Unrecognised action type(s) ['H', 'L'] and no termination signal; vocabulary may have drifted.","unknown=H,L;n=51",,,50,2025-06-02,,51,,2026-07-30,2026-07-30,0,
