award_id,generated_award_id,award_type,award_type_code,recipient_name,award_description,recipient_address1,recipient_address2,recipient_city,recipient_state,recipient_zip,recipient_district,pop_city,pop_state,pop_zip,pop_district,total_obligated,total_potential_value,original_end_date,max_end_date,current_end_date,days_shortened,last_action_date,transaction_count
80NSSC25C0059,CONT_AWD_80NSSC25C0059_8000_-NONE-_-NONE-,contract,D,CFD RESEARCH CORPORATION,PHASE II SBIR - GRIND: GENOMIC RAPID INSPECTION OF NON-ABUNDANT BACTERIA AFTER DECONTAMINATION,6820 MOQUIN DR NW,,HUNTSVILLE,AL,35806,05,HUNTSVILLE,AL,35806,05,849872.00,849872.00,2037-07-23,2037-07-23,2027-07-23,3653,2026-06-16,4
80JSC020D0017,CONT_IDV_80JSC020D0017_8000,idv,IDV_B_B,AXIOM SPACE INC,COMMERCIAL DESTINATION DEVELOPMENT IN LOW EARTH ORBIT (LEO) FREE FLYER (CDISS),1290 HERCULES AVE STE 100,,HOUSTON,TX,77058,36,,,,,95388846.00,140000000.00,2025-02-11,2035-02-11,2027-02-11,2922,2026-06-10,61
80NM0018F0614,CONT_AWD_80NM0018F0614_8000_80NM0018D0004_8000,contract,C,CALIFORNIA INSTITUTE OF TECHNOLOGY,U.S. PARTICIPATION IN RADAR FOR ICY MOON EXPLORATION (RIME) INSTRUMENT DEVELOPMENT FOR JUPITER ICY MOON EXPLORER (JUICE) 42-19087,4800 OAK GROVE DR,,PASADENA,CA,91109,28,PASADENA,CA,91109,28,22204837.00,23205976.00,2022-06-26,2036-03-30,2028-09-30,2738,2026-06-09,31
80NSSC23K1164,ASST_NON_80NSSC23K1164_080,grant,04,ARIZONA STATE UNIVERSITY,DETERMINING PHOBOS ORIGIN VIA THE OPAQUE MINERALOGY OF RETURNED SAMPLES,660 S MILL AVENUE STE 204,,TEMPE,AZ,85281,04,TEMPE,AZ,85281,04,4809.13,,2032-06-25,2032-06-25,2025-02-10,2692,2025-02-26,4
80LARC24DA009,CONT_IDV_80LARC24DA009_8000,idv,IDV_B_B,"AMENTUM TECHNOLOGY, INC.","CENTER MAINTENANCE, OPERATION, AND ENGINEERING II (CMOE II) SUPPORT SERVICES CONTRACT",600 WILLIAM NORTHERN BLVD,,TULLAHOMA,TN,37388,04,,,,,349894.00,973781846.00,2035-12-31,2035-12-31,2028-09-30,2648,2026-06-16,4
NNC15TB39T,CONT_AWD_NNC15TB39T_8000_DEAM3609GO29030_8900,contract,C,"ENERGY SYSTEMS GROUP, LLC",IGF::OT::IGF ENERGY SAVINGS PERFORMANCE UPGRADES FOR THE NASA/GLENN RESEARCH CENTER,4655 ROSEBUD LN,,NEWBURGH,IN,47630,08,CLEVELAND,OH,44135,11,19062241.69,26793734.68,2035-09-30,2037-06-30,2031-02-28,2314,2025-06-02,25
80KSC023DA010,CONT_IDV_80KSC023DA010_8000,idv,IDV_B_A,"AIR PRODUCTS AND CHEMICALS, INC",KENNEDY SPACE CENTER LIQUID HELIUM PURCHASE AND THE LEASE OF SIX LIQUID HELIUM PUMPS.,1940 AIR PRODUCTS BLVD,,ALLENTOWN,PA,18106,07,,,,,0.00,1633624481.43,2027-10-31,2032-10-31,2026-10-31,2192,2026-06-23,27
80GSFC26D0004,CONT_IDV_80GSFC26D0004_8000,idv,IDV_B_B,"VERSABILITY RESOURCES, INC.","THE CONTRACTOR SHALL PROVIDE ALL RESOURCES NECESSARY TO PERFORM FACILITIES CUSTODIAL, TRASH AND RECYCLING REMOVAL FOR WALLOPS FLIGHT FACILITY (WFF), IN ACCORDANCE WITH THE STATEMENT OF WORK AND ALL TASK ORDERS ISSUED HEREUNDER.",2520 58TH ST,,HAMPTON,VA,23661,03,,,,,975329.23,1300000.00,2031-12-31,2031-12-31,2026-07-31,1979,2026-07-27,8
NNJ15GU08A,ASST_NON_NNJ15GU08A_080,grant,05,"ALPHA SPACE TEST AND RESEARCH ALLIANCE, LLC",MATERIALS FOR ISS EXPERIMENT (MISSE-X),18050 SATURN LN STE 300,,HOUSTON,TX,77058,36,HOUSTON,TX,77058,36,6588256.00,,2024-06-30,2030-09-30,2025-07-15,1903,2025-07-14,14
80ARC024DA003,CONT_IDV_80ARC024DA003_8000,idv,IDV_B_B,"ANALYTICAL MECHANICS ASSOCIATES, INC.",AIRCRAFT AND SPACEFLIGHT SYSTEMS ENGINEERING SUPPORT SERVICES (ASSESS). FOCUSES ON RESEARCH AND TECHNOLOGY DEVELOPMENT SUPPORT AND RELATED SERVICES FOR THE EXPLORATION TECHNOLOGY AND AERONAUTICS.,21 ENTERPRISE PKWY,STE 300,HAMPTON,VA,23666,03,,,,,0.00,84096702.00,2025-08-31,2030-03-31,2025-03-31,1826,2025-03-04,5
80NSSC25K0024,ASST_NON_80NSSC25K0024_080,grant,04,HOWARD UNIVERSITY,CO-DESIGNING EARTH SYSTEM SCIENCE TRAINING AND RESEARCH PROGRAMS TO ACCELERATE MINORITY SERVING INSTITUTIONAL CAPABILITIES,2400 6TH ST NW,,WASHINGTON,DC,20059,98,WASHINGTON,DC,20059,98,0.00,,2030-05-27,2030-05-27,2025-09-04,1726,2025-09-10,2
80NSSC23M0115,ASST_NON_80NSSC23M0115_080,grant,05,THE JOHNS HOPKINS UNIVERSITY,DAVINCI A GIANT LEAP FORWARD IN VENUS EXPLORATION,3400 N CHARLES ST,,BALTIMORE,MD,21218,07,BALTIMORE,MD,21218,07,1475000.00,,2032-06-01,2032-06-01,2027-09-30,1706,2026-05-27,8
80NM0019F0014,CONT_AWD_80NM0019F0014_8000_80NM0018D0004_8000,contract,C,CALIFORNIA INSTITUTE OF TECHNOLOGY,"IND NETWORK SERVICES SUPPORT OF THE LUCY MISSION THE CONTRACT IS THE SPONSORING AGREEMENT BETWEEN THE NATIONAL AERONAUTICS AND SPACE ADMINISTRATION (NASA) AND THE CALIFORNIA INSTITUTE OF TECHNOLOGY (CONTRACTOR), A PRIVATE NONPROFIT EDUCATIONAL INSTITUTION, WHICH ESTABLISHES THE RELATIONSHIP FOR THE OPERATION OF THE FEDERALLY FUNDED RESEARCH AND DEVELOPMENT CENTER (FFRDC) KNOWN AS THE JET PROPULSION LABORATORY. THE CONTRACTOR, JPL, IS REQUIRED TO PERFORM WORK THAT IS DESIGNATED IN TASK ORDERS ISSUED BY THE NASA MANAGEMENT OFFICE (NMO) CONTRACTING OFFICERS. NASA - SPONSORED WORK: JPL'S PRIMARY MISSION IS TO SUPPORT THE NASA SCIENCE MISSION DIRECTORATE (SMD) IN CARRYING OUT THE SPECIFIC OBJECTIVES IDENTIFIED IN THE SMD SCIENCE PLAN. THE FOUR BROAD SCIENTIFIC AREAS ARE: EARTH SCIENCE, PLANETARY SCIENCE, HELIOPHYSICS, AND ASTROPHYSICS. IN PERFORMANCE OF THIS CONTRACT, JPL SHALL: 1) SUPPLY A BROAD BASE OF SCIENTIFIC AND TECHNICAL CAPABILITIES RELEVANT TO NASA PROGRAM AND PROJECT RESPONSIBILITIES AND ASSIGNMENTS. 2) FOSTER ITS UNIQUE RELATIONSHIP WITH A TOP-TIER UNIVERSITY TO FACILITATE THE INVOLVEMENT OF SCIENTISTS, ENGINEERS, AND STUDENTS FROM THE UNIVERSITY AND RESEARCH COMMUNITIES IN NASA MISSION AND IN SUPPORTING OTHER GOVERNMENT AGENCIES. 3) SUPPORT NASA IN ENABLING PROGRAM AND INSTITUTIONAL CAPABILITIES. 4) DEVELOP SPACECRAFT AND INSTRUMENTS THAT ARE SENT TO VARIOUS DESTINATIONS WITH OUR SOLAR SYSTEM, INCLUDING EARTH ORBIT, PLANETS, PLANETARY SATELLITES, ASTEROIDS, AND COMETS. THESE MISSIONS MAY BE ORBITERS, LANDERS, OR ROVERS, AND TYPICALLY INCLUDE CUTTING-EDGE TECHNOLOGIES REQUIRED TO MEET SCIENTIFIC REQUIREMENTS. 5) PERFORM PROJECT TASKS INVOLVING: (I) AUTONOMOUS DEEP-SPACE, INNER-SPACE AND EARTH-ORBITING SPACECRAFT OR MAJOR SUBSYSTEMS, (II) EXPERIMENTS, INSTRUMENTS, OR OTHER DEVICES WHICH MAY BE CARRIED AS PAYLOAD ON SPACECRAFTS IN MISSIONS MANAGED BY OTHERS, AND/OR (III) GROUND-BASED SYSTEMS. 6) BEYOND ITS PRIMARY MISSION, JPL MAY PERFORM WORK FOR OTHER NASA MISSION DIRECTORATES OR OFFICES. 7) JPL IS ALSO RESPONSIBLE FOR THE OPERATION, RESEARCH, TECHNOLOGY INSERTION, AND MANAGEMENT OF NASA S DEEP SPACE NETWORK TO PROVIDE TELECOMMUNICATION AND OPERATION SERVICES, INCLUDING DATA ACQUISITION AND DATA DELIVERY REQUIRED TO MEET ESTABLISHED AGENCY OBJECTIVES. 8) JPL IS ALSO REQUIRED TO MAINTAIN AND CONDUCT AN EDUCATION PROGRAM IN CLOSE COORDINATION WITH THE NASA HEADQUARTERS EDUCATION OFFICE, THE ACADEMIC COMMUNITY AT LARGE, AND IN SUPPORT TO NASA STRATEGIC OBJECTIVES TO IMPROVE STUDENT RETENTION IN THE SCIENCE, TECHNOLOGY, ENGINEERING, AND MATHEMATICS (STEM) DISCIPLINES. WORK FOR NON-NASA SPONSORS: JPL MAY PERFORM WORK FOR NON-NASA SPONSORS. THIS WORK WILL BE DESIGNATED IN TASK ORDERS ISSUED BY NMO CONTRACTING OFFICERS BASED ON TASK PLANS INITIATED BY THE CONTRACTOR.",4800 OAK GROVE DR,,PASADENA,CA,91109,28,PASADENA,CA,91109,28,1957209.00,2934776.00,2022-01-06,2033-05-29,2028-09-30,1702,2026-05-18,17
80AFRC25D0001,CONT_IDV_80AFRC25D0001_8000,idv,IDV_A,"DYNOTEC-KZF JV, LLC","ARCHITECT-ENGINEER (A-E) SERVICES FOR DESIGN AND RELATED SERVICES IN SUPPORT OF GENERAL CONSTRUCTION, ALTERATION, MODIFICATION, MAINTENANCE AND REPAIR, NEW CONSTRUCTION OF BUILDINGS, FACILITIES, AND REAL PROPERTY.",2931 E DUBLIN GRANVILLE RD STE 200,,COLUMBUS,OH,43231,03,,,,,0.00,75000000.00,2030-07-13,2030-07-13,2025-12-02,1684,2025-12-02,2
80AFRC25D0005,CONT_IDV_80AFRC25D0005_8000,idv,IDV_A,"AECOM TECHNICAL SERVICES, INC.","ARCHITECT-ENGINEER (A-E) SERVICES FOR DESIGN AND RELATED SERVICES IN SUPPORT OF GENERAL CONSTRUCTION, ALTERATION, MODIFICATION, MAINTENANCE AND REPAIR, NEW CONSTRUCTION OF BUILDINGS, FACILITIES, AND REAL PROPERTY.",300 S GRAND AVE,FL 9,LOS ANGELES,CA,90071,34,,,,,0.00,75000000.00,2030-07-13,2030-07-13,2025-12-02,1684,2025-12-02,2
80AFRC25D0002,CONT_IDV_80AFRC25D0002_8000,idv,IDV_A,G SQUARED DESIGN LLC,"ARCHITECT-ENGINEER (A-E) SERVICES FOR DESIGN AND RELATED SERVICES IN SUPPORT OF GENERAL CONSTRUCTION, ALTERATION, MODIFICATION, MAINTENANCE AND REPAIR, NEW CONSTRUCTION OF BUILDINGS, FACILITIES, AND REAL PROPERTY.",10920 W ALAMEDA AVE,STE 100,LAKEWOOD,CO,80226,07,,,,,0.00,75000000.00,2030-07-13,2030-07-13,2025-12-02,1684,2025-12-02,2
80AFRC25D0006,CONT_IDV_80AFRC25D0006_8000,idv,IDV_A,JACOBS ENGINEERING GROUP INC.,"ARCHITECT-ENGINEER (A-E) SERVICES FOR DESIGN AND RELATED SERVICES IN SUPPORT OF GENERAL CONSTRUCTION, ALTERATION, MODIFICATION, MAINTENANCE AND REPAIR, NEW CONSTRUCTION OF BUILDINGS, FACILITIES, AND REAL PROPERTY.",1100 N GLEBE RD STE 500,,ARLINGTON,VA,22201,08,,,,,0.00,75000000.00,2030-07-13,2030-07-13,2025-12-02,1684,2025-12-02,2
80AFRC25D0007,CONT_IDV_80AFRC25D0007_8000,idv,IDV_A,"MERRICK-IMEG JOINT VENTURE, LLP","ARCHITECT-ENGINEER (A-E) SERVICES FOR DESIGN AND RELATED SERVICES IN SUPPORT OF GENERAL CONSTRUCTION, ALTERATION, MODIFICATION, MAINTENANCE AND REPAIR, NEW CONSTRUCTION OF BUILDINGS, FACILITIES, AND REAL PROPERTY.",8051 E MAPLEWOOD AVE STE 300,,GREENWOOD VILLAGE,CO,80111,06,,,,,0.00,75000000.00,2030-07-13,2030-07-13,2025-12-02,1684,2025-12-02,2
80AFRC25D0004,CONT_IDV_80AFRC25D0004_8000,idv,IDV_A,STELL SIA SALAS O'BRIEN LLC,"ARCHITECT-ENGINEER (A-E) SERVICES FOR DESIGN AND RELATED SERVICES IN SUPPORT OF GENERAL CONSTRUCTION, ALTERATION, MODIFICATION, MAINTENANCE AND REPAIR, NEW CONSTRUCTION OF BUILDINGS, FACILITIES, AND REAL PROPERTY.",6100 219TH ST SW,STE 480,MOUNTLAKE TERRACE,WA,98043,01,,,,,0.00,75000000.00,2030-07-13,2030-07-13,2025-12-02,1684,2025-12-02,2
80TECH25A0002,CONT_IDV_80TECH25A0002_8000,idv,IDV_E,STERLING COMPUTERS CORPORATION,DELL BRAND NAME MULTIPLE AWARD BLANKET PURCHASE AGREEMENT FOR COMPUTE AND STORAGE SYSTEMS UNDER DELL'S ENTERPRISE LINE OF BUSINESS,303 CENTENNIAL DR,,NORTH SIOUX CITY,SD,57049,00,,,,,0.00,235000000.00,2030-07-01,2030-07-01,2025-12-12,1662,2025-12-12,2
80NSSC25K7045,ASST_NON_80NSSC25K7045_080,grant,04,KUTZTOWN UNIVERSITY OF PENNSYLVANIA,HERE TO OBSERVE (H2O) + HERE TO STORYTELL (H2S),15200 KUTZTOWN RD,,KUTZTOWN,PA,19530,04,KUTZTOWN,PA,19530,04,74992.00,,2029-10-06,2029-10-06,2025-03-21,1660,2025-03-21,3
80NSSC26M0002,ASST_NON_80NSSC26M0002_080,grant,05,UNIVERSITY OF WASHINGTON,THE GOAL OF THE NASA'S ASTROBIOLOGY PROGRAM IS THE STUDY OF THE ORIGINS EVOLUTION AND DISTRIBUTION OF LIFE IN THE UNIVERSE. IT IS CENTRAL TO NASA'S CONTINUED EXPLORATION OF OUR SOLAR SYSTEM AND BEYOND. RESEARCH IS CENTERED ON THE ORIGIN AND EARLY E,4333 BROOKLYN AVE NE,,SEATTLE,WA,98195,07,MOUNTAIN VIEW,CA,94043,16,0.00,,2030-12-18,2030-12-18,2026-06-10,1652,2026-06-10,2
80MSFC23DA003,CONT_IDV_80MSFC23DA003_8000,idv,IDV_B_C,"MM TECHNOLOGIES, LLC","NASA FINANCIAL SUPPORT SERVICES (NFSS) CONTRACT WILL PROVIDE FINANCIAL SERVICES IN SUPPORT OF THE AGENCY AND CENTER CHIEF FINANCIAL OFFICERS (CFOS) AS WELL AS NASA MISSIONS, PROGRAMS, PROJECTS, AND INSTITUTIONAL OFFICES.",1525 PERIMETER PKWY NW STE 115,,HUNTSVILLE,AL,35806,05,,,,,92548647.77,516900000.00,2025-02-28,2031-09-01,2027-02-28,1646,2026-07-23,52
80TECH24AA004,CONT_IDV_80TECH24AA004_8000,idv,IDV_E,INFO-TECH RESEARCH GROUP INC,"TACTICAL ENGAGEMENTS BLANKET PURCHASING AGREEMENT (BPA). NASA REQUIRES SUBSCRIPTION ACCESS TO IT RESEARCH LIBRARY MEMBERSHIPS, IT PRODUCT IMPLEMENTATION TOOLKITS, ANALYST SUPPORT, AND WORKSHOP FACILITATION SO NASA MAY FULLY LEVERAGE THESE RESOURCES.",3960 HOWARD HUGHES PKWY,STE 500,LAS VEGAS,NV,89169,01,,,,,0.00,7500000.00,2029-09-15,2029-09-15,2025-03-14,1646,2025-03-21,4
80NSSC25K7922,ASST_NON_80NSSC25K7922_080,grant,04,FLORIDA MAXIMA CORPORATION,24-24FLAG_2-0053 CREW ADAPTIVE DECISION MAKING UNDER STRESS (CADMUS) AND CREW DECISION SUPPORT SYSTEM (CDSS): DEVELOPMENT VALIDATION AND PROOF-OF-CONCEPT,6415 TURTLEMOUND RD,,NEW SMYRNA BEACH,FL,32169,07,NEW SMYRNA BEACH,FL,32169,07,215000.00,,2030-03-02,2030-03-02,2025-09-30,1614,2025-11-18,3
80NSSC24AA015,CONT_IDV_80NSSC24AA015_8000,idv,IDV_E,BOOZ ALLEN HAMILTON INC,THIS BLANKET PURCHASE AGREEMENT (BPA) IS FOR NASA CHANGE MANAGEMENT SUPPORT SERVICES,8283 GREENSBORO DR,,MCLEAN,VA,22102,11,,,,,0.00,15000000.00,2029-07-15,2029-07-15,2025-03-12,1586,2025-03-13,5
80NSSC24AA012,CONT_IDV_80NSSC24AA012_8000,idv,IDV_E,GUIDEHOUSE INC.,HIS BLANKET PURCHASE AGREEMENT (BPA) IS FOR NASA CHANGE MANAGEMENT SUPPORT SERVICES,1676 INTERNATIONAL DR STE 800,,MC LEAN,VA,22102,11,,,,,0.00,15000000.00,2029-07-15,2029-07-15,2025-03-12,1586,2025-03-13,5
80NSSC24AA013,CONT_IDV_80NSSC24AA013_8000,idv,IDV_E,"MCKINSEY & COMPANY, INC. WASHINGTON D.C.",THIS BLANKET PURCHASE AGREEMENT (BPA) IS FOR NASA CHANGE MANAGEMENT SUPPORT SERVICES,1200 19TH ST NW STE 1000,,WASHINGTON,DC,20036,98,,,,,0.00,15000000.00,2029-07-15,2029-07-15,2025-03-12,1586,2025-03-13,5
80NSSC25K7246,ASST_NON_80NSSC25K7246_080,grant,04,THE REGENTS OF THE UNIVERSITY OF COLORADO,THE MULTI-TEAM SYSTEM COULD TAKE ON NEW MEANING IN CONTEXT OF FUTURE MISSIONS (LANDON ET AL. 2015 MARQUEZ ET AL. 2022). AS NOTED ABOVE FUTURE ARTEMIS MISSIONS WILL INCLUDE TIMES OF SPLIT CREW ON THE LUNAR SURFACE AND/OR WITH A (TWO TO FOUR PERSON) TEAM ON THE GATEWAY AS WELL AS WITH MISSION CONTROL BACK ON EARTH. WE NEED TO UNDERSTAND THE IMPACT OF THE ANTICIPATED 5-14 SECOND LUNAR DELAYS FOR TEAM PERFORMANCE AND FUNCTIONING AS WELL AS SPACE-TO-GROUND COORDINATION AND TEST AND VALIDATE COUNTERMEASURES FOR THESE IMPACTS IN AN ARTEMIS LIKE ENVIRONMENT.,3100 MARINE ST,STE 481 572 UCB,BOULDER,CO,80309,02,BOULDER,CO,80309,02,225000.00,,2029-09-24,2029-12-31,2025-09-30,1553,2025-08-12,4
80GSFC23CA032,CONT_AWD_80GSFC23CA032_8000_-NONE-_-NONE-,contract,D,UNIVERSITY OF MARYLAND BALTIMORE COUNTY,GEOSPACE DYNAMICS CONSTELLATION (GDC) MODULAR SPECTROMETER FOR ATMOSPHERE AND IONOSPHERE CHARACTERIZATION (MOSAIC) INSTRUMENT INVESTIGATION. ORIGINAL AO NNH17ZDA004O-GDC,1000 HILLTOP CIR,,BALTIMORE,MD,21250,07,BALTIMORE,MD,21250,07,885525.56,885525.56,2029-12-29,2029-12-29,2025-09-30,1551,2026-07-30,12
80NM0023F0003,CONT_AWD_80NM0023F0003_8000_80NM0018D0004_8000,contract,C,CALIFORNIA INSTITUTE OF TECHNOLOGY,"AIRBORNE VISIBLE/INFRARED IMAGING SPECTROMETER (AVIRIS) FOR NASA SCIENCE RESEARCH AND APPLICATIONS RESEARCH, FY23 TO FY32 (83-202669)",4800 OAK GROVE DR,,PASADENA,CA,91109,28,PASADENA,CA,91109,28,20266155.00,27220984.00,2032-11-21,2032-11-21,2028-09-30,1513,2026-07-20,35
80JSC025F0042,CONT_AWD_80JSC025F0042_8000_80JSC025D0068_8000,contract,C,"KBR WYLE SERVICES, LLC",HHPC2 TO,7515 MISSION DR,,LANHAM,MD,20706,04,HOUSTON,TX,77058,36,178618867.85,1291262400.00,2030-10-31,2030-10-31,2026-09-30,1492,2026-07-28,68
80JSC023DA017,CONT_IDV_80JSC023DA017_8000,idv,IDV_B_B,"YULISTA SOLUTIONS, LLC","CHARLES CONTRACT TO PROVIDE SUPPORT FOR AIRCRAFT AT JSC. NCLUDE AIRCRAFT MAINTENANCE, FLIGHT OPERATIONS, ENGINEERING, LIFECYCLE, QUALITY, SAFETY, AND OTHER RELATED SUPPORT FOR A VARIETY OF AIRFRAMES, ENGINES, APPLIANCES, AND SUPPORT EQUIPMENT",8600 ADVANCED GTWY SW,,HUNTSVILLE,AL,35808,05,,,,,3339106.63,540000000.00,2030-09-30,2030-09-30,2026-09-30,1461,2026-06-08,61
80GSFC26F0006,CONT_AWD_80GSFC26F0006_8000_47QRCA25DU237_4732,contract,C,NORTHROP GRUMMAN SYSTEMS CORPORATION,"THE OBJECTIVE OF THIS EFFORT IS TO ENHANCE, BUILD UPON, AND MAINTAIN THE ATMOSPHERIC MODELING AND SIMULATION CAPABILITIES DEVELOPED IN PREVIOUS CONTRACT ITERATIONS.",7575 COLSHIRE DR # 1,,MCLEAN,VA,22102,11,HERNDON,VA,20171,11,1000358.00,10224114.00,2031-01-03,2031-01-03,2027-01-03,1461,2026-05-11,3
80KSC020C0024,CONT_AWD_80KSC020C0024_8000_-NONE-_-NONE-,contract,D,"AIRBUS HELICOPTERS, INC.",FLIGHT OPERATIONS AND MAINTENANCE FOR AIRCRAFT SERVICES.,2701 N FORUM DR,,GRAND PRAIRIE,TX,75052,30,ORLANDO,FL,32899,08,8833830.37,15488882.37,2022-09-30,2030-09-30,2026-09-30,1461,2026-06-12,23
80NM0018F0851,CONT_AWD_80NM0018F0851_8000_80NM0018D0004_8000,contract,C,CALIFORNIA INSTITUTE OF TECHNOLOGY,"EMIT (EARTH SURFACE MINERAL DUST SOURCE INVESTIGATION) THE CONTRACT IS THE SPONSORING AGREEMENT BETWEEN THE NATIONAL AERONAUTICS AND SPACE ADMINISTRATION (NASA) AND THE CALIFORNIA INSTITUTE OF TECHNOLOGY (CONTRACTOR), A PRIVATE NONPROFIT EDUCATIONAL INSTITUTION, WHICH ESTABLISHES THE RELATIONSHIP FOR THE OPERATION OF THE FEDERALLY FUNDED RESEARCH AND DEVELOPMENT CENTER (FFRDC) KNOWN AS THE JET PROPULSION LABORATORY. THE CONTRACTOR, JPL, IS REQUIRED TO PERFORM WORK THAT IS DESIGNATED IN TASK ORDERS ISSUED BY THE NASA MANAGEMENT OFFICE (NMO) CONTRACTING OFFICERS. NASA - SPONSORED WORK: JPL'S PRIMARY MISSION IS TO SUPPORT THE NASA SCIENCE MISSION DIRECTORATE (SMD) IN CARRYING OUT THE SPECIFIC OBJECTIVES IDENTIFIED IN THE SMD SCIENCE PLAN. THE FOUR BROAD SCIENTIFIC AREAS ARE: EARTH SCIENCE, PLANETARY SCIENCE, HELIOPHYSICS, AND ASTROPHYSICS. IN PERFORMANCE OF THIS CONTRACT, JPL SHALL: 1) SUPPLY A BROAD BASE OF SCIENTIFIC AND TECHNICAL CAPABILITIES RELEVANT TO NASA PROGRAM AND PROJECT RESPONSIBILITIES AND ASSIGNMENTS. 2) FOSTER ITS UNIQUE RELATIONSHIP WITH A TOP-TIER UNIVERSITY TO FACILITATE THE INVOLVEMENT OF SCIENTISTS, ENGINEERS, AND STUDENTS FROM THE UNIVERSITY AND RESEARCH COMMUNITIES IN NASA MISSION AND IN SUPPORTING OTHER GOVERNMENT AGENCIES. 3) SUPPORT NASA IN ENABLING PROGRAM AND INSTITUTIONAL CAPABILITIES. 4) DEVELOP SPACECRAFT AND INSTRUMENTS THAT ARE SENT TO VARIOUS DESTINATIONS WITH OUR SOLAR SYSTEM, INCLUDING EARTH ORBIT, PLANETS, PLANETARY SATELLITES, ASTEROIDS, AND COMETS. THESE MISSIONS MAY BE ORBITERS, LANDERS, OR ROVERS, AND TYPICALLY INCLUDE CUTTING-EDGE TECHNOLOGIES REQUIRED TO MEET SCIENTIFIC REQUIREMENTS. 5) PERFORM PROJECT TASKS INVOLVING: (I) AUTONOMOUS DEEP-SPACE, INNER-SPACE AND EARTH-ORBITING SPACECRAFT OR MAJOR SUBSYSTEMS, (II) EXPERIMENTS, INSTRUMENTS, OR OTHER DEVICES WHICH MAY BE CARRIED AS PAYLOAD ON SPACECRAFTS IN MISSIONS MANAGED BY OTHERS, AND/OR (III) GROUND-BASED SYSTEMS. 6) BEYOND ITS PRIMARY MISSION, JPL MAY PERFORM WORK FOR OTHER NASA MISSION DIRECTORATES OR OFFICES. 7) JPL IS ALSO RESPONSIBLE FOR THE OPERATION, RESEARCH, TECHNOLOGY INSERTION, AND MANAGEMENT OF NASA S DEEP SPACE NETWORK TO PROVIDE TELECOMMUNICATION AND OPERATION SERVICES, INCLUDING DATA ACQUISITION AND DATA DELIVERY REQUIRED TO MEET ESTABLISHED AGENCY OBJECTIVES. 8) JPL IS ALSO REQUIRED TO MAINTAIN AND CONDUCT AN EDUCATION PROGRAM IN CLOSE COORDINATION WITH THE NASA HEADQUARTERS EDUCATION OFFICE, THE ACADEMIC COMMUNITY AT LARGE, AND IN SUPPORT TO NASA STRATEGIC OBJECTIVES TO IMPROVE STUDENT RETENTION IN THE SCIENCE, TECHNOLOGY, ENGINEERING, AND MATHEMATICS (STEM) DISCIPLINES. WORK FOR NON-NASA SPONSORS: JPL MAY PERFORM WORK FOR NON-NASA SPONSORS. THIS WORK WILL BE DESIGNATED IN TASK ORDERS ISSUED BY NMO CONTRACTING OFFICERS BASED ON TASK PLANS INITIATED BY THE CONTRACTOR.",4800 OAK GROVE DR,,PASADENA,CA,91109,28,PASADENA,CA,91109,28,109055342.00,125385445.00,2024-10-01,2032-09-30,2028-09-30,1461,2026-08-04,48
80TECH26F0005,CONT_AWD_80TECH26F0005_8000_80TECH26A0001_8000,contract,A,NEXTROW INC,THIS BPA CALL IS FOR THE ANNUAL NASA ADOBE AEM RENEWAL PER QUOTE # 50703051 DATED 12/04/2025.,1450 AMERICAN LN,STE 1050,SCHAUMBURG,IL,60173,08,WASHINGTON,DC,20546,98,1404879.04,1404879.04,2030-11-24,2030-11-24,2026-12-05,1450,2026-01-21,3
80TECH26F0004,CONT_AWD_80TECH26F0004_8000_80TECH26A0001_8000,contract,A,NEXTROW INC,ADOBE AGENCY-WIDE RENEWAL POP: 12/06/2025-12/05/2026,1450 AMERICAN LN,STE 1050,SCHAUMBURG,IL,60173,08,WASHINGTON,DC,20546,98,2220547.13,2220547.13,2030-11-24,2030-11-24,2026-12-05,1450,2026-01-21,3
80JSC021DA016,CONT_IDV_80JSC021DA016_8000,idv,IDV_B_B,"ROHMANN SERVICES, INC.",CALIBRATION AND METROLOGY SERVICES,2349 S WW WHITE RD,,SAN ANTONIO,TX,78222,28,,,,,14934796.59,15161267.67,2022-08-31,2030-08-31,2026-09-30,1431,2026-07-29,85
80NSSC25K0045,ASST_NON_80NSSC25K0045_080,grant,04,THE REGENTS OF THE UNIVERSITY OF COLORADO,MONITORING STRATOSPHERIC WATER VAPOR IN THE ABSENCE OF AURA MLS: ENSURING THE CONTINUITY OF THREE LONG-TERM NOAA FROST POINT HYGROMETER RECORDS OF UPPER TROPOSPHERIC AND STRATOSPHERIC WATER VAPOR,3100 MARINE ST,STE 481 572 UCB,BOULDER,CO,80309,02,BOULDER,CO,80309,02,0.00,,2029-06-14,2029-06-14,2025-09-04,1379,2025-09-10,2
80NM0023F0036,CONT_AWD_80NM0023F0036_8000_80NM0018D0004_8000,contract,C,CALIFORNIA INSTITUTE OF TECHNOLOGY,IND SUPPORT OF NANCY GRACE ROMAN SPACE TELESCOPE (91-109279),4800 OAK GROVE DR,,PASADENA,CA,91109,28,PASADENA,CA,91109,28,1159414.00,1246387.00,2032-07-08,2032-07-08,2028-09-30,1377,2026-06-22,10
80NM0021F0010,CONT_AWD_80NM0021F0010_8000_80NM0018D0004_8000,contract,C,CALIFORNIA INSTITUTE OF TECHNOLOGY,JPL SUPPORT FOR LIBERA (83-109031),4800 OAK GROVE DR,,PASADENA,CA,91109,28,PASADENA,CA,91109,28,1426447.00,1916328.00,2032-06-27,2032-06-27,2028-09-30,1366,2026-06-27,7
80MSFC24F0067,CONT_AWD_80MSFC24F0067_8000_80MSFC20D0004_8000,contract,C,THE JOHNS HOPKINS UNIVERSITY APPLIED PHYSICS LABORATORY LLC,HERE TO OBSERVE (H2O) SUPPORT FOR PLANETARY SCIENCE DIVISION (PSD) MISSIONS,11100 JOHNS HOPKINS RD,,LAUREL,MD,20723,03,LAUREL,MD,20723,03,61257.49,61257.49,2028-09-30,2028-09-30,2025-01-23,1346,2025-04-21,4
80NSSC25K7248,ASST_NON_80NSSC25K7248_080,grant,04,"UNIVERSITY OF MARYLAND, COLLEGE PARK",ENHANCING PERFORMANCE AND COMMUNICATION FOR DISTRIBUTED TEAMS DURING LUNAR SPACEWALKS,3112 LEE BUILDING,,COLLEGE PARK,MD,20742,04,COLLEGE PARK,MD,20742,04,25000.00,,2029-09-30,2029-11-12,2026-03-10,1343,2026-03-27,3
80NSSC24K0113,ASST_NON_80NSSC24K0113_080,grant,04,UNIVERSITY OF ARKANSAS SYSTEM,HERE TO OBSERVE FROM UAPB,1200 UNIVERSITY DR STOP 4984,,PINE BLUFF,AR,71601,04,PINE BLUFF,AR,71601,04,0.00,,2028-10-17,2028-10-17,2025-03-21,1306,2026-05-12,5
80NSSC24K0114,ASST_NON_80NSSC24K0114_080,grant,04,OHIO AEROSPACE INSTITUTE,HERE TO OBSERVE (H2O) - OHIO AND PUERTO RICO SPACE GRANT CONSORTIUMS,22800 CEDAR POINT RD,,BROOK PARK,OH,44142,07,BROOK PARK,OH,44142,07,94143.09,,2028-10-17,2028-10-17,2025-03-21,1306,2026-03-20,4
80NSSC24K0115,ASST_NON_80NSSC24K0115_080,grant,04,VIRGINIA STATE UNIVERSITY,23H2O230009 VIRGINIA STATE UNIVERSITY NASA H2O PROGRAM,1 HAYDEN DR,,PETERSBURG,VA,23803,04,PETERSBURG,VA,23803,04,0.00,,2028-10-17,2028-10-17,2025-03-21,1306,2025-09-25,4
80NM0024F0036,CONT_AWD_80NM0024F0036_8000_80NM0018D0004_8000,contract,C,CALIFORNIA INSTITUTE OF TECHNOLOGY,IND NETWORK SERVICES SUPPORT OF THE OSIRIS APEX MISSION (91-216754),4800 OAK GROVE DR,,PASADENA,CA,91109,28,PASADENA,CA,91109,28,1129803.00,2533815.00,2032-04-21,2032-04-21,2028-09-30,1299,2026-03-26,6
80NSSC23AA019,CONT_IDV_80NSSC23AA019_8000,idv,IDV_E,JONES AND COMPANY PROFESSIONAL CORPORATION,AUDIT SERVICES,515 S FLOWER STREET 18TH FLOOR,,LOS ANGELES,CA,90071,34,,,,,0.00,250000.00,2028-09-30,2028-09-30,2025-03-18,1292,2025-03-18,2
80NM0023F0005,CONT_AWD_80NM0023F0005_8000_80NM0018D0004_8000,contract,C,CALIFORNIA INSTITUTE OF TECHNOLOGY,FY2023 1ST QUARTER FIXED FEE: THE FIXED FEE IS FOR THE CONTRACT/SPONSORING AGREEMENT BETWEEN THE NASA AND THE CALTECH OPERATION OF THE FFRDC KNOWN AS THE JPL.,4800 OAK GROVE DR,,PASADENA,CA,91109,28,PASADENA,CA,91109,28,31000000.00,31000000.00,2028-09-30,2028-09-30,2025-03-31,1279,2025-03-27,9
80NM0021F0039,CONT_AWD_80NM0021F0039_8000_80NM0018D0004_8000,contract,C,CALIFORNIA INSTITUTE OF TECHNOLOGY,FY 2021 3RD QUARTER FIXED FEE,4800 OAK GROVE DR,,PASADENA,CA,91109,28,PASADENA,CA,91109,28,7742758.73,7742758.73,2023-09-30,2028-09-30,2025-03-31,1279,2025-03-27,8
80NM0022F0008,CONT_AWD_80NM0022F0008_8000_80NM0018D0004_8000,contract,C,CALIFORNIA INSTITUTE OF TECHNOLOGY,FY 2022 1ST QUARTER FIXED FEE,4800 OAK GROVE DR,,PASADENA,CA,91109,28,PASADENA,CA,91109,28,31000000.00,31000000.00,2028-09-30,2028-09-30,2025-03-31,1279,2025-06-10,14
80NM0024F0006,CONT_AWD_80NM0024F0006_8000_80NM0018D0004_8000,contract,C,CALIFORNIA INSTITUTE OF TECHNOLOGY,FY2024 - 1ST QUARTER FIXED FEE: THE FIXED FEE IS FOR THE CONTRACT/SPONSORING AGREEMENT BETWEEN THE NASA AND THE CALTECH OPERATION OF THE FFRDC KNOWN AS THE JPL.,4800 OAK GROVE DR,,PASADENA,CA,91109,28,PASADENA,CA,91109,28,31000000.00,31000000.00,2028-09-30,2028-09-30,2025-03-31,1279,2025-03-27,7
80NSSC24K1854,ASST_NON_80NSSC24K1854_080,grant,04,"OHIO STATE UNIVERSITY, THE",COMMERCIAL IMAGERY ELEVATION RETRIEVAL SUPPORT FOR NASA.GSFC,1960 KENNY RD,,COLUMBUS,OH,43210,03,COLUMBUS,OH,43210,03,73425.33,,2028-08-30,2028-08-30,2025-04-04,1244,2026-03-18,3
80NSSC24K1232,ASST_NON_80NSSC24K1232_080,grant,04,TRUSTEES OF TUFTS COLLEGE,ENVIRONMENTAL JUSTICE & PUBLIC HEALTH: CLIMATE LAND & (HEALTH) OUTCOME OF DENGUE FEVER (CLOUD),169 HOLLAND ST,,SOMERVILLE,MA,02144,07,SOMERVILLE,MA,02144,07,169287.92,,2028-07-14,2028-07-14,2025-03-21,1211,2025-08-12,3
80NSSC25K0237,ASST_NON_80NSSC25K0237_080,grant,04,MASSACHUSETTS INSTITUTE OF TECHNOLOGY,NSTGRO IS A FELLOWSHIP OPPORTUNITY FOCUSED ON GRADUATE STUDENT RESEARCH AND DEVELOPMENT OF ADVANCED AND INNOVATIVE SPACE TECHNOLOGIES CRITICAL FOR OUR NATION TO MEET ITS GOALS TO EXPLORE AND UNDERSTAND THE EARTH OUR SOLAR SYSTEM AND THE UNIVERSE.,77 MASSACHUSETTS AVE,,CAMBRIDGE,MA,02139,07,CAMBRIDGE,MA,02139,07,168000.00,,2029-08-28,2029-08-28,2026-05-28,1188,2026-05-21,3
80AFRC24FA015,CONT_AWD_80AFRC24FA015_8000_80AFRC24DA002_8000,contract,C,NEAR SPACE CORP,MINIMUM GUARANTEED,5755 LONG PRAIRIE RD,,TILLAMOOK,OR,97141,01,TILLAMOOK,OR,97141,01,25000.00,25000.00,2029-02-28,2029-02-28,2025-11-30,1186,2025-09-29,2
80AFRC24FA024,CONT_AWD_80AFRC24FA024_8000_80AFRC24DA011_8000,contract,C,ASTROBOTIC TECHNOLOGY INC,MINIMUM GUARANTEED,1016 N LINCOLN AVE,,PITTSBURGH,PA,15233,12,PITTSBURGH,PA,15233,12,25000.00,25000.00,2029-02-28,2029-02-28,2025-11-30,1186,2025-10-23,4
80NSSC24K1345,ASST_NON_80NSSC24K1345_080,grant,04,PURDUE UNIVERSITY,ROBUST OPTIMAL CONTROL OF SPACECRAFT TRANSLATIONAL-ROTATIONAL COUPLED MOTION UNDER UNCERTAINTY,2550 NORTHWESTERN AVE # 1100,,WEST LAFAYETTE,IN,47906,04,WEST LAFAYETTE,IN,47906,04,53059.56,,2028-07-31,2028-07-31,2025-05-07,1181,2026-04-30,3
80NSSC21K1488,ASST_NON_80NSSC21K1488_080,grant,04,SPACE HAZARDS APPLICATIONS LLC,UNDERSTANDING SPECIFICATION AND PREDICTION OF LUNAR SPACE WEATHER,1909 ARAPAHOE ST,,GOLDEN,CO,80401,07,GOLDEN,CO,80401,07,535072.47,,2026-08-31,2028-08-31,2025-06-17,1171,2025-06-17,6
80NSSC24AA010,CONT_IDV_80NSSC24AA010_8000,idv,IDV_E,"BRYCE SPACE AND TECHNOLOGY, LLC",THIS BLANKET PURCHASE AGREEMENT (BPA) IS FOR NASA CHANGE MANAGEMENT SUPPORT SERVICES.,1737 KING ST STE 601,,ALEXANDRIA,VA,22314,08,,,,,0.00,15000000.00,2029-07-15,2029-07-15,2026-05-19,1153,2026-05-21,5
80NM0018F0645,CONT_AWD_80NM0018F0645_8000_80NM0018D0004_8000,contract,C,CALIFORNIA INSTITUTE OF TECHNOLOGY,"PSYCHE: JOURNEY TO A METAL WORLD THE CONTRACT IS THE SPONSORING AGREEMENT BETWEEN THE NATIONAL AERONAUTICS AND SPACE ADMINISTRATION (NASA) AND THE CALIFORNIA INSTITUTE OF TECHNOLOGY (CONTRACTOR), A PRIVATE NONPROFIT EDUCATIONAL INSTITUTION, WHICH ESTABLISHES THE RELATIONSHIP FOR THE OPERATION OF THE FEDERALLY FUNDED RESEARCH AND DEVELOPMENT CENTER (FFRDC) KNOWN AS THE JET PROPULSION LABORATORY. THE CONTRACTOR, JPL, IS REQUIRED TO PERFORM WORK THAT IS DESIGNATED IN TASK ORDERS ISSUED BY THE NASA MANAGEMENT OFFICE (NMO) CONTRACTING OFFICERS. NASA - SPONSORED WORK: JPL'S PRIMARY MISSION IS TO SUPPORT THE NASA SCIENCE MISSION DIRECTORATE (SMD) IN CARRYING OUT THE SPECIFIC OBJECTIVES IDENTIFIED IN THE SMD SCIENCE PLAN. THE FOUR BROAD SCIENTIFIC AREAS ARE: EARTH SCIENCE, PLANETARY SCIENCE, HELIOPHYSICS, AND ASTROPHYSICS. IN PERFORMANCE OF THIS CONTRACT, JPL SHALL: 1) SUPPLY A BROAD BASE OF SCIENTIFIC AND TECHNICAL CAPABILITIES RELEVANT TO NASA PROGRAM AND PROJECT RESPONSIBILITIES AND ASSIGNMENTS. 2) FOSTER ITS UNIQUE RELATIONSHIP WITH A TOP-TIER UNIVERSITY TO FACILITATE THE INVOLVEMENT OF SCIENTISTS, ENGINEERS, AND STUDENTS FROM THE UNIVERSITY AND RESEARCH COMMUNITIES IN NASA MISSION AND IN SUPPORTING OTHER GOVERNMENT AGENCIES. 3) SUPPORT NASA IN ENABLING PROGRAM AND INSTITUTIONAL CAPABILITIES. 4) DEVELOP SPACECRAFT AND INSTRUMENTS THAT ARE SENT TO VARIOUS DESTINATIONS WITH OUR SOLAR SYSTEM, INCLUDING EARTH ORBIT, PLANETS, PLANETARY SATELLITES, ASTEROIDS, AND COMETS. THESE MISSIONS MAY BE ORBITERS, LANDERS, OR ROVERS, AND TYPICALLY INCLUDE CUTTING-EDGE TECHNOLOGIES REQUIRED TO MEET SCIENTIFIC REQUIREMENTS. 5) PERFORM PROJECT TASKS INVOLVING: (I) AUTONOMOUS DEEP-SPACE, INNER-SPACE AND EARTH-ORBITING SPACECRAFT OR MAJOR SUBSYSTEMS, (II) EXPERIMENTS, INSTRUMENTS, OR OTHER DEVICES WHICH MAY BE CARRIED AS PAYLOAD ON SPACECRAFTS IN MISSIONS MANAGED BY OTHERS, AND/OR (III) GROUND-BASED SYSTEMS. 6) BEYOND ITS PRIMARY MISSION, JPL MAY PERFORM WORK FOR OTHER NASA MISSION DIRECTORATES OR OFFICES. 7) JPL IS ALSO RESPONSIBLE FOR THE OPERATION, RESEARCH, TECHNOLOGY INSERTION, AND MANAGEMENT OF NASA S DEEP SPACE NETWORK TO PROVIDE TELECOMMUNICATION AND OPERATION SERVICES, INCLUDING DATA ACQUISITION AND DATA DELIVERY REQUIRED TO MEET ESTABLISHED AGENCY OBJECTIVES. 8) JPL IS ALSO REQUIRED TO MAINTAIN AND CONDUCT AN EDUCATION PROGRAM IN CLOSE COORDINATION WITH THE NASA HEADQUARTERS EDUCATION OFFICE, THE ACADEMIC COMMUNITY AT LARGE, AND IN SUPPORT TO NASA STRATEGIC OBJECTIVES TO IMPROVE STUDENT RETENTION IN THE SCIENCE, TECHNOLOGY, ENGINEERING, AND MATHEMATICS (STEM) DISCIPLINES. WORK FOR NON-NASA SPONSORS: JPL MAY PERFORM WORK FOR NON-NASA SPONSORS. THIS WORK WILL BE DESIGNATED IN TASK ORDERS ISSUED BY NMO CONTRACTING OFFICERS BASED ON TASK PLANS INITIATED BY THE CONTRACTOR.",4800 OAK GROVE DR,,PASADENA,CA,91109,28,PASADENA,CA,91109,28,818965671.59,852193230.97,2020-07-30,2031-11-01,2028-09-30,1127,2026-06-22,71
80AFRC24FA017,CONT_AWD_80AFRC24FA017_8000_80AFRC24DA004_8000,contract,C,ANGSTROM DESIGNS INC,UNIQUE VEHICLE CAPABILITY ASSESSMENT AND FUTURE SPACE TECHNOLOGY INTEGRATION STUDY DEMONSTRATING ALIGNMENT WITH FLIGHT OPPORTUNITIES PROGRAM OBJECTIVES AND GOALS. INCLUDES PAYLOAD SUITABILITY AND THE END-TO-END PAYLOAD INTEGRATION PROCESS.,417 SANTA BARBARA ST,STE B7,SANTA BARBARA,CA,93101,24,SANTA BARBARA,CA,93101,24,25000.00,25000.00,2029-02-28,2029-02-28,2026-01-31,1124,2025-12-09,4
80NSSC25K0378,ASST_NON_80NSSC25K0378_080,grant,04,THE LELAND STANFORD JUNIOR UNIVERSITY,NSTGRO IS A FELLOWSHIP OPPORTUNITY FOCUSED ON GRADUATE STUDENT RESEARCH AND DEVELOPMENT OF ADVANCED AND INNOVATIVE SPACE TECHNOLOGIES CRITICAL FOR OUR NATION TO MEET ITS GOALS TO EXPLORE AND UNDERSTAND THE EARTH OUR SOLAR SYSTEM AND THE UNIVERSE.,450 JANE STANFORD WAY,,STANFORD,CA,94305,16,STANFORD,CA,94305,16,168000.00,,2029-08-28,2029-08-28,2026-07-31,1124,2026-06-02,4
80AFRC24FA018,CONT_AWD_80AFRC24FA018_8000_80AFRC24DA005_8000,contract,C,"VARDA SPACE INDUSTRIES, INC.",MINIMUM GUARANTEED,225 S AVIATION BLVD,,EL SEGUNDO,CA,90245,36,EL SEGUNDO,CA,90245,36,25000.00,25000.00,2029-02-28,2029-02-28,2026-01-31,1124,2025-12-01,3
80AFRC24FA020,CONT_AWD_80AFRC24FA020_8000_80AFRC24DA007_8000,contract,C,SPACE EXPLORATION TECHNOLOGIES CORP.,MINIMUM GUARANTEED,1 ROCKET RD,,HAWTHORNE,CA,90250,43,HAWTHORNE,CA,90250,43,25000.00,25000.00,2029-02-28,2029-02-28,2026-01-31,1124,2025-11-24,3
80AFRC24FA022,CONT_AWD_80AFRC24FA022_8000_80AFRC24DA009_8000,contract,C,"SPIRE GLOBAL SUBSIDIARY, INC.",MINIMUM GUARANTEED,8000 TOWERS CRESCENT DR,STE 1100,VIENNA,VA,22182,11,VIENNA,VA,22182,11,25000.00,25000.00,2029-02-28,2029-02-28,2026-01-31,1124,2025-12-01,4
80AFRC24FA026,CONT_AWD_80AFRC24FA026_8000_80AFRC24DA013_8000,contract,C,"TYVAK NANO-SATELLITE SYSTEMS, INC.",MINIMUM GUARANTEED,15330 BARRANCA PKWY,,IRVINE,CA,92618,47,IRVINE,CA,92618,47,25000.00,25000.00,2029-02-28,2029-02-28,2026-01-31,1124,2025-12-01,3
80AFRC24FA027,CONT_AWD_80AFRC24FA027_8000_80AFRC24DA014_8000,contract,C,ROCKET LAB USA INC,MINIMUM GUARANTEED,3881 MCGOWEN ST,,LONG BEACH,CA,90808,42,LONG BEACH,CA,90808,42,25000.00,25000.00,2029-02-28,2029-02-28,2026-01-31,1124,2025-12-01,3
80HQTR23AA002,CONT_IDV_80HQTR23AA002_8000,idv,IDV_E,CAPELLA SPACE CORPORATION,"COMMERCIAL SMALLSAT DATA ACQUISITION ON-RAMP 3, BLANKET PURCHASE AGREEMENT FOR HIGH RESOLUTION SYNTHETIC APERTURE RADAR (SAR) (0.5M TO 1.2M) COMMERCIAL EARTH OBSERVATION DATA",450 SHOTWELL ST,,SAN FRANCISCO,CA,94110,11,,,,,0.00,0.01,2028-04-06,2028-04-06,2025-03-11,1122,2025-03-11,6
80HQTR23AA003,CONT_IDV_80HQTR23AA003_8000,idv,IDV_E,"ICEYE US, INC","COMMERCIAL SMALLSAT DATA ACQUISITION ONRAMP 3, BLANKET PURCHASE AGREEMENT FOR HIGH RESOLUTION SYNTHETIC APERTURE RADAR (SAR) (1 M TO 15 M) COMMERCIAL EARTH OBSERVATION DATA",70 DISCOVERY,,IRVINE,CA,92618,47,,,,,0.00,0.01,2028-03-14,2028-03-14,2025-03-11,1099,2025-03-11,4
80NSSC23AA014,CONT_IDV_80NSSC23AA014_8000,idv,IDV_E,"DELANY, SIEGEL, ZORN & ASSOCIATES, INC.","EEO - DLZ (DELANY, SIEGEL, ZORN & ASSOCIATES, INC.) BPA POP 09/01/2023 - 08/31/2028",1560 WILSON BLVD STE 1050,,ARLINGTON,VA,22209,08,,,,,0.00,750000.00,2028-08-31,2028-08-31,2025-08-31,1096,2025-06-18,4
80KSC020C0012,CONT_AWD_80KSC020C0012_8000_-NONE-_-NONE-,contract,D,SPACE EXPLORATION TECHNOLOGIES CORP.,GATEWAY LOGISTICS SERVICES (GLS) CONTRACT AWARD - SPACE EXPLORATION TECHNOLOGIES (SPACEX),1 ROCKET RD,,HAWTHORNE,CA,90250,43,HAWTHORNE,CA,90250,43,115774074.02,7000000000.00,2035-03-25,2035-03-25,2032-03-24,1096,2026-06-15,33
80NSSC24FA840,CONT_AWD_80NSSC24FA840_8000_GS35F211GA_4732,contract,C,"VINSYS INFORMATION TECHNOLOGY, INC.","OPEXUS FOIAXPRESS, FOIAXPRESS PAL & HELP DESK",44330 MERCURE CIR STE 254,,STERLING,VA,20166,10,WASHINGTON,DC,20546,98,90663.93,237116.83,2029-09-30,2029-09-30,2026-09-30,1096,2025-09-09,2
80KSC022DA002,CONT_IDV_80KSC022DA002_8000,idv,IDV_B_B,"CHENEGA GLOBAL PROTECTION, LLC",NASA FIRE SERVICES CONTRACT (NSFC) AGENCY-WIDE CONTRACT FOR FIRE SERVICES.,14420 ALBEMARLE POINT PL STE 100,,CHANTILLY,VA,20151,11,,,,,0.00,337964056.00,2029-09-30,2029-09-30,2026-09-30,1096,2026-07-30,27
80GSFC25CA011,CONT_AWD_80GSFC25CA011_8000_-NONE-_-NONE-,contract,D,MASSACHUSETTS INSTITUTE OF TECHNOLOGY,THE PURPOSE OF THIS CONTRACT IS TO CONTINUE THE DEVELOPMENT AND MAINTENANCE OF NASA'S VERY LONG BASELINE INTERFEROMETRY (VLBI) STATIONS.,77 MASSACHUSETTS AVE,,CAMBRIDGE,MA,02139,07,WESTFORD,MA,01886,03,6233620.99,17404236.63,2026-06-21,2030-06-21,2027-06-21,1096,2026-07-22,4
80NSSC23AA013,CONT_IDV_80NSSC23AA013_8000,idv,IDV_E,"COMPUTER EVIDENCE SPECIALISTS, LLC","EEO - CES (COMPUTER EVIDENCE SPECIALISTS, LLC) BPA POP 09/01/2023 - 08/31/2028",5315 A1A S,,SAINT AUGUSTINE,FL,32080,06,,,,,0.00,750000.00,2028-08-31,2028-08-31,2025-08-31,1096,2025-06-16,4
80GSFC20C0023,CONT_AWD_80GSFC20C0023_8000_-NONE-_-NONE-,contract,D,UNIVERSITY OF ALASKA FAIRBANKS,"THE OBJECTIVE OF THIS EFFORT IS TO PROVIDE NASA AND OTHER U.S. GOVERNMENT AGENCIES (WORKING THROUGH NASA) WITH A DOMESTIC, NORTHERN LATITUDE, SOUNDING ROCKET LAUNCH SITE FOR CONDUCTING SCIENTIFIC INVESTIGATIONS.",903 KOYUKUK DR,,FAIRBANKS,AK,99775,00,FAIRBANKS,AK,99775,00,16293789.18,30000000.00,2021-11-30,2029-11-30,2026-11-30,1096,2026-07-22,43
80NSSC24FA784,CONT_AWD_80NSSC24FA784_8000_GS03F049GA_4732,contract,C,IRON MOUNTAIN INFORMATION MANAGEMENT LLC,IRON MOUNTAIN SERVICES BASE YEAR,85 NEW HAMPSHIRE AVE STE 150,,PORTSMOUTH,NH,03801,01,BOSTON,MA,02110,08,17799.94,17799.94,2029-05-31,2029-05-31,2026-05-31,1096,2026-06-30,3
80NM0025F7014,CONT_AWD_80NM0025F7014_8000_80NM0018D0004_8000,contract,C,CALIFORNIA INSTITUTE OF TECHNOLOGY,FY2025 - 1ST QUARTER FIXED FEE: THE FIXED FEE IS FOR THE CONTRACT/SPONSORING AGREEMENT BETWEEN THE NASA AND THE CALTECH OPERATION OF THE FFRDC KNOWN AS THE JPL.,4800 OAK GROVE DR,,PASADENA,CA,91109,28,PASADENA,CA,91109,28,31000000.00,31000000.00,2028-09-30,2028-09-30,2025-09-30,1096,2025-12-17,7
80NSSC23AA018,CONT_IDV_80NSSC23AA018_8000,idv,IDV_E,SUSAN GRIMES ASSOCIATES INC,EEO - SUSAN GRIMES ASSOCIATES BPA POP 09/01/2023 - 08/31/2028,2900 M ST NW,,WASHINGTON,DC,20007,98,,,,,0.00,750000.00,2028-08-31,2028-08-31,2025-08-31,1096,2025-06-18,4
80NSSC23AA015,CONT_IDV_80NSSC23AA015_8000,idv,IDV_E,"MARTIN - MISER ASSOCIATES, INC",EEO - MARTIN-MISER ASSOCIATES BPA POP 09/01/2023 - 08/31/2028,19453 W CATAWBA AVE STE D,,CORNELIUS,NC,28031,14,,,,,0.00,750000.00,2028-08-31,2028-08-31,2025-08-31,1096,2025-06-18,4
80NSSC23FB052,CONT_AWD_80NSSC23FB052_8000_80NSSC23DA002_8000,contract,C,"BRYCE SOLUTIONS, LLC","NASA ENTERPRISE-WIDE HUMAN CAPITAL SUPPORT SERVICES (NEHCSS) - BRYCE SOLUTIONS, LLC T.O 80NSSC23FB052 - LEADERSHIP AND EXECUTIVE LEVEL ONE-ON-ONE COACHING SERVICES",1199 N FAIRFAX ST STE 800,STE 601,ALEXANDRIA,VA,22314,08,ALEXANDRIA,VA,22314,08,2527240.48,7540439.97,2028-02-29,2028-02-29,2025-02-28,1096,2026-02-10,18
80NSSC24K1358,ASST_NON_80NSSC24K1358_080,grant,04,"REGENTS OF THE UNIVERSITY OF CALIFORNIA, THE",THIS WORK AIMS TO ENHANCE THE CURRENT CAPABILITIES OF ROBOTIC EXPLORATION IN EXTRATERRESTRIAL ENVIRONMENTS TO INCREASE SCIENTIFIC ACCESS.,1608 4TH ST STE 201,,BERKELEY,CA,94710,12,BERKELEY,CA,94710,12,71610.14,,2028-07-31,2028-07-31,2025-08-01,1095,2026-07-01,3
80LARC25C0002,CONT_AWD_80LARC25C0002_8000_-NONE-_-NONE-,contract,D,UNIVERSITY OF UTAH,"THE DIFFRACTIVE FILTER ARRAY (DFA) IS A CRITICAL COMPONENT FOR THE HYPERPIX INSTRUMENT CONCEPT, WHICH ALLOWS IMAGING A SCIENTIFIC SCENE AT MULTIPLE SPECTRAL BANDS SIMULTANEOUSLY USING A SINGLE SNAPSHOT.",201 S 1460 E,RM 175,SALT LAKE CITY,UT,84112,01,SALT LAKE CITY,UT,84112,01,0.00,0.00,2028-09-29,2028-09-29,2025-09-30,1095,2026-05-01,5
80NSSC24K1392,ASST_NON_80NSSC24K1392_080,grant,04,THE TRUSTEES OF COLUMBIA UNIVERSITY IN THE CITY OF NEW YORK,WITH THE GOAL OF PLANETS LIKE MARS IN SIGHT FOR EXPLORATION THE REDUCTION OF LAUNCH MASS AND MISSION COST THROUGH IN-SITU RESOURCE UTILIZATION WILL BE CRITICAL TO EXPAND THE CAPABILITIES AND ACTIVITIES OF FUTURE SPACE MISSIONS,615 W 131ST ST,MC 8741,NEW YORK,NY,10027,13,NEW YORK,NY,10027,13,74412.40,,2028-08-28,2028-08-28,2025-09-15,1078,2026-06-29,4
80GSFC24FA004,CONT_AWD_80GSFC24FA004_8000_GS03F047CA_4732,contract,C,AQUILA FITNESS CONSULTING SYSTEMS LTD,THE CONTRACTOR SHALL PROVIDE A FULL-SERVICE FITNESS CENTER ON SITE AT THE GODDARD SPACE FLIGHT CENTER,1221 BRICKELL AVE STE 1060,,MIAMI,FL,33131,27,GREENBELT,MD,20771,04,207215.14,757684.73,2028-11-30,2028-11-30,2025-12-31,1065,2025-11-20,10
80GRC017C0008,CONT_IDV_80GRC017C0008_8000,idv,IDV_B_B,"DYNETICS, INC.","IGF::OT::IGF NASA HAS A REQUIREMENT FOR THE SPACE LAUNCH SYSTEM UNIVERSAL STAGE ADAPTER THAT WILL STRUCTURALLY CONNECT THE EXPLORATION UPPER STAGE TO THE ORION SPACECRAFT. SLS IS BEING DEVELOPED TO PROVIDE HEAVY LIFT LAUNCH AND IN SPACE PROPULSION CAPABILITY TO ENABLE BOTH EXPLORATION AND EXTENSION OF HUMAN PRESENCE THROUGHOUT THE SOLAR SYSTEM. THE USA MEETS THAT NEED, AND ALSO PROVIDES THE CAPABILITY TO ENCAPSULATE LARGE CO MANIFESTED AND SECONDARY PAYLOADS. SLS WILL MEET THESE OBJECTIVES THROUGH AN EVOLUTIONARY BLOCK UPGRADE STRATEGY. THE BLOCK 1 SLS CONFIGURATION IS BEING DEVELOPED TO LAUNCH THE EXPLORATION MISSION 1 FLIGHT TEST, WHILE THE BLOCK 1B CONFIGURATION IS BEING DEVELOPED TO LAUNCH THE CREWED EM 2 FLIGHT TEST AND FUTURE CREWED AND CARGO MISSIONS. THE PURPOSE OF THE USA CONTRACT IS FOR THE PRIME CONTRACTOR TO PRODUCE THE USA STRUCTURE FOR THE SLS PROGRAM. THE CONTRACT WILL BE COMPRISED OF ONE BASE PERIOD AND SIX SEPARATE OPTION PERIODS. DURING THE BASE PERIOD, THE CONTRACTOR WILL DESIGN, DEVELOP, TEST, EVALUATE, PRODUCE, AND DELIVER A USA FOR EM 2, AS WELL AS PROVIDE POST DELIVERY VEHICLE INTEGRATION AND SUPPORT. DURING THE CONTRACTS SIX SEPARATE OPTION PERIODS, THE CONTRACTOR WILL PRODUCE AND DELIVER THE USAS FOR EM 3 THROUGH EM 8. FOR BOTH THE BASE AND OPTION PERIODS, THE CONTRACT PROVIDES THAT NASA MAY REQUEST THAT THE CONTRACTOR PERFORM INDEFINITE DELIVERY INDEFINITE QUANTITY TASKS WHEREBY STUDIES, ANALYSES, AND OR INTEGRATION SUPPORT MAY BE ORDERED.",1002 EXPLORER BLVD,,HUNTSVILLE,AL,35806,05,,,,,289382273.94,485962997.94,2028-08-15,2031-08-15,2028-09-30,1049,2026-05-21,146
80GSFC22CA013,CONT_AWD_80GSFC22CA013_8000_-NONE-_-NONE-,contract,D,THE AEROSPACE CORPORATION,"GEOSPACE DYNAMICS CONSTELLATION (GDC) INTERDISCIPLINARY SCIENTIST SUPPORT (GDC IDS) NASA RESEARCH ANNOUNCEMENT (NRA) SOLICITATION NNH21ZDA001N-GDCIDS, B.15, GEOSPACE DYNAMICS CONSTELLATION INTERDISCIPLINARY SCIENTISTS (GDC IDS).",2310 E EL SEGUNDO BLVD,,EL SEGUNDO,CA,90245,36,EL SEGUNDO,CA,90245,36,1986108.00,1986108.00,2028-10-31,2028-10-31,2025-12-19,1047,2026-02-09,7
80MSFC22CA005,CONT_AWD_80MSFC22CA005_8000_-NONE-_-NONE-,contract,D,LOCKHEED MARTIN CORP,RESEARCH AND DEVELOPMENT SERVICES RELATED TO THE PRODUCTION OF THE MARS ASCENT VEHICLE INTEGRATED SYSTEMCHAN,12257 S WADSWORTH BLVD,,LITTLETON,CO,80125,07,LITTLETON,CO,80125,07,103080002.51,274362203.00,2028-07-31,2028-07-31,2025-09-30,1035,2025-09-30,33
80GSFC22CA012,CONT_AWD_80GSFC22CA012_8000_-NONE-_-NONE-,contract,D,THE REGENTS OF THE UNIVERSITY OF COLORADO,INTERDISCIPLINARY SCIENTIST SUPPORT FOR THE GEOSPACE DYNAMICS CONSTELLATION (GDC) PROGRAM. THIS ACTION IS A RESULT OF THE UNIVERSITY'S SELECTION UNDER A NASA RESEARCH ANNOUNCEMENT (NRA NNH21ZDA001N GDCIDS).,3100 MARINE ST,STE 481 572 UCB,BOULDER,CO,80309,02,BOULDER,CO,80309,02,1724514.55,1724514.55,2028-10-31,2028-10-31,2026-01-08,1027,2026-02-12,10
80GSFC22CA011,CONT_AWD_80GSFC22CA011_8000_-NONE-_-NONE-,contract,D,UNIVERSITY OF TEXAS AT ARLINGTON,INTERDISCIPLINARY SCIENTIST SUPPORT FOR THE GEOSPACE DYNAMICS CONSTELLATION (GDC) PROGRAM. THIS ACTION IS A RESULT OF THE UNIVERSITY'S SELECTION UNDER A NASA RESEARCH ANNOUNCEMENT (NRA NNH21ZDA001N GDCIDS).,701 S. NEDDERMAN DR,,ARLINGTON,TX,76019,25,ARLINGTON,TX,76019,25,1533152.00,1533152.00,2028-10-31,2028-10-31,2026-01-31,1004,2026-01-30,10
80NM0018F0576,CONT_AWD_80NM0018F0576_8000_80NM0018D0004_8000,contract,C,CALIFORNIA INSTITUTE OF TECHNOLOGY,EUCLID PROJECT 70-16372,4800 OAK GROVE DR,,PASADENA,CA,91109,28,PASADENA,CA,91109,28,75368124.96,88905369.00,2022-03-31,2031-06-30,2028-09-30,1003,2026-04-21,31
80NSSC26K0791,ASST_NON_80NSSC26K0791_080,grant,04,"WASHINGTON UNIVERSITY, THE",EXECUTE A BALANCED SCIENCE PROGRAM BASED ON DISCIPLINE-SPECIFIC GUIDANCE FROM THE NATIONAL ACADEMIES OF SCIENCES ENGINEERING AND MEDICINE ADMINISTRATION PRIORITIES AND DIRECTION FROM CONGRESS. PARTICIPATE AS A KEY PARTNER AND ENABLER IN THE AGENC,1 BROOKINGS DR,,SAINT LOUIS,MO,63130,01,SAINT LOUIS,MO,63130,01,0.00,,2029-04-09,2029-04-09,2026-07-30,984,2026-07-30,2
80TECH24AA003,CONT_IDV_80TECH24AA003_8000,idv,IDV_E,"THUNDERCAT TECHNOLOGY, LLC","CISCO MULTIPLE AWARD SCHEDULE (MAS) BLANKET PURCHASE AGREEMENT (BPA) FOR HARDWARE, SOFTWARE, MAINTENANCE, SUPPORT AND ASSOCIATED SERVICES.",11190 SUNRISE VALLEY DRIVE,SUITE 200,RESTON,VA,20191,11,,,,,0.00,235100100.00,2028-07-13,2028-07-28,2025-11-21,980,2025-12-01,3
80TECH23AA004,CONT_IDV_80TECH23AA004_8000,idv,IDV_E,STERLING COMPUTERS CORPORATION,"CISCO MULTIPLE AWARD SCHEDULE (MAS) BLANKET PURCHASE AGREEMENT (BPA) FOR HARDWARE, SOFTWARE, MAINTENANCE, SUPPORT AND ASSOCIATED SERVICES.",303 CENTENNIAL DR,,NORTH SIOUX CITY,SD,57049,00,,,,,0.00,235100100.00,2028-07-13,2028-07-28,2025-11-21,980,2025-12-02,4
80TECH23AA003,CONT_IDV_80TECH23AA003_8000,idv,IDV_E,"FCN, INC.","CISCO MULTIPLE AWARD SCHEDULE (MAS) BLANKET PURCHASE AGREEMENT (BPA) FOR HARDWARE, SOFTWARE, MAINTENANCE, SUPPORT AND ASSOCIATED SERVICES.",12501 ARDENNES AVE,STE 101,ROCKVILLE,MD,20852,08,,,,,0.00,235100100.00,2028-07-13,2028-07-28,2025-11-21,980,2025-11-20,4
80HQTR23AA001,CONT_IDV_80HQTR23AA001_8000,idv,IDV_E,"GEOOPTICS, INC.","COMMERCIAL SMALLSAT DATA ACQUISITION (CSDA) PROGRAM, BLANKET PURCHASE AGREEMENT FOR HIGH RESOLUTION RADIO OCCULTATION (RO) COMMERCIAL EARTH OBSERVATION DATA",201 N ORANGE GROVE BLVD STE 503,,PASADENA,CA,91103,30,,,,,0.00,1.00,2027-11-13,2027-11-13,2025-03-11,977,2025-03-11,7
80NSSC23K0033,ASST_NON_80NSSC23K0033_080,grant,04,UNIVERSITY OF ALASKA FAIRBANKS,THIS IS A PROPOSAL FOR PARTICIPATION IN THE VENSAR SCIENCE TEAM TO CONTRIBUTE TO THE PLANNING OF VENSAR RADIOMETRY OBSERVATIONS. RADIOTHERMAL EMISSION FROM A PLANET S SURFACE CONTAINS INFORMATION ABOUT MATERIAL DIELECTRIC PROPERTIES MICROWAVE LOSS PROPERTIES AND SHALLOW-SUBSURFACE THERMAL STRUCTURE. PRIOR PASSIVE MICROWAVE OBSERVATIONS OF VENUS S SURFACE FROM PIONEER AND MAGELLAN ORBITERS HAVE BEEN VALUABLE IN STUDYING SPATIAL TRENDS IN SURFACE MICROWAVE EMISSION ESPECIALLY AS A FUNCTION OF ELEVATION. THESE OBSERVATIONS HOWEVER WERE RESTRICTED TO SINGLE POLARIZATION AND SINGLE ACQUISITION GEOMETRY FOR ANY GIVEN LOCATION ON THE SURFACE. ENVISION S VENSAR INSTRUMENT WILL ACQUIRE PASSIVE EMISSION MEASUREMENTS AT TWO ORTHOGONAL POLARIZATIONS (H AND V) AND MULTIPLE VIEWING GEOMETRIES FOR THE FIRST TIME MAKING FOR A MORE VALUABLE OPPORTUNITY TO CHARACTERIZE VENUS S SURFACE MATERIAL PROPERTIES. ADDITIONALLY THRICE-REPEATED PASSIVE OBSERVATIONS OF THE SURFACE WILL BE VALUABLE IN MONITORING ANY HIGH SURFACE EMISSION ASSOCIATED WITH POTENTIALLY RECENT VOLCANIC ACTIVITY. WE PROPOSE TWO PRIMARY TASKS GROUNDED IN PRIOR OBSERVATIONS AND THEORETICAL KNOWLEDGE OF VENUS S SURFACE THAT WILL AID IN VENSAR RADIOMETRY OBSERVATION PLANNING (STAND-ALONE AND SYNERGISTIC) AND MAXIMIZING THE USEFULNESS OF THE OBSERVATIONS. WE WILL MAGELLAN OBSERVATIONS TO IDENTIFY TARGETS ON THE SURFACE THAT ARE SMOOTH AT VENSAR WAVELENGTH (~9.4 CM) SCALES THAT ARE SUITABLE FOR MATERIAL DIELECTRIC CHARACTERIZATION AND ABSOLUTE RADIOMETRY CALIBRATION. TASK 2. WE WILL EXPLORE OPPORTUNITIES FOR SYNERGISTIC OBSERVATIONS BETWEEN VENSAR AND VENSPEC-M TO MAXIMIZE DETECTION OF ANY RECENT VOLCANIC ACTIVITY BY SIMULATING THE SURFACE EMISSION THESE INSTRUMENTS WOULD MEASURE AT CORRESPONDING WAVELENGTHS FROM LAVA FLOWS THAT ARE A FEW HOURS TO THREE MONTHS OLD. IN ADDITION TO THESE PROPOSED TASKS THE PI WILL PARTICIPATE IN ADDITIONAL SCIENCE TEAM ACTIVITIES INCLUDING GENERAL TARGETING AND OPERATIONS ADDITIONAL INSTRUMENT CALIBRATION EFFORTS ATTENDING TEAM MEETINGS CONTRIBUTING TO DISCUSSIONS AND BUILDING OPEN-SOURCE COMMUNITY TOOLS THAT ENHANCE DATA PRODUCTS ACCESSIBILITY AND USABILITY. THE PROPOSED ACTIVITIES ADDRESS THE OBJECTIVES OF THE VENSAR SCIENCE TEAM (VEST) PARTICIPATION PROGRAM. THE PRIMARY TASKS ARE DIRECTLY RELEVANT TO SCIENCE OBJECTIVES 2.2.3 (SURFACE MODIFICATION) AND 2.2.5 (PRESENT VOLCANIC ACTIVITY) LISTED IN THE ENVISION YELLOW BOOK THE TASKS ARE ALSO RELEVANT TO SCIENCE OBJECTIVES 2.2.1 2.2.2 AND 2.2.7.,2145 N. TANANA LOOP,,FAIRBANKS,AK,99775,00,FAIRBANKS,AK,99775,00,53333.89,,2027-10-05,2027-10-05,2025-02-19,958,2025-02-19,4
80KSC020F0042,CONT_AWD_80KSC020F0042_8000_80KSC019D0011_8000,contract,C,"TETRA TECH, INC.","INTERIM MEASURE ACTIVITIES AT LAUNCH COMPLEX 39A OPERATIONS SUPPORT BUILDING AREA KENNEDY SPACE CENTER, FL",661 ANDERSEN DR STE 11,,PITTSBURGH,PA,15220,17,ORLANDO,FL,32899,08,1196959.97,1196959.97,2022-06-30,2029-01-30,2026-06-30,945,2026-05-19,11
80AFRC25FA003,CONT_AWD_80AFRC25FA003_8000_80AFRC25DA001_8000,contract,C,"BLUE ORIGIN TEXAS, LLC",UNIQUE VEHICLE CAPABILITY ASSESSMENT AND FUTURE SPACE TECHNOLOGY INTEGRATION STUDY DEMONSTRATING ALIGNMENT WITH FLIGHT OPPORTUNITIES PROGRAM OBJECTIVES AND GOALS. INCLUDES PAYLOAD SUITABILITY AND THE END-TO-END PAYLOAD INTEGRATION PROCESS.,35961 HWY 54,,VAN HORN,TX,79855,23,VAN HORN,TX,79855,23,0.00,25000.00,2028-02-28,2028-02-28,2025-07-31,942,2025-07-30,2
80NSSC24K1845,ASST_NON_80NSSC24K1845_080,grant,04,"NATIONAL SOCIETY OF BLACK PHYSICISTS, INC.",NSBP/NSHP: JOINT ANNUAL CONFERENCES 2024-26,2010 MASSACHUSETTS AVE NW STE 512,,WASHINGTON,DC,20036,98,WASHINGTON,DC,20036,98,299960.00,,2027-10-14,2027-10-14,2025-03-21,937,2026-03-20,5
80HQTR22AA009,CONT_IDV_80HQTR22AA009_8000,idv,IDV_E,GHGSAT INCORPORATED,"COMMERCIAL SMALLSAT DATA ACQUISITION (CSDA) PROGRAM, BLANKET PURCHASE AGREEMENT FOR HIGH RESOLUTION GAS DETECTION, COMMERCIAL EARTH OBSERVATION DATA",3981 BOUL SAINT-LAURENT BUREAU 500,,MONTREAL,,,,,,,,0.00,1.00,2027-09-27,2027-09-27,2025-03-11,930,2025-03-11,4
80NSSC25K7034,ASST_NON_80NSSC25K7034_080,grant,04,UNIVERSITY OF OKLAHOMA,23-EEJ23-0046 BUILDING CO-DESIGN AND CO-LEARNING DIGITAL TWINS AGAINST FLOODS ON TRIBAL LANDS IN SUPPORT OF INDIGENOUS COMMUNITIES.,660 PARRINGTON OVAL RM 301,,NORMAN,OK,73019,04,NORMAN,OK,73019,04,34613.83,,2027-10-01,2027-10-01,2025-03-21,924,2025-08-15,3
80NSSC23K1211,ASST_NON_80NSSC23K1211_080,grant,04,UNIVERSITY OF ARIZONA,TOWARD UNIVERSAL QUANTUM OPTIMAL PHOTONIC PROCESSING USING QUANTUM COMPUTATION,845 N PARK AVE RM 538,,TUCSON,AZ,85721,07,TUCSON,AZ,85721,07,65437.55,,2027-08-14,2027-08-14,2025-02-12,913,2025-02-11,3
80NSSC23AA021,CONT_IDV_80NSSC23AA021_8000,idv,IDV_E,"RELIANCE RELOCATION SERVICES, INC",EMPLOYEE RELOCATION SERVICES FOR ALL NASA INSTALLATIONS.,161 N CLARK ST # 3450,,CHICAGO,IL,60601,07,,,,,0.00,7551391.00,2029-03-31,2029-03-31,2026-09-30,913,2026-05-12,9
80NSSC23FA107,CONT_AWD_80NSSC23FA107_8000_80NSSC22DA010_8000,contract,C,"GUARDIANS OF HONOR, LLC","NASA SCIENCE, TECHNOLOGY, ENGINEERING, AND MATHEMATICS (NSTEM) INCREMENTAL FUNDING TASK ORDER FOR CLIN 0002 BASE - IDIQ EDUCATION SUPPORT SERVICES",1990 K ST NW STE 650,,WASHINGTON,DC,20006,98,WASHINGTON,DC,20006,98,86977182.10,233037688.41,2023-10-11,2028-04-11,2025-10-11,913,2026-02-12,93
80NSSC22DA010,CONT_IDV_80NSSC22DA010_8000,idv,IDV_B_B,"GUARDIANS OF HONOR, LLC","NASA SCIENCE, TECHNOLOGY, ENGINEERING, AND MATHEMATICS (NSTEM) SERVICES. PROVIDES A COMPREHENSIVE EDUCATION PORTFOLIO COMPRISED OF A BROAD AND DIVERSE SET OF PROGRAMS, PROJECTS, ACTIVITIES, PRODUCTS, AND RELATED SERVICES FOR OSTEM.",1990 K ST NW STE 650,,WASHINGTON,DC,20006,98,,,,,26744222.73,290200000.00,2028-04-11,2028-04-11,2025-10-11,913,2026-07-15,69
80AFRC24FA016,CONT_AWD_80AFRC24FA016_8000_80AFRC24DA003_8000,contract,C,"AEROSTAR INTERNATIONAL, LLC",MINIMUM GUARANTEED,3901 W. 59TH ST.,,SIOUX FALLS,SD,57108,00,SIOUX FALLS,SD,57108,00,170308.00,170308.00,2029-02-28,2029-02-28,2026-08-31,912,2026-03-25,3
80MSFC24DA025,CONT_IDV_80MSFC24DA025_8000,idv,IDV_B_B,"AKIMA GLOBAL LOGISTICS, LLC",LOGISTICS SERVICES SUPPORTING GEORGE C. MARSHALL SPACE FLIGHT CENTER INSTITUTIONAL OPERATIONAL FRAMEWORK. THE IDIQ CONTRACT WILL ISSUE FIRM-FIXED-PRICE (FFP) AND TIME AND MATERIALS (T&M) TASK ORDERS.,2553 DULLES VIEW DR STE 700,,HERNDON,VA,20171,11,,,,,0.00,96300000.00,2025-08-31,2030-02-28,2027-08-31,912,2026-07-22,13
80NSSC23PA010,CONT_AWD_80NSSC23PA010_8000_-NONE-_-NONE-,contract,B,BUSINESS CLASS AVIATION INC.,DC-8 AND SOFIA AIRCRAFT STORAGE AND PARTS REMOVAL,7472 CYPRESS AVE,,ROSAMOND,CA,93560,20,ROSAMOND,CA,93560,20,0.00,0.00,2027-09-30,2027-09-30,2025-04-08,905,2025-04-08,5
80NSSC25K0030,ASST_NON_80NSSC25K0030_080,grant,04,BROWN UNIVERSITY,DECODING COMET 67P: UNRAVELING THE PROCESSES THAT SHAPE COMETARY SURFACES,1 PROSPECT ST,,PROVIDENCE,RI,02912,01,PROVIDENCE,RI,02912,01,0.00,,2028-06-30,2028-06-30,2026-01-19,893,2026-01-20,2
80NM0018F0669,CONT_AWD_80NM0018F0669_8000_80NM0018D0004_8000,contract,C,CALIFORNIA INSTITUTE OF TECHNOLOGY,"GEOSTATIONARY CARBON CYCLE OBSERVATORY (GEOCARB) PRE-PHASE A AND PHASE A THE CONTRACT IS THE SPONSORING AGREEMENT BETWEEN THE NATIONAL AERONAUTICS AND SPACE ADMINISTRATION (NASA) AND THE CALIFORNIA INSTITUTE OF TECHNOLOGY (CONTRACTOR), A PRIVATE NONPROFIT EDUCATIONAL INSTITUTION, WHICH ESTABLISHES THE RELATIONSHIP FOR THE OPERATION OF THE FEDERALLY FUNDED RESEARCH AND DEVELOPMENT CENTER (FFRDC) KNOWN AS THE JET PROPULSION LABORATORY. THE CONTRACTOR, JPL, IS REQUIRED TO PERFORM WORK THAT IS DESIGNATED IN TASK ORDERS ISSUED BY THE NASA MANAGEMENT OFFICE (NMO) CONTRACTING OFFICERS. NASA - SPONSORED WORK: JPL'S PRIMARY MISSION IS TO SUPPORT THE NASA SCIENCE MISSION DIRECTORATE (SMD) IN CARRYING OUT THE SPECIFIC OBJECTIVES IDENTIFIED IN THE SMD SCIENCE PLAN. THE FOUR BROAD SCIENTIFIC AREAS ARE: EARTH SCIENCE, PLANETARY SCIENCE, HELIOPHYSICS, AND ASTROPHYSICS. IN PERFORMANCE OF THIS CONTRACT, JPL SHALL: 1) SUPPLY A BROAD BASE OF SCIENTIFIC AND TECHNICAL CAPABILITIES RELEVANT TO NASA PROGRAM AND PROJECT RESPONSIBILITIES AND ASSIGNMENTS. 2) FOSTER ITS UNIQUE RELATIONSHIP WITH A TOP-TIER UNIVERSITY TO FACILITATE THE INVOLVEMENT OF SCIENTISTS, ENGINEERS, AND STUDENTS FROM THE UNIVERSITY AND RESEARCH COMMUNITIES IN NASA MISSION AND IN SUPPORTING OTHER GOVERNMENT AGENCIES. 3) SUPPORT NASA IN ENABLING PROGRAM AND INSTITUTIONAL CAPABILITIES. 4) DEVELOP SPACECRAFT AND INSTRUMENTS THAT ARE SENT TO VARIOUS DESTINATIONS WITH OUR SOLAR SYSTEM, INCLUDING EARTH ORBIT, PLANETS, PLANETARY SATELLITES, ASTEROIDS, AND COMETS. THESE MISSIONS MAY BE ORBITERS, LANDERS, OR ROVERS, AND TYPICALLY INCLUDE CUTTING-EDGE TECHNOLOGIES REQUIRED TO MEET SCIENTIFIC REQUIREMENTS. 5) PERFORM PROJECT TASKS INVOLVING: (I) AUTONOMOUS DEEP-SPACE, INNER-SPACE AND EARTH-ORBITING SPACECRAFT OR MAJOR SUBSYSTEMS, (II) EXPERIMENTS, INSTRUMENTS, OR OTHER DEVICES WHICH MAY BE CARRIED AS PAYLOAD ON SPACECRAFTS IN MISSIONS MANAGED BY OTHERS, AND/OR (III) GROUND-BASED SYSTEMS. 6) BEYOND ITS PRIMARY MISSION, JPL MAY PERFORM WORK FOR OTHER NASA MISSION DIRECTORATES OR OFFICES. 7) JPL IS ALSO RESPONSIBLE FOR THE OPERATION, RESEARCH, TECHNOLOGY INSERTION, AND MANAGEMENT OF NASA S DEEP SPACE NETWORK TO PROVIDE TELECOMMUNICATION AND OPERATION SERVICES, INCLUDING DATA ACQUISITION AND DATA DELIVERY REQUIRED TO MEET ESTABLISHED AGENCY OBJECTIVES. 8) JPL IS ALSO REQUIRED TO MAINTAIN AND CONDUCT AN EDUCATION PROGRAM IN CLOSE COORDINATION WITH THE NASA HEADQUARTERS EDUCATION OFFICE, THE ACADEMIC COMMUNITY AT LARGE, AND IN SUPPORT TO NASA STRATEGIC OBJECTIVES TO IMPROVE STUDENT RETENTION IN THE SCIENCE, TECHNOLOGY, ENGINEERING, AND MATHEMATICS (STEM) DISCIPLINES. WORK FOR NON-NASA SPONSORS: JPL MAY PERFORM WORK FOR NON-NASA SPONSORS. THIS WORK WILL BE DESIGNATED IN TASK ORDERS ISSUED BY NMO CONTRACTING OFFICERS BASED ON TASK PLANS INITIATED BY THE CONTRACTOR.",4800 OAK GROVE DR,,PASADENA,CA,91109,28,PASADENA,CA,91109,28,906320.78,2098679.00,2026-03-30,2027-09-15,2025-04-07,891,2025-04-07,8
80NSSC25K7326,ASST_NON_80NSSC25K7326_080,grant,04,TRUSTEES OF DARTMOUTH COLLEGE,EXECUTE A BALANCED SCIENCE PROGRAM BASED ON DISCIPLINE-SPECIFIC GUIDANCE FROM THE NATIONAL ACADEMIES OF SCIENCES ENGINEERING AND MEDICINE ADMINISTRATION PRIORITIES AND DIRECTION FROM CONGRESS. PARTICIPATE AS A KEY PARTNER AND ENABLER IN THE AGENCY S EXPLORATION INITIATIVE FOCUSING ON SCIENTIFIC RESEARCH OF ON AND FROM THE MOON LUNAR ORBIT MARS AND BEYOND. ADVANCE DISCOVERY IN EMERGING FIELDS BY IDENTIFYING AND EXPLOITING CROSS-DISCIPLINARY OPPORTUNITIES BETWEEN TRADITIONAL SCIENCE DISCIPLINES DEVELOP A DIRECTORATE-WIDE TARGET-USER FOCUSED APPROACH TO APPLIED PROGRAMS INCLUDING EARTH SCIENCE APPLICATIONS SPACE WEATHER PLANETARY DEFENSE AND SPACE SITUATIONAL AWARENESS.,7 LEBANON ST,,HANOVER,NH,03755,02,HANOVER,NH,03755,02,32117.76,,2027-12-31,2027-12-31,2025-07-24,890,2025-07-24,2
80NSSC24K1612,ASST_NON_80NSSC24K1612_080,grant,04,UNIVERSITY OF TEXAS AT AUSTIN,23-EARTH23-0422 CLIMATE HARMONY: STUDYING AND INFORMING URBAN CLIMATE EFFORTS IN CENTRAL TEXAS THROUGH THE.DEVELOPMENT OF A REGIONAL CLIMATE ATLAS,110 INNER CAMPUS DR,,AUSTIN,TX,78712,25,AUSTIN,TX,78712,25,31233.60,,2027-08-15,2027-08-15,2025-03-21,877,2026-03-11,3
80NSSC25K7029,ASST_NON_80NSSC25K7029_080,grant,04,RESEARCH TRIANGLE INSTITUTE,PROJECT GREEN: GREENSPACE AND REMOTE SENSING FOR THE ENVIRONMENT AND EQUITY IN NEIGHBORHOODS.,3040 CORNWALLIS RD,,RESEARCH TRIANGLE PARK,NC,27709,04,RESEARCH TRIANGLE PARK,NC,27709,04,15620.96,,2027-10-03,2027-10-03,2025-05-09,877,2026-05-04,4
80NSSC25K7036,ASST_NON_80NSSC25K7036_080,grant,04,UNIVERSITY OF RICHMOND,EXECUTE A BALANCED SCIENCE PROGRAM BASED ON DISCIPLINE-SPECIFIC GUIDANCE FROM THE NATIONAL ACADEMIES OF SCIENCES ENGINEERING AND MEDICINE ADMINISTRATION PRIORITIES AND DIRECTION FROM CONGRESS. PARTICIPATE AS A KEY PARTNER AND ENABLER IN THE AGENCY S EXPLORATION INITIATIVE FOCUSING ON SCIENTIFIC RESEARCH OF ON AND FROM THE MOON LUNAR ORBIT MARS AND BEYOND. ADVANCE DISCOVERY IN EMERGING FIELDS BY IDENTIFYING AND EXPLOITING CROSS-DISCIPLINARY OPPORTUNITIES BETWEEN TRADITIONAL SCIENCE DISCIPLINES DEVELOP A DIRECTORATE-WIDE TARGET-USER FOCUSED APPROACH TO APPLIED PROGRAMS INCLUDING EARTH SCIENCE APPLICATIONS SPACE WEATHER PLANETARY DEFENSE AND SPACE SITUATIONAL AWARENESS.,110 UR DR # 200,,RICHMOND,VA,23173,07,RICHMOND,VA,23173,04,0.00,,2027-10-03,2027-10-03,2025-05-10,876,2026-04-30,4
80NSSC25K7032,ASST_NON_80NSSC25K7032_080,grant,04,EMORY UNIVERSITY,ADVANCING ENVIRONMENTAL JUSTICE IN ATLANTA THROUGH GIS-ENABLED COMMUNITY ENGAGEMENT,201 DOWMAN DR NE,,ATLANTA,GA,30322,05,ATLANTA,GA,30322,05,72879.91,,2027-10-03,2027-10-03,2025-05-10,876,2025-09-25,4
80NSSC25K7030,ASST_NON_80NSSC25K7030_080,grant,04,UNIVERSITY OF TEXAS HEALTH SCIENCE CENTER AT HOUSTON,LIGHT POLLUTION IS AN EMERGING PUBLIC HEALTH HAZARD THAT HAS BEEN LINKED TO ELEVATED RISK OF MANY DISEASES INCLUDING SLEEP DISORDERS CANCER CARDIOMETABOLIC DISEASES DEMENTIA AND MENTAL DISORDERS. MOREOVER LIGHT POLLUTION IS ALSO AN IMPORTANT ENVIRONMENTAL JUSTICE ISSUE. IT HAS BEEN SHOWN THAT MARGINALIZED COMMUNITIES HAVE A DISPROPORTIONATELY HIGH BURDEN OF ARTIFICIAL LIGHT AT NIGHT (ALAN) AND ARE MORE SUSCEPTIBLE TO DEVELOPE ADVERSE HEALTH EFFECTS RELATED TO ALAN. AMONG AMERICAN CITIES CHICAGO NOT ONLY HAS ONE OF THE HIGHEST LEVELS OF LIGHT POLLUTION BUT ALSO DISPLAYS PROFOUND INJUSTICE IN LIGHT POLLUTION. THE LITTLE VILLAGE NEIGHBORHOOD IN CHICAGO A PREDOMINANTLY MEXICAN IMMIGRANT COMMUNITY EXEMPLIFIES THE DUAL BURDEN OF HIGH LEVELS OF LIGHT POLLUTION AND SOCIAL VULNERABILITY. THANKS TO YEARS OF COLLABORATIVE WORK WITH OUR COMMUNITY PARTNERS THERE IS NOW GROWING AWARENESS ABOUT LIGHT POLLUTION AND ITS DETRIMENTAL EFFECTS AMONG THE LITTLE VILLAGE RESIDENTS. IN ADDITION THE COMMUNITY MEMBERS EXPRESSED PRESSING NEEDS IN LEARNING MORE ABOUT LIGHT POLLUTION IN THEIR NEIGHBORHOOD AND TAKING ACTIONS TO PROMOTE APPROPRIATE LIGHTING AND MITIGATE ADVERSE HEALTH EFFECTS. IN PARTICULAR THERE ARE CRITICAL NEEDS FOR 1) AN INTERFACE THAT PROVIDE HIGH QUALITY DATA AND VISUALIZATION AND ANALYSIS TOOLS TO CHARACTERIZE THE BURDEN OF ALAN 2) A PLATFORM THAT CROSSLINKS ALAN MEASURES WITH DEMOGRAPHIC AND SOCIOECONOMIC INDICATORS AND HEALTH STATISTICS TO DEMONSTRATE THE SCALE OF LIGHT POLLUTION INJUSTICE AND HIGHLIGHT ITS PUBLIC HEALTH IMPLICATIONS AND 3) AN EXPANDED EDUCATION PROGRAM THAT TEACH STUDENTS ABOUT LIGHT POLLUTION AND ITS CONSEQUENCES AND CULTIVATE NEXT-GENERATION ACTIVISTS TO TAKE DATA-INFORMED ACTIONS.,7000 FANNIN ST FL 9,,HOUSTON,TX,77030,18,HOUSTON,TX,77030,18,69975.13,,2027-10-03,2027-10-03,2025-05-10,876,2026-04-30,4
80LARC22DA002,CONT_IDV_80LARC22DA002_8000,idv,IDV_B_B,TRANE U.S. INC.,"HEATING, VENTILATION AND AIR CONDITIONING SERVICES FOR NASA LANGLEY RESEARCH CENTER.",4833 WHITE BEAR PARKWAY,,WHITE BEAR LAKE,MN,55110,04,,,,,0.00,4500000.00,2027-09-22,2027-09-22,2025-04-30,875,2026-03-12,6
80NSSC25K7031,ASST_NON_80NSSC25K7031_080,grant,04,TRUSTEES OF TUFTS COLLEGE,INTEGRATING EARTH OBSERVATIONS TOWARD ADVANCING EQUITABLE RESILIENCE TO GEOHAZARDS IN A CHANGING CLIMATE,169 HOLLAND ST,,SOMERVILLE,MA,02144,07,SOMERVILLE,MA,02144,07,149834.25,,2027-10-03,2027-10-03,2025-06-06,849,2026-05-11,4
80NSSC24K1193,ASST_NON_80NSSC24K1193_080,grant,04,CORNELL UNIVERSITY,AN INNOVATIVE WORKSHOP ON EDIA FOR LEADERS IN PLANETARY SCIENCE,341 PINE TREE RD,,ITHACA,NY,14850,19,ITHACA,NY,14850,19,95267.75,,2027-06-30,2027-06-30,2025-03-21,831,2025-09-25,3
80KSC021C0009,CONT_AWD_80KSC021C0009_8000_-NONE-_-NONE-,contract,D,"BLUE ORIGIN, LLC",NASA LAUNCH SERVICES (NLS) II CONTRACT,8082 SPACE COMMERCE WAY,,MERRITT ISLAND,FL,32953,08,MERRITT ISLAND,FL,32953,08,7034713.00,15000000000.00,2027-12-31,2032-12-31,2030-09-30,823,2026-07-06,28
80NSSC23K1200,ASST_NON_80NSSC23K1200_080,grant,04,"EMBRY-RIDDLE AERONAUTICAL UNIVERSITY, INC.",NOVEL DUAL QUATERNION BASED MODEL AND CONTROL FOR GRAVITY RECOVERY MISSIONS,1 AEROSPACE BLVD,,DAYTONA BEACH,FL,32114,06,DAYTONA BEACH,FL,32114,06,167958.68,,2027-08-14,2027-08-14,2025-05-15,821,2026-05-04,4
80AFRC24FA019,CONT_AWD_80AFRC24FA019_8000_80AFRC24DA006_8000,contract,C,WORLD VIEW ENTERPRISES INC,FLIGHT AND PAYLOAD INTEGRATION SERVICES GAMMA-RAY AND ANTIMATTER SURVEY (GRAMS) PAYLOAD UNDER PROFILE 2: EXPOSURE TO HIGH-ALTITUDE AND LONG-DURATION FLIGHT.,1805 E AEROSPACE PKWY,,TUCSON,AZ,85756,07,TUCSON,AZ,85756,07,793828.00,793828.00,2029-02-28,2029-02-28,2026-12-01,820,2026-07-22,9
80NSSC24K1306,ASST_NON_80NSSC24K1306_080,grant,04,BAE SYSTEMS SPACE & MISSION SYSTEMS INC.,WICKED WILDFIRE IS A COMPLEX PROBLEM REQUIRING SYSTEMATIC THINKING ACROSS POLICY ECONOMICS SOCIOCULTURAL FACTORS AND TECHNOLOGIES,1600 COMMERCE ST UNIT 1,,BOULDER,CO,80301,02,BOULDER,CO,80301,02,148464.00,,2027-06-20,2027-06-20,2025-03-27,815,2025-03-27,2
80NSSC23K1398,ASST_NON_80NSSC23K1398_080,grant,04,UNIVERSITY OF WASHINGTON,22-ICAR22_2-0001 THE VIRTUAL PLANETARY LABORATORY: ADVANCING THE SEARCH FOR LIFE ON EXOPLANETS.,4333 BROOKLYN AVE NE,,SEATTLE,WA,98195,07,SEATTLE,WA,98195,07,617294.93,,2028-09-14,2028-09-14,2026-06-23,814,2026-06-23,3
80NSSC25K7833,ASST_NON_80NSSC25K7833_080,grant,04,TRUSTEES OF THE COLORADO SCHOOL OF MINES,THIS PROJECT PROPOSES DESIGN AND PROOF-OF-CONCEPT VALIDATION VIA SCALABLE LABORATORY PROTOTYPING OF A MEGAWATT (MW)-SCALE HIGH-VOLTAGE MULTIPHASE DUAL-ROTOR GENERATOR (DRG) INTEGRATED WITH A MULTIPHASE PASSIVE RECTIFIER FOR A POWER MANAGEMENT AND DISTRIBUTION (PMAD) SYSTEM IN A NUCLEAR ELECTRIC PROPULSION (NEP) SYSTEM. IN THE NEP UNDER STUDY A NUCLEAR REACTOR THROUGH A CLOSED BRAYTON CYCLE ACTING AS A PRIME MOVER SPINS A MULTIPHASE (GREATER THAN 3-PHASE) DRG WHOSE OUTPUT IS RECTIFIED WITH A PASSIVE RECTIFIER BEFORE CONNECTING TO SPACECRAFT'S HIGH-VOLTAGE DC (HVDC) BUS.,1500 ILLINOIS ST,,GOLDEN,CO,80401,07,GOLDEN,CO,80401,07,0.00,,2028-05-18,2028-05-18,2026-03-03,807,2026-03-03,2
80NSSC24K1332,ASST_NON_80NSSC24K1332_080,grant,04,UNIVERSITY OF ILLINOIS,OXYGEN IS AN ESSENTIAL COMPONENT OF CRITICAL SPACE TECHNOLOGIES SUCH AS SPACECRAFT PROPULSION LIFE SUPPORT (E.G. WATER AND BREATHABLE AIR) AND POWER SYSTEMS,506 S WRIGHT ST,,URBANA,IL,61801,13,URBANA,IL,61801,13,167602.00,,2028-08-14,2028-08-14,2026-05-31,806,2026-05-22,3
80NSSC23K1175,ASST_NON_80NSSC23K1175_080,grant,04,"REGENTS OF THE UNIVERSITY OF CALIFORNIA, THE",LOW PRELOAD ICE ANCHORING GRIPPERS FOR ICY WORLDS MOBILITY,1608 4TH ST STE 201,,BERKELEY,CA,94710,12,BERKELEY,CA,94710,12,139277.72,,2027-08-14,2027-08-14,2025-05-31,805,2026-05-19,4
80NSSC25K7254,ASST_NON_80NSSC25K7254_080,grant,04,SAN JOSE STATE UNIVERSITY RESEARCH FOUNDATION,24-24FLAG_2-0027 LESSENING IMPACT OF INTERFACE INCONSISTENCY THROUGH GOAL-DIRECTED CREW OPERATIONS..,210 N 4TH ST FL 4,,SAN JOSE,CA,95112,18,SAN JOSE,CA,95112,18,50955.86,,2027-09-30,2028-02-18,2025-12-17,793,2025-12-31,4
80NSSC24K0824,ASST_NON_80NSSC24K0824_080,grant,04,"UNIVERSITY OF CALIFORNIA, SANTA BARBARA",THE ROLE OF EMIT AND THERMAL INFRARED REMOTE SENSING IN ADDRESSING THE DECADAL SURVEYS MOST IMPORTANT OBJECTIVES FOR SNOW IN THE WATER CYCLE,3227 CHEADLE HALL,,SANTA BARBARA,CA,93106,24,SANTA BARBARA,CA,93106,24,22677.10,,2027-04-30,2027-04-30,2025-02-27,792,2025-03-03,3
80NM0019F0079,CONT_AWD_80NM0019F0079_8000_80NM0018D0004_8000,contract,C,CALIFORNIA INSTITUTE OF TECHNOLOGY,JPL SUPPORT FOR LUNAR TRAILBLAZER 40-711160,4800 OAK GROVE DR,,PASADENA,CA,91109,28,PASADENA,CA,91109,28,36370089.00,43902199.00,2020-08-15,2027-11-30,2025-09-30,791,2025-09-23,36
80NM0018F0511,CONT_AWD_80NM0018F0511_8000_80NM0018D0004_8000,contract,C,CALIFORNIA INSTITUTE OF TECHNOLOGY,ORBITING CARBON OBSERVATORY-3 85-16363,4800 OAK GROVE DR,,PASADENA,CA,91109,28,PASADENA,CA,91109,28,59282570.33,76456052.00,2023-04-28,2030-11-30,2028-09-30,791,2026-04-02,34
80HQTR22AA003,CONT_IDV_80HQTR22AA003_8000,idv,IDV_E,RMA ASSOCIATES LLC,NASA'S FISMA REQUIREMENT - INFORMATION SECURITY PROGRAM AUDIT,1005 N GLEBE RD STE 610,,ARLINGTON,VA,22201,08,,,,,0.00,4500000.00,2027-05-31,2027-05-31,2025-04-03,788,2025-04-03,6
80NM0023F0035,CONT_AWD_80NM0023F0035_8000_80NM0018D0004_8000,contract,C,CALIFORNIA INSTITUTE OF TECHNOLOGY,CRISTAL PROJECT - FORMULATION PHASE A/B (89-210198),4800 OAK GROVE DR,,PASADENA,CA,91109,28,PASADENA,CA,91109,28,101362042.00,118430579.00,2023-11-30,2030-11-24,2028-09-30,785,2026-07-11,17
80GRC022AA021,CONT_IDV_80GRC022AA021_8000,idv,IDV_E,"UNIPAK AVIATION, LLC","NASA GLENN RESEARCH CENTER BLANKET PURCHASE AGREEMENT. EACH ORDER MAY INCLUDE, BUT IS NOT LIMITED TO, MACHINING, FABRICATION, WELDING/METAL JOINING, INSTRUMENTATION, INSPECTION AND NON- DESTRUCTIVE TESTING (NDT).",8323 LINDBERGH CT,,SARASOTA,FL,34243,16,,,,,0.00,4999999.00,2027-05-31,2027-05-31,2025-04-15,776,2025-04-15,4
80GRC022AA024,CONT_IDV_80GRC022AA024_8000,idv,IDV_E,"KESSINGTON, LLC","NASA GLENN REASEARCH CENTER BLANKET PURCHASE AGREEMENT. EACH ORDER MAY INCLUDE, BUT IS NOT LIMITED TO, MACHINING, FABRICATION, WELDING/METAL JOINING, INSTRUMENTATION, INSPECTION AND NON- DESTRUCTIVE TESTING (NDT).",1020 COUNTY ROAD 6 W,,ELKHART,IN,46514,02,,,,,0.00,4999999.00,2027-05-31,2027-05-31,2025-04-15,776,2025-04-15,3
80GRC022AA023,CONT_IDV_80GRC022AA023_8000,idv,IDV_E,NORTH WIND SYSTEMS LLC,"NASA GLENN REASEARCH CENTER BLANKET PURCHASE AGREEMENT. EACH ORDER MAY INCLUDE, BUT IS NOT LIMITED TO, MACHINING, FABRICATION, WELDING/METAL JOINING, INSTRUMENTATION, INSPECTION AND NON- DESTRUCTIVE TESTING (NDT).",703 CITY CENTER BLVD,,NEWPORT NEWS,VA,23606,03,,,,,0.00,4999999.00,2027-05-31,2027-05-31,2025-04-15,776,2025-04-15,3
80GRC022AA005,CONT_IDV_80GRC022AA005_8000,idv,IDV_E,"APPLIED FAB & MACHINING, INC.","NASA GLENN REASEARCH CENTER BLANKET PURCHASE AGREEMENT. EACH ORDER MAY INCLUDE, BUT IS NOT LIMITED TO, MACHINING, FABRICATION, WELDING/METAL JOINING, INSTRUMENTATION, INSPECTION AND NON-DESTRUCTIVE TESTING (NDT).",7811 W STEWART AVE STE A,,WAUSAU,WI,54401,07,,,,,0.00,4999999.00,2027-05-31,2027-05-31,2025-04-15,776,2025-04-15,3
80GRC022AA006,CONT_IDV_80GRC022AA006_8000,idv,IDV_E,"AXIAL GLOBAL, LLC.","NASA GLENN REASEARCH CENTER BLANKET PURCHASE AGREEMENT. EACH ORDER MAY INCLUDE, BUT IS NOT LIMITED TO, MACHINING, FABRICATION, WELDING/METAL JOINING, INSTRUMENTATION, INSPECTION AND NON- DESTRUCTIVE TESTING (NDT).",431 E AIRTEX DR STE 200,,HOUSTON,TX,77073,18,,,,,0.00,4999999.00,2027-05-31,2027-05-31,2025-04-15,776,2025-04-15,3
80GRC022AA014,CONT_IDV_80GRC022AA014_8000,idv,IDV_E,KCS PROTOTYPE AND DESIGN LLC,"NASA GLENN RESEARCH CENTER BLANKET PURCHASE AGREEMENT. EACH ORDER MAY INCLUDE, BUT IS NOT LIMITED TO, MACHINING, FABRICATION, WELDING/METAL JOINING, INSTRUMENTATION, INSPECTION AND NON- DESTRUCTIVE TESTING (NDT).",12842 FARMINGTON RD,,LIVONIA,MI,48150,12,,,,,0.00,4999999.00,2027-05-31,2027-05-31,2025-04-15,776,2025-04-15,4
80GRC022AA017,CONT_IDV_80GRC022AA017_8000,idv,IDV_E,"MSP AVIATION, INC.","NASA GLENN RESEARCH CENTER BLANKET PURCHASE AGREEMENT. EACH ORDER MAY INCLUDE, BUT IS NOT LIMITED TO, MACHINING, FABRICATION, WELDING/METAL JOINING, INSTRUMENTATION, INSPECTION AND NON- DESTRUCTIVE TESTING (NDT).",239 W GRIMES LN,,BLOOMINGTON,IN,47403,09,,,,,0.00,4999999.00,2027-05-31,2027-05-31,2025-04-15,776,2025-04-15,4
80GRC022AA018,CONT_IDV_80GRC022AA018_8000,idv,IDV_E,"PRECISION FABRICATING & CLEANING COMPANY, INC.","NASA GLENN RESEARCH CENTER BLANKET PURCHASE AGREEMENT. EACH ORDER MAY INCLUDE, BUT IS NOT LIMITED TO, MACHINING, FABRICATION, WELDING/METAL JOINING, INSTRUMENTATION, INSPECTION AND NON- DESTRUCTIVE TESTING (NDT).",3975 E RAILROAD AVE,,COCOA,FL,32926,08,,,,,0.00,4999999.00,2027-05-31,2027-05-31,2025-04-15,776,2025-04-15,4
80NSSC25K0108,ASST_NON_80NSSC25K0108_080,grant,04,PURDUE UNIVERSITY,EXECUTE A BALANCED SCIENCE PROGRAM BASED ON DISCIPLINE-SPECIFIC GUIDANCE FROM THE NATIONAL ACADEMIES OF SCIENCES ENGINEERING AND MEDICINE ADMINISTRATION PRIORITIES AND DIRECTION FROM CONGRESS. PARTICIPATE AS A KEY PARTNER AND ENABLER IN THE AGENCY S EXPLORATION INITIATIVE FOCUSING ON SCIENTIFIC RESEARCH OF ON AND FROM THE MOON LUNAR ORBIT MARS AND BEYOND. ADVANCE DISCOVERY IN EMERGING FIELDS BY IDENTIFYING AND EXPLOITING CROSS-DISCIPLINARY OPPORTUNITIES BETWEEN TRADITIONAL SCIENCE DISCIPLINES DEVELOP A DIRECTORATE-WIDE TARGET-USER FOCUSED APPROACH TO APPLIED PROGRAMS INCLUDING EARTH SCIENCE APPLICATIONS SPACE WEATHER PLANETARY DEFENSE AND SPACE SITUATIONAL AWARENESS,2550 NORTHWESTERN AVE # 1100,,WEST LAFAYETTE,IN,47906,04,WEST LAFAYETTE,IN,47906,04,10172.49,,2028-05-22,2028-05-22,2026-04-20,763,2026-05-07,2
80NSSC25K7684,ASST_NON_80NSSC25K7684_080,grant,04,"UNIVERSITY OF CALIFORNIA, LOS ANGELES",THE ROSES FUNDING OPPORTUNITY GOALS ARE: EXECUTE A BALANCED SCIENCE PROGRAM BASED ON DISCIPLINE-SPECIFIC GUIDANCE FROM THE NATIONAL ACADEMIES OF SCIENCES ENGINEERING AND MEDICINE ADMINISTRATION PRIORITIES AND DIRECTION FROM CONGRESS. PARTICIPATE AS A KEY PARTNER AND ENABLER IN THE AGENCY S EXPLORATION INITIATIVE FOCUSING ON SCIENTIFIC RESEARCH OF ON AND FROM THE MOON LUNAR ORBIT MARS AND BEYOND. ADVANCE DISCOVERY IN EMERGING FIELDS BY IDENTIFYING AND EXPLOITING CROSS-DISCIPLINARY OPPORTUNITIES BETWEEN TRADITIONAL SCIENCE DISCIPLINES DEVELOP A DIRECTORATE-WIDE TARGET-USER FOCUSED APPROACH TO APPLIED PROGRAMS INCLUDING EARTH SCIENCE APPLICATIONS SPACE WEATHER PLANETARY DEFENSE AND SPACE SITUATIONAL AWARENESS.,10889 WILSHIRE BLVD STE 700,,LOS ANGELES,CA,90024,36,LOS ANGELES,CA,90024,36,29513.52,,2028-03-31,2028-03-31,2026-03-19,743,2026-03-19,2
80NSSC24K0520,ASST_NON_80NSSC24K0520_080,grant,04,NATURAL AREAS CONSERVANCY INC,ASSESSING ACCESS TO NATURE AND THEIR BENEFITS IN EJ COMMUNITIES ACROSS US CITIES,1234 5TH AVE,,NEW YORK,NY,10029,13,NEW YORK,NY,10029,13,315207.82,,2027-03-31,2027-03-31,2025-03-21,740,2025-08-15,3
80NSSC24K0944,ASST_NON_80NSSC24K0944_080,grant,04,"NATIONAL SOCIETY OF BLACK PHYSICISTS, INC.",24-TWSC24-0014 NSBP/NSHP: STUDENT LEADERSHIP DEVELOPMENT SUMMIT (SLDS) 2024-26,3033 WILSON BLVD STE 700,,ARLINGTON,VA,22201,08,ARLINGTON,VA,22201,08,99751.00,,2027-03-31,2027-03-31,2025-03-21,740,2025-03-21,2
80NSSC23K1223,ASST_NON_80NSSC23K1223_080,grant,04,UNIVERSITY OF WISCONSIN SYSTEM,FABRICATION AND OPTIMIZATION OF NANOTECHNOLOGY FOR X-RAY TES SOUNDING ROCKET INSTRUMENT,21 N PARK ST STE 6301,,MADISON,WI,53715,02,MADISON,WI,53715,02,143893.73,,2027-08-28,2027-08-28,2025-08-21,737,2026-07-09,4
80NSSC23K1180,ASST_NON_80NSSC23K1180_080,grant,04,NORTHWESTERN UNIVERSITY,DYNAMIC EPOXY CONCRETES FOR EXTRATERRESTRIAL HABITATS,633 CLARK STREET,,EVANSTON,IL,60208,09,EVANSTON,IL,60208,09,142991.95,,2027-07-31,2027-07-31,2025-07-25,736,2026-07-01,4
80NSSC24FA094,CONT_AWD_80NSSC24FA094_8000_80NSSC23DA008_8000,contract,C,HUMANIT SOLUTIONS LLC,TASK ORDER 3 - NASA CONTRACT MANAGEMENT SYSTEM (NCMS) LIFECYCLE OPTIMIZATION,4058 COLONEL GLENN HWY,,BEAVERCREEK TOWNSHIP,OH,45431,10,BEAVERCREEK TOWNSHIP,OH,45431,10,5955993.00,8671715.00,2028-12-13,2028-12-13,2026-12-13,731,2026-07-09,16
80GRC023CA017,CONT_AWD_80GRC023CA017_8000_-NONE-_-NONE-,contract,D,OSI VISION LLC,TECHNICAL WORKFORCE EDUCATION AND EXPERTISE DEVELOPMENT SERVICES (TWEEDS) IN SUPPORT OF THE APPEL KS PROGRAM,17806 W INTERSTATE 10,STE 300,SAN ANTONIO,TX,78257,23,ORLANDO,FL,32899,08,21010160.85,59065631.00,2028-07-31,2028-10-31,2026-10-31,731,2026-06-15,34
80NSSC24K1393,ASST_NON_80NSSC24K1393_080,grant,04,NORTHEASTERN UNIVERSITY,THE EXPLORATION OF LUNAR CAVES AND CRATERS IS CRITICAL TO THE ARTEMIS MISSION OF ESTABLISHING A PERMANENT HUMAN BASE CAMP ON THE MOON.,360 HUNTINGTON AVE,,BOSTON,MA,02115,07,BOSTON,MA,02115,07,167999.00,,2028-08-14,2028-08-14,2026-08-14,731,2025-07-21,2
80GRC023DA007,CONT_IDV_80GRC023DA007_8000,idv,IDV_B_B,MAINTHIA TECHNOLOGIES INC,IMOR BASE AWARD,7055 ENGLE RD,STE 502,CLEVELAND,OH,44130,07,,,,,84621902.24,162806120.20,2028-09-30,2028-09-30,2026-09-30,731,2026-07-23,87
80GRC024DA001,CONT_IDV_80GRC024DA001_8000,idv,IDV_B_B,"BRIDGES BTC, INC.",RECYCLING SERVICES,1694 CEDAR ST,,ROCKLEDGE,FL,32955,08,,,,,1051515.26,1906963.62,2024-11-30,2028-09-30,2026-09-30,731,2026-06-16,23
80JSC023FA219,CONT_AWD_80JSC023FA219_8000_NNG15SD20B_8000,contract,C,CYNERGY PROFESSIONAL SYSTEMS LLC,"THE LEASE OF PRINTERS AND THE ASSOCIATED SOFTWARE, CONSUMABLES AND MAINTENANCE SUPPORT SERVICES","23187 LA CADENA, STE 102",,LAGUNA HILLS,CA,92653,47,HOUSTON,TX,77058,36,315056.49,587726.40,2028-09-30,2028-12-31,2026-12-31,731,2026-05-12,17
80MSFC21D0009,CONT_IDV_80MSFC21D0009_8000,idv,IDV_B_B,"BARRIOS TECHNOLOGY, LLC",CONSOLIDATED PROGRAM SUPPORT SERVICE PROJECT COORDINATION,13100 SPACE CENTER BLVD,STE 650,HOUSTON,TX,77059,36,,,,,64689799.29,252356904.14,2023-04-15,2029-04-15,2027-04-15,731,2026-08-04,106
80NSSC22K0648,ASST_NON_80NSSC22K0648_080,grant,04,"TRUSTEES OF THE UNIVERSITY OF PENNSYLVANIA, THE",FUTURE LONG-DURATION SPACE EXPEDITIONS WILL BE ONE OF THE MOST DIFFICULT DANGEROUS AND DYNAMIC OPERATIONS IN HISTORY RANGING FROM EARTH ORBIT OPERATIONS TO PLANETARY AND UNIVERSE EXPLORATION. WITH PROLONGED MISSION DURATIONS,3451 WALNUT ST STE 440A,,PHILADELPHIA,PA,19104,03,PHILADELPHIA,PA,19104,03,939143.13,,2022-06-16,2027-09-30,2025-09-30,730,2026-06-15,19
80NSSC25K7750,ASST_NON_80NSSC25K7750_080,grant,04,THE UNIVERSITY OF ALABAMA IN HUNTSVILLE,EXECUTE A BALANCED SCIENCE PROGRAM BASED ON DISCIPLINE-SPECIFIC GUIDANCE FROM THE NATIONAL ACADEMIES OF SCIENCES ENGINEERING AND MEDICINE ADMINISTRATION PRIORITIES AND DIRECTION FROM CONGRESS. PARTICIPATE AS A KEY PARTNER AND ENABLER IN THE AGENCY S EXPLORATION INITIATIVE FOCUSING ON SCIENTIFIC RESEARCH OF ON AND FROM THE MOON LUNAR ORBIT MARS AND BEYOND. ADVANCE DISCOVERY IN EMERGING FIELDS BY IDENTIFYING AND EXPLOITING CROSS-DISCIPLINARY OPPORTUNITIES BETWEEN TRADITIONAL SCIENCE DISCIPLINES DEVELOP A DIRECTORATE-WIDE TARGET-USER FOCUSED APPROACH TO APPLIED PROGRAMS INCLUDING EARTH SCIENCE APPLICATIONS SPACE WEATHER PLANETARY DEFENSE AND SPACE SITUATIONAL AWARENESS,301 SPARKMAN DR NW,,HUNTSVILLE,AL,35805,05,HUNTSVILLE,AL,35805,05,547377.00,,2028-02-20,2028-02-20,2026-02-20,730,2026-02-10,2
80JSC024DA021,CONT_IDV_80JSC024DA021_8000,idv,IDV_B_B,LUNAR OUTPOST INC,"THE LUNAR TERRAIN VEHICLE (LTV) SERVICES (SERVICES) CONTRACT WILL PROVIDE NASA INCREASED LUNAR SURFACE UNPRESSURIZED MOBILITY FOR SUITED EXTRAVEHICULAR ACTIVITY (EVA) CREW MEMBERS, AND TO TELEROBOTICALLY",12555 W 52ND AVE,,ARVADA,CO,80002,07,,,,,108277872.45,4600000000.00,2037-03-27,2039-03-27,2037-03-27,730,2026-06-11,11
80NSSC23FB189,CONT_AWD_80NSSC23FB189_8000_80NSSC23DA003_8000,contract,C,"STRATEGY CONSULTING TEAM, LLC",NASA ENTERPRISE - WIDE HUMAN CAPTIAL SUPPORT SERVICES STRATEGY CONSULTING TEAM (SCT) CONTRACT #80NSSC23DA003 PATHFINDERS LEADERSHIP DEVELOPMENT,4000 LEGATO RD,STE 1100,FAIRFAX,VA,22033,11,WASHINGTON,DC,20546,98,289073.91,422108.85,2024-09-30,2027-10-31,2025-10-31,730,2025-08-13,6
80JSC024DA020,CONT_IDV_80JSC024DA020_8000,idv,IDV_B_B,"INTUITIVE MACHINES, LLC",THE LUNAR TERRAIN VEHICLE (LTV) SERVICES (SERVICES) CONTRACT WILL PROVIDE NASA INCREASED LUNAR SURFACE UNPRESSURIZED MOBILITY FOR SUITED EXTRAVEHICULAR ACTIVITY (EVA) CREW MEMBERS.,13467 COLUMBIA SHUTTLE ST,,HOUSTON,TX,77059,36,,,,,30000000.00,4600000000.00,2037-03-27,2039-03-27,2037-03-27,730,2026-06-16,9
80NM0018F0630,CONT_AWD_80NM0018F0630_8000_80NM0018D0004_8000,contract,C,CALIFORNIA INSTITUTE OF TECHNOLOGY,EARTH SCIENCE TECHNOLOGY OFFICE MANAGEMENT 80-10728,4800 OAK GROVE DR,,PASADENA,CA,91109,28,PASADENA,CA,91109,28,14035117.62,17282969.00,2023-09-30,2030-09-30,2028-09-30,730,2026-07-08,43
80NSSC25PA999,CONT_AWD_80NSSC25PA999_8000_-NONE-_-NONE-,contract,B,PROGRESS SOFTWARE CORPORATION,FY25 SITEFINITY RENEWAL,15 WAYSIDE RD STE 400B,,BURLINGTON,MA,01803,06,BURLINGTON,MA,01803,06,0.00,0.00,2027-08-18,2027-08-18,2025-08-19,729,2025-07-21,2
80ARC026F7015,CONT_AWD_80ARC026F7015_8000_80ARC020D0010_8000,contract,C,"KBR WYLE SERVICES, LLC","INTELLIGENT SYSTEMS RESEARCH AND DEVELOPMENT SUPPORT 3 - TASK ORDER 1 (CODE TI IDIQ WORK). SUPPORTS: TECHNOLOGY RESEARCH AREAS, MISSION OPERATIONS, FLIGHT OPERATIONS, AND SOFTWARE SYSTEMS ENGINEERING AND SOFTWARE PROJECT MANAGEMENT.",8120 MAPLE LAWN BLVD,,FULTON,MD,20759,03,MOFFETT FIELD,CA,94035,18,0.00,22450328.19,2028-04-30,2028-04-30,2026-05-02,729,2026-04-28,2
80ARC026F7016,CONT_AWD_80ARC026F7016_8000_80ARC020D0010_8000,contract,C,"KBR WYLE SERVICES, LLC","COST-PLUS FIXED FEE (CPFF) INDEFINITE DELIVERY, INDEFINITE QUANTITY (IDIQ) TASK ORDER 2 FOR OPTION PERIOD 3, UNDER THE EXISTING CONTRACT NO. 80ARC020D0010 TO PROVIDE TECHNICAL ADVANCEMENT TO SUPPORT THE INTELLIGENT SYSTEMS DIVISIONS AT ARC.",8120 MAPLE LAWN BLVD,,FULTON,MD,20759,03,MOFFETT FIELD,CA,94035,18,0.00,2813784.99,2028-04-30,2028-04-30,2026-05-02,729,2026-04-28,2
80NM0018F0507,CONT_AWD_80NM0018F0507_8000_80NM0018D0004_8000,contract,C,CALIFORNIA INSTITUTE OF TECHNOLOGY,PSC GPS/PNT EXPERT SUPPORT 97-16114,4800 OAK GROVE DR,,PASADENA,CA,91109,28,PASADENA,CA,91109,28,618253.48,2672612.00,2023-09-30,2030-09-29,2028-09-30,729,2026-02-14,28
80MSFC21F0131,CONT_AWD_80MSFC21F0131_8000_80MSFC21D0009_8000,contract,C,"BARRIOS TECHNOLOGY, LLC","THE CONTRACTOR SHALL PROVIDE THE PLANNING, COORDINATING, TECHNICAL MANAGEMENT, EXECUTION, AND SURVEILLANCE OF THE ACTIVITIES NECESSARY TO ASSURE DISCIPLINED PERFORMANCE OF WORK AND TIMELY APPLICATION OF RESOURCES FOR THIS CONTRACT.",13100 SPACE CENTER BLVD,STE 650,HOUSTON,TX,77059,36,HUNTSVILLE,AL,35812,05,3787180.33,4257264.25,2021-08-15,2029-04-06,2027-04-15,722,2026-08-04,45
80NSSC24K0677,ASST_NON_80NSSC24K0677_080,grant,04,"UNIVERSITY OF CALIFORNIA, LOS ANGELES",THE GENERATION MECHANISMS OF FORESHOCK ULF WAVE HARMONICS,10920 WILSHIRE BLVD STE 500,,LOS ANGELES,CA,90024,32,LOS ANGELES,CA,90024,32,175398.18,,2028-02-28,2028-02-28,2026-03-19,711,2026-03-19,4
80NSSC25K7862,ASST_NON_80NSSC25K7862_080,grant,04,VANDERBILT UNIVERSITY,EXECUTE A BALANCED SCIENCE PROGRAM BASED ON DISCIPLINE-SPECIFIC GUIDANCE FROM THE NATIONAL ACADEMIES OF SCIENCES ENGINEERING AND MEDICINE ADMINISTRATION PRIORITIES AND DIRECTION FROM CONGRESS. PARTICIPATE AS A KEY PARTNER AND ENABLER IN THE AGENCY S EXPLORATION INITIATIVE FOCUSING ON SCIENTIFIC RESEARCH OF ON AND FROM THE MOON LUNAR ORBIT MARS AND BEYOND. ADVANCE DISCOVERY IN EMERGING FIELDS BY IDENTIFYING AND EXPLOITING CROSS-DISCIPLINARY OPPORTUNITIES BETWEEN TRADITIONAL SCIENCE DISCIPLINES DEVELOP A DIRECTORATE-WIDE TARGET-USER FOCUSED APPROACH TO APPLIED PROGRAMS INCLUDING EARTH SCIENCE APPLICATIONS SPACE WEATHER PLANETARY DEFENSE AND SPACE SITUATIONAL AWARENESS.,110 21ST AVE S,,NASHVILLE,TN,37203,05,NASHVILLE,TN,37203,05,24651.42,,2028-03-31,2028-03-31,2026-04-22,709,2026-04-22,2
80NSSC23K1194,ASST_NON_80NSSC23K1194_080,grant,04,MASSACHUSETTS INSTITUTE OF TECHNOLOGY,DEVELOPING A VERIFICATION AND VALIDATION OPTIMIZATION METHODOLOGY WITH UNCERTAINTY QUANTIFICATION,77 MASSACHUSETTS AVE,,CAMBRIDGE,MA,02139,07,CAMBRIDGE,MA,02139,07,160023.30,,2027-07-31,2027-07-31,2025-08-31,699,2025-06-24,4
80NSSC23K1195,ASST_NON_80NSSC23K1195_080,grant,04,MASSACHUSETTS INSTITUTE OF TECHNOLOGY,MODELING THE IN-SPACE MANUFACTURING OF LARGE LIGHTWEIGHT STRUCTURES WITH ROBOTIC DEFORMATION PROCESSING,77 MASSACHUSETTS AVE,,CAMBRIDGE,MA,02139,07,CAMBRIDGE,MA,02139,07,217167.00,,2027-07-31,2027-07-31,2025-09-01,698,2025-08-04,4
80NSSC26K0789,ASST_NON_80NSSC26K0789_080,grant,04,MASSACHUSETTS INSTITUTE OF TECHNOLOGY,EXECUTE A BALANCED SCIENCE PROGRAM BASED ON DISCIPLINE-SPECIFIC GUIDANCE FROM THE NATIONAL ACADEMIES OF SCIENCES ENGINEERING AND MEDICINE ADMINISTRATION PRIORITIES AND DIRECTION FROM CONGRESS. PARTICIPATE AS A KEY PARTNER AND ENABLER IN THE AGENC,77 MASSACHUSETTS AVE,,CAMBRIDGE,MA,02139,07,CAMBRIDGE,MA,02139,07,0.00,,2028-04-09,2028-04-09,2026-05-28,682,2026-07-02,2
80AFRC24FA021,CONT_AWD_80AFRC24FA021_8000_80AFRC24DA008_8000,contract,C,MOMENTUS SPACE LLC,MINIMUM GUARANTEED,3901 N FIRST ST.,,SAN JOSE,CA,95134,17,SAN JOSE,CA,95134,17,340891.00,340891.00,2029-02-28,2029-02-28,2027-05-01,669,2026-06-04,4
80JSC024FA212,CONT_AWD_80JSC024FA212_8000_80JSC023DA011_8000,contract,C,SIERRA SPACE CORP,ENIAC CLOUD THE FIRST SPACE HARDENED MULTI CLOUD EDGE COMPUTING PLATFORM IMPLEMENTATION PARTNERS,2000 TAYLOR AVE STE 100,,LOUISVILLE,CO,80027,02,LOUISVILLE,CO,80027,02,171303.94,171303.94,2027-09-30,2027-09-30,2025-11-30,669,2025-12-01,6
80KSC022DA100,CONT_IDV_80KSC022DA100_8000,idv,IDV_B_B,LONG WALL COMPANY,VENTURE-CLASS ACQUISITION OF DEDICATED AND RIDESHARE (VADR) LAUNCH SERVICES,224 OREGON ST.,,EL SEGUNDO,CA,90245,36,,,,,0.00,0.00,2027-02-03,2027-02-03,2025-04-15,659,2025-04-15,6
80NSSC26P0592,CONT_AWD_80NSSC26P0592_8000_-NONE-_-NONE-,contract,B,"ADA CORE TECHNOLOGIES, INC.",CODESONAR SOURCE CODE ANALYSIS DEVELOPER SUBSCRIPTION RENEW,150 W 30TH ST,FL 16,NEW YORK,NY,10001,12,NEW YORK,NY,10001,12,0.00,0.00,2028-05-06,2028-05-06,2026-07-31,645,2026-07-31,2
80NM0018F0679,CONT_AWD_80NM0018F0679_8000_80NM0018D0004_8000,contract,C,CALIFORNIA INSTITUTE OF TECHNOLOGY,CASE: CONTRIBUTION TO ARIEL SPECTROSCOPY OF EXOPLANETS 71-700092,4800 OAK GROVE DR,,PASADENA,CA,91109,28,PASADENA,CA,91109,28,40702253.00,44172042.00,2018-12-31,2030-06-30,2028-09-30,638,2026-05-20,38
80NSSC26K0790,ASST_NON_80NSSC26K0790_080,grant,04,"REGENTS OF THE UNIVERSITY OF CALIFORNIA, THE",EXECUTE A BALANCED SCIENCE PROGRAM BASED ON DISCIPLINE-SPECIFIC GUIDANCE FROM THE NATIONAL ACADEMIES OF SCIENCES ENGINEERING AND MEDICINE ADMINISTRATION PRIORITIES AND DIRECTION FROM CONGRESS. PARTICIPATE AS A KEY PARTNER AND ENABLER IN THE AGENC,119 CALIFORNIA HALL,,BERKELEY,CA,94720,12,BERKELEY,CA,94720,12,0.00,,2028-04-09,2028-04-09,2026-07-22,627,2026-07-22,2
80KSC022CA010,CONT_AWD_80KSC022CA010_8000_-NONE-_-NONE-,contract,D,"ASTRION GROUP, LLC",LABORATORY SUPPORT SERVICES AND OPERATIONS II (LASSO) II CONTRACT,"308 VOYAGER WAY, SUITE 200",,HUNTSVILLE,AL,35806,05,ORLANDO,FL,32899,08,164275691.82,213646512.85,2024-09-30,2028-03-31,2026-07-16,624,2026-07-16,38
80NSSC24K0503,ASST_NON_80NSSC24K0503_080,grant,04,GEORGE WASHINGTON UNIVERSITY (THE),ASSESSING ENVIRONMENTAL JUSTICE AIR QUALITY AND HEALTH CO-BENEFITS OF TRANSPORT INTERVENTIONS IN U.S. URBAN AREAS,1918 F ST NW,,WASHINGTON,DC,20052,98,WASHINGTON,DC,20052,98,506303.98,,2027-03-14,2027-03-14,2025-07-11,611,2026-03-03,5
80GSFC22CA019,CONT_AWD_80GSFC22CA019_8000_-NONE-_-NONE-,contract,D,PERATON INC.,OPERATIONS AND MANAGEMENT OF THE NASA BALLOON FACILITY,12975 WORLDGATE DR STE 7322,,HERNDON,VA,20170,11,PALESTINE,TX,75803,06,178365679.26,329912726.07,2023-09-30,2029-05-31,2027-09-30,609,2026-07-21,82
80NSSC21K1373,ASST_NON_80NSSC21K1373_080,grant,04,"UNIVERSITY OF CALIFORNIA, DAVIS",HUMAN-GUIDED ROBOTIC ARM OPERATIONS WILL BE ESSENTIAL FOR LONG-DURATION HUMAN SPACEFLIGHT INCLUDING LEO CIS-LUNAR AND MARTIAN ORBITS,1850 RESEARCH PARK DR STE 300,,DAVIS,CA,95618,04,DAVIS,CA,95618,04,1005955.00,,2025-06-01,2027-06-01,2025-09-30,609,2025-08-11,13
80MSFC19C0042,CONT_AWD_80MSFC19C0042_8000_-NONE-_-NONE-,contract,D,CALIFORNIA INSTITUTE OF TECHNOLOGY,"SMALL, INNOVATIVE, MISSIONS FOR PLANETARY EXPLORATION (SIMPLEX)",1200 E CALIFORNIA BLVD,,PASADENA,CA,91125,28,PASADENA,CA,91125,28,51646380.38,58791526.00,2019-12-04,2027-05-31,2025-09-30,608,2026-07-23,47
80ARC023CA004,CONT_AWD_80ARC023CA004_8000_-NONE-_-NONE-,contract,D,THE TRUSTEES OF COLUMBIA UNIVERSITY IN THE CITY OF NEW YORK,CONTRACT FOR RESEARCH AND DEVELOPMENT WORK TO EXTENDED LONGEVITY OF 3D TISSUES AND MICROPHYSIOLOGICAL SYSTEMS FOR MODELING OF ACUTE AND CHRONIC EXPOSURES TO STRESSORS.,630 W 168TH ST FL 4,,NEW YORK,NY,10032,13,STANFORD,CA,94305,16,2000000.00,2000000.00,2026-10-31,2026-10-31,2025-03-07,603,2025-03-21,4
80NSSC21K1140,ASST_NON_80NSSC21K1140_080,grant,04,THE REGENTS OF THE UNIVERSITY OF COLORADO,OUR PROPOSED RESEARCH IS DIRECTLY ALIGNED WITH THAT OF THE VNSCOR AND CAN BE INTEGRATED WITH RESEARCHERS INVESTIGATING TEAMS OPTIMAL ADAPTIVE CONTROL ALGORITHMS MOTIVATIONAL STRATEGIES OR NEURAL AND COGNITIVE DECREMENTS...,3100 MARINE ST STE 481 572 UCB,,BOULDER,CO,80309,02,BOULDER,CO,80309,02,1096000.00,,2025-05-18,2027-05-18,2025-09-30,595,2025-08-12,17
80NSSC23K1185,ASST_NON_80NSSC23K1185_080,grant,04,THE UNIVERSITY OF CENTRAL FLORIDA BOARD OF TRUSTEES,EXPERIMENTAL INVESTIGATION AND CHEMICAL MODELING OF THRUSTER PLUMES FOR PLANETARY LANDERS,4000 CENTRAL FLORIDA BLVD,,ORLANDO,FL,32816,10,ORLANDO,FL,32816,10,221790.00,,2027-07-31,2027-07-31,2025-12-18,590,2026-01-23,4
80NSSC24K0178,ASST_NON_80NSSC24K0178_080,grant,04,BROWN UNIVERSITY,NASA EARTH OBSERVATIONS FOR RESILIENT SALTON SEA COMMUNITIES,1 PROSPECT ST,,PROVIDENCE,RI,02912,01,PROVIDENCE,RI,02912,01,352074.28,,2026-10-31,2026-10-31,2025-03-21,589,2025-08-12,4
80NSSC24K0927,ASST_NON_80NSSC24K0927_080,grant,04,THE REGENTS OF THE UNIVERSITY OF COLORADO,PROBING THE INTERIORS OF JUPITER AND GAS GIANTS THROUGH FLUID DYNAMICS SIMULATIONS CHARACTERIZING THE MIXING EFFICIENCY OF CONVECTION AND THE NATURE OF DILUTE CORES,3100 MARINE ST,STE 481 572 UCB,BOULDER,CO,80309,02,BOULDER,CO,80309,02,194060.16,,2027-08-31,2027-08-31,2026-01-20,588,2026-01-20,2
80NSSC22M0302,ASST_NON_80NSSC22M0302_080,grant,05,"CLOUDFLARE, INC.",SOLE SOURCE CONTINUATION OF ANYCAST DNS SERVICE FOR E-ROOT,101 TOWNSEND STREET,,SAN FRANCISCO,CA,94107,11,SAN FRANCISCO,CA,94107,11,0.00,,2027-08-23,2027-08-23,2026-01-16,584,2026-02-10,3
80NSSC24K0177,ASST_NON_80NSSC24K0177_080,grant,04,THE JOHNS HOPKINS UNIVERSITY,22-IDS22-0055 RESOLVING INTRA-URBAN VARIABILITY IN HEAT AND AIR QUALITY FROM SPACE AND THE GROUND: LEVERAGING DIVERSE OBSERVATIONS TO SUPPORT ENVIRONMENTAL JUSTICE,3400 N CHARLES ST,,BALTIMORE,MD,21218,07,BALTIMORE,MD,21218,07,507640.22,,2026-10-24,2026-10-24,2025-03-21,582,2026-03-11,5
80NSSC24K0176,ASST_NON_80NSSC24K0176_080,grant,04,VIRGINIA POLYTECHNIC INSTITUTE & STATE UNIVERSITY,DEMOCRATIZING DATA TO SUPPORT ADAPTATION DECISION MAKING IN THE NORTH-ATLANTIC COASTAL PLAIN: LAND SUBSIDENCE COMPOUND FLOODING HAZARD AND WATER QUALITY,300 TURNER ST NW,STE 4200,BLACKSBURG,VA,24060,09,BLACKSBURG,VA,24060,09,390648.69,,2026-10-24,2026-10-24,2025-03-21,582,2025-08-12,5
80GRC019F0195,CONT_AWD_80GRC019F0195_8000_80GSFC19D0011_8000,contract,C,THE AEROSPACE CORPORATION,NASA GRC SPACE LAUNCH SYSTEMS (SLS) SUPPORT,2310 EAST EL SEGUNDO BLVD,,EL SEGUNDO,CA,90245,36,EL SEGUNDO,CA,90245,36,786346.68,786346.68,2021-09-30,2026-09-30,2025-02-28,579,2025-02-27,30
80AFRC24FA025,CONT_AWD_80AFRC24FA025_8000_80AFRC24DA012_8000,contract,C,"GALACTIC ENTERPRISES, LLC",MINIMUM GUARANTEED,166 N ROADRUNNER PKWY STE 1C,,LAS CRUCES,NM,88011,02,LAS CRUCES,NM,88011,02,630549.00,630549.00,2029-02-28,2029-02-28,2027-07-31,578,2026-07-20,3
80NSSC23K1198,ASST_NON_80NSSC23K1198_080,grant,04,VANDERBILT UNIVERSITY,DESIGN AND ANALYSIS OF DEEP SUBWAVELENGTH FEATURED INTEGRATED PHOTONICS FOR AEROSPACE APPLICATIONS IN HARSH.ENVIRONMENTS,110 21ST AVE S,,NASHVILLE,TN,37203,05,NASHVILLE,TN,37203,05,182700.00,,2027-07-31,2027-07-31,2025-12-31,577,2025-08-28,3
80NSSC23K1201,ASST_NON_80NSSC23K1201_080,grant,04,"UNIVERSITY OF MARYLAND, COLLEGE PARK",A FRAMEWORK FOR ACCURATE FULL-FIELD EDL ENVIRONMENT RECONSTRUCTION FROM DISTRIBUTED THERMAL MEASUREMENTS,3112 LEE BLDG 7809 REGENTS DR,,COLLEGE PARK,MD,20742,04,COLLEGE PARK,MD,20742,04,225416.00,,2027-07-31,2027-07-31,2025-12-31,577,2026-01-23,4
80NSSC24K1456,ASST_NON_80NSSC24K1456_080,grant,04,UNIVERSITY OF MARYLAND BALTIMORE COUNTY,23-SOGI23_2-0020 ON THE IMPORTANCE OF LONGITUDE,1000 HILLTOP CIR,,BALTIMORE,MD,21250,07,BALTIMORE,MD,21250,07,130216.00,,2027-07-09,2027-07-09,2025-12-10,576,2026-02-17,2
80HQTR21AA002,CONT_IDV_80HQTR21AA002_8000,idv,IDV_E,"BLACKSKY GEOSPATIAL SOLUTIONS, LLC",COMMERCIAL SMALLSAT DATA ACQUISITION PROGRAM (CSDAP),2411 DULLES CORNER PARK STE 300,,HERNDON,VA,20171,11,,,,,0.00,1.00,2026-09-29,2026-09-29,2025-03-11,567,2025-03-11,6
80NSSC22K1796,ASST_NON_80NSSC22K1796_080,grant,04,TEXAS A&M UNIVERSITY-CORPUS CHRISTI,SOUTH AND CENTRAL TEXAS MSIS LED COLLABORATION WITH AERONET AND PANDORA.NETWORK,6300 OCEAN DR UNIT 5739,,CORPUS CHRISTI,TX,78412,27,CORPUS CHRISTI,TX,78412,27,215032.52,,2027-12-31,2027-12-31,2026-06-23,556,2026-06-23,6
80NSSC23K1208,ASST_NON_80NSSC23K1208_080,grant,04,GEORGIA TECH RESEARCH CORP,ONBOARD CHEMICALLY SPECIFIC MONITORING AND DETECTION OF MICROORGANISMS,926 DALNEY ST NW,,ATLANTA,GA,30332,05,ATLANTA,GA,30332,05,246694.00,,2027-07-31,2027-07-31,2026-01-22,555,2026-03-09,4
80NM0018F0566,CONT_AWD_80NM0018F0566_8000_80NM0018D0004_8000,contract,C,CALIFORNIA INSTITUTE OF TECHNOLOGY,OFFICE OF CHIEF TECHNOLOGIST (OCT) STRATEGIC INTEGRATION 15-17437,4800 OAK GROVE DR,,PASADENA,CA,91109,28,PASADENA,CA,91109,28,3743031.81,3743031.81,2022-09-30,2027-09-30,2026-03-29,550,2026-05-01,30
80LARC25F7010,CONT_AWD_80LARC25F7010_8000_80LARC18C0001_8000,contract,C,THE REGENTS OF THE UNIVERSITY OF COLORADO,CONDUCT 3 TOTAL DRESS REHEARSALS TO MITIGATE RISK ASSOCIATED WITH EXTENDED STORAGE PERIOD.,3100 MARINE ST STE 481 572 UCB,,BOULDER,CO,80309,02,BOULDER,CO,80303,02,155381.18,164474.00,2027-09-30,2027-09-30,2026-03-31,548,2026-05-21,6
80NSSC23K1269,ASST_NON_80NSSC23K1269_080,grant,04,MASSACHUSETTS INSTITUTE OF TECHNOLOGY,TESTING THE GIANT IMPACT ORIGIN OF THE MARS HEMISPHERIC DICHOTOMY: NOVEL MODELS OF IMPACT DYNAMICS AND POST-IMPACT CRUSTAL FLOW,77 MASSACHUSETTS AVE,,CAMBRIDGE,MA,02139,07,CAMBRIDGE,MA,02139,07,0.00,,2026-08-14,2026-08-14,2025-02-12,548,2025-02-11,2
80NM0018F0588,CONT_AWD_80NM0018F0588_8000_80NM0018D0004_8000,contract,C,CALIFORNIA INSTITUTE OF TECHNOLOGY,MAIA MULTI-ANGLE IMAGER FOR AEROSOLS 86-700042,4800 OAK GROVE DR,,PASADENA,CA,91109,28,PASADENA,CA,91109,28,90857127.18,101500658.00,2026-08-14,2030-03-31,2028-09-30,547,2026-06-10,33
80NSSC23K1330,ASST_NON_80NSSC23K1330_080,grant,04,UNIVERSITY OF OREGON,22-ICESAT2_22-0042 RETRIEVAL OF GLACIER ICE AND SNOW PROPERTIES OVER THE GREENLAND ICE SHEET FROM ICESAT-2,1585 E 13TH AVE,,EUGENE,OR,97403,04,EUGENE,OR,97403,04,112619.59,,2026-08-31,2026-08-31,2025-03-10,539,2025-03-10,3
80NM0022F0032,CONT_AWD_80NM0022F0032_8000_80NM0018D0004_8000,contract,C,CALIFORNIA INSTITUTE OF TECHNOLOGY,IND SUPPORT OF SPACE WEATHER FOLLOW ON (SWFO) (91-110678),4800 OAK GROVE DR,,PASADENA,CA,91109,28,PASADENA,CA,91109,28,1123755.00,1246418.00,2030-03-22,2030-03-22,2028-09-30,538,2026-04-22,7
80JSC024F0086,CONT_AWD_80JSC024F0086_8000_80JSC020D0040_8000,contract,C,"CROWDPLAT, INC.",NOIS2-187 PER- AND POLYFLUOROALKYL SUBSTANCES (PFAS) PRIZE COMPETITIONS,6200 STONERIDGE MALL RD STE 300,,PLEASANTON,CA,94588,14,MILPITAS,CA,95035,17,150000.00,150000.00,2026-09-30,2026-09-30,2025-04-21,527,2025-05-12,2
80NSSC25K7059,ASST_NON_80NSSC25K7059_080,grant,04,"SCIENCE SYSTEMS AND APPLICATIONS, INC.",EXECUTE A BALANCED SCIENCE PROGRAM BASED ON DISCIPLINE-SPECIFIC GUIDANCE FROM THE NATIONAL ACADEMIES OF SCIENCES ENGINEERING AND MEDICINE ADMINISTRATION PRIORITIES AND DIRECTION FROM CONGRESS. PARTICIPATE AS A KEY PARTNER AND ENABLER IN THE AGENCY S EXPLORATION INITIATIVE FOCUSING ON SCIENTIFIC RESEARCH OF ON AND FROM THE MOON LUNAR ORBIT MARS AND BEYOND. ADVANCE DISCOVERY IN EMERGING FIELDS BY IDENTIFYING AND EXPLOITING CROSS-DISCIPLINARY OPPORTUNITIES BETWEEN TRADITIONAL SCIENCE DISCIPLINES DEVELOP A DIRECTORATE-WIDE TARGET-USER FOCUSED APPROACH TO APPLIED PROGRAMS INCLUDING EARTH SCIENCE APPLICATIONS SPACE WEATHER PLANETARY DEFENSE AND SPACE SITUATIONAL AWARENESS.,10210 GREENBELT RD,STE 600,LANHAM,MD,20706,04,LANHAM,MD,20706,04,88408.00,,2027-10-06,2027-10-06,2026-05-01,523,2026-07-02,3
80NSSC24CA161,CONT_AWD_80NSSC24CA161_8000_-NONE-_-NONE-,contract,D,NUBURU INC.,SBIR PHASE II - BLUE-PLUME - BLUE LASER PLANETARY AND LUNAR MANAGEMENT OF ELECTRICAL POWER,7442 S TUCSON WAY,STE 130,ENGLEWOOD,CO,80112,06,ENGLEWOOD,CO,80112,06,849989.00,849989.00,2026-08-07,2026-08-07,2025-03-05,520,2025-03-11,2
80NSSC24K1795,ASST_NON_80NSSC24K1795_080,grant,04,"RESEARCH FOUNDATION FOR THE STATE UNIVERSITY OF NEW YORK, THE",THE ROLE OF MAGMATIC GAS IN THE FORMATION OF MARTIAN BRINES,101 BROAD ST,,PLATTSBURGH,NY,12901,21,PLATTSBURGH,NY,12901,21,0.00,,2027-12-19,2027-12-19,2026-07-17,520,2026-07-17,2
80AFRC23CA004,CONT_AWD_80AFRC23CA004_8000_-NONE-_-NONE-,contract,D,TBP&JJ WORLDWIDE SERVICES LLC,"FACILITIES OPERATIONS AND MAINTENANCE SERVICES (FOMS), JANITORIAL SERVICES, AND GROUNDS MAINTENANCE.","215 DEPOT CT, 3RD FL",,LEESBURG,VA,20175,10,EDWARDS,CA,93523,20,23968007.47,41626389.44,2023-11-30,2028-02-29,2026-10-04,513,2026-06-25,44
80NSSC23K1496,ASST_NON_80NSSC23K1496_080,grant,04,REGENTS OF THE UNIVERSITY OF MINNESOTA,PHYSICS-BASED FORMULATION OF TAILORED IONIC LIQUIDS FOR SPACECRAFT THERMAL CONTROL,200 OAK ST SE,,MINNEAPOLIS,MN,55455,05,MINNEAPOLIS,MN,55455,05,138456.84,,2026-10-15,2026-10-15,2025-05-25,508,2025-09-29,5
80NM0025F7025,CONT_AWD_80NM0025F7025_8000_80NM0018D0004_8000,contract,C,CALIFORNIA INSTITUTE OF TECHNOLOGY,JPL SUPPORT TO EXPLORATION SYSTEMS DEVELOPMENT MISSION DIRECTORATE (ESDMD) MARS CAMPAIGN OFFICE (MCO) EARTH INDEPENDENT OPERATIONS (EIO) DOMAIN (40-226867),4800 OAK GROVE DR,,PASADENA,CA,91109,28,PASADENA,CA,91109,28,3195978.96,3310136.00,2030-02-18,2030-02-18,2028-09-30,506,2026-06-24,7
80HQTR21AA001,CONT_IDV_80HQTR21AA001_8000,idv,IDV_E,AIRBUS DS GEO INC.,COMMERCIAL SMALLSAT DATA ACQUISITION PROGRAM (CSDAP) THE CONTRACTOR SHALL BE RESPONSIBLE FOR DELIVERY OF A COMPREHENSIVE CATALOGUE OF THE SYNTHETIC APERTURE RADAR (SAR) EARTH OBSERVATION DATA PRODUCTS.,2550 WASSER TER STE 9100,STE 9100,HERNDON,VA,20171,11,,,,,0.00,1.00,2026-07-28,2026-07-28,2025-03-11,504,2025-03-11,5
NNM16AA29C,CONT_AWD_NNM16AA29C_8000_-NONE-_-NONE-,contract,D,LANTERIS SPACE LLC,IGF::OT::IGF TIPPING POINT TECHNOLOGIES - DRAGONFLY: ON-ORBIT ROBOTIC INSTALLATION AND RECONFIGURATION OF LARGE SOLID RADIO FREQUENCY REFLECTORS.,3825 FABIAN WAY,,PALO ALTO,CA,94303,16,PALO ALTO,CA,94303,16,167127410.10,167127410.10,2017-08-31,2026-10-01,2025-05-30,489,2025-06-02,51
80NM0025F7021,CONT_AWD_80NM0025F7021_8000_80NM0018D0004_8000,contract,C,CALIFORNIA INSTITUTE OF TECHNOLOGY,LASER INTERFEROMETER SPACE ANTENNA (LISA) (71-224611),4800 OAK GROVE DR,,PASADENA,CA,91109,28,PASADENA,CA,91109,28,2162421.00,4562400.00,2030-01-30,2030-01-30,2028-09-30,487,2026-06-26,5
80NSSC23K0028,ASST_NON_80NSSC23K0028_080,grant,04,SPELMAN COLLEGE,21-IPMSI21-0011 ACQUISITION OF GROUND-BASED REMOTE SENSING MEASUREMENT NETWORKS FOR STEM RESEARCH AND RESEARCH EDUCATION IN SPELMAN COLLEGE,350 SPELMAN LN SW 589,,ATLANTA,GA,30314,05,ATLANTA,GA,30314,05,88061.01,,2027-09-30,2027-09-30,2026-06-03,484,2026-06-03,4
80NM0023F0040,CONT_AWD_80NM0023F0040_8000_80NM0018D0004_8000,contract,C,CALIFORNIA INSTITUTE OF TECHNOLOGY,INTERPLANETARY NETWORK DIRECTORATE (IND) SERVICES SUPPORT OF JAXA MARS MOON EXPLORER (MMX) (91-110676),4800 OAK GROVE DR,,PASADENA,CA,91109,28,PASADENA,CA,91109,28,3041061.00,9162502.00,2030-01-26,2030-01-26,2028-09-30,483,2026-07-11,7
80NSSC22K1186,ASST_NON_80NSSC22K1186_080,grant,04,THE REGENTS OF THE UNIVERSITY OF COLORADO,21-NSTGRO22-0124 INTERDISCIPLINARY DEVELOPMENT OF ADVANCED AEROCAPTURE GUIDANCE ALGORITHMS USING HIGH-FIDELITY PHYSICS MODELING,3100 MARINE ST STE 481 572 UCB,,BOULDER,CO,80309,02,BOULDER,CO,80309,02,179929.63,,2026-08-28,2026-08-28,2025-05-08,477,2026-04-30,5
80NSSC23K1058,ASST_NON_80NSSC23K1058_080,grant,04,CATHOLIC UNIVERSITY OF AMERICA (THE),A STUDY OF OSCILLATIONS IN STELLAR AND SOLAR FLARES,620 MICHIGAN AVE NE,,WASHINGTON,DC,20064,98,WASHINGTON,DC,20064,98,120698.84,,2026-12-31,2026-12-31,2025-09-11,476,2025-11-26,6
80NSSC23K1064,ASST_NON_80NSSC23K1064_080,grant,04,"UNIVERSITY OF CALIFORNIA, LOS ANGELES",PROPERTIES AND ORIGINS OF MAGNETIC SWITCHBACKS AND SWITCHBACK PATCHES IN THE SOLAR WIND,10889 WILSHIRE BLVD STE 700,,LOS ANGELES,CA,90024,36,LOS ANGELES,CA,90024,36,207198.53,,2027-05-23,2027-05-23,2026-02-02,475,2026-02-02,4
80NSSC23K1055,ASST_NON_80NSSC23K1055_080,grant,04,UNIVERSITY CORPORATION FOR ATMOSPHERIC RESEARCH,UNDERSTANDING AURORAL PRECIPITATION EFFECTS IN THE IONOSPHERE-THERMOSPHERE,3090 CENTER GREEN DR,,BOULDER,CO,80301,02,BOULDER,CO,80301,02,186330.14,,2027-05-31,2027-05-31,2026-02-17,468,2026-02-17,5
80NSSC23K1182,ASST_NON_80NSSC23K1182_080,grant,04,THE REGENTS OF THE UNIVERSITY OF COLORADO,AUTONOMOUS MULTIAGENT SEARCH-AND-IMAGE TASKING FOR SATELLITE CONSTELLATIONS,3100 MARINE ST STE 481 572 UCB,,BOULDER,CO,80309,02,BOULDER,CO,80309,02,247702.00,,2027-08-14,2027-08-14,2026-05-15,456,2026-04-23,5
80NSSC23K0584,ASST_NON_80NSSC23K0584_080,grant,04,BOARD OF REGENTS OF THE UNIVERSITY OF NEBRASKA,22-NIAC23B-0017 BIOMINERALIZATION-ENABLED SELF-GROWING BUILDING BLOCKS FOR HABITAT OUTFITTING ON MARS,2200 VINE ST BOX 830861,,LINCOLN,NE,68503,01,LINCOLN,NE,68503,01,119990.98,,2026-04-30,2026-04-30,2025-01-31,454,2026-01-06,5
80NSSC23K1173,ASST_NON_80NSSC23K1173_080,grant,04,THE UNIVERSITY OF CENTRAL FLORIDA BOARD OF TRUSTEES,QUANTITATIVE OPTIMIZATION OF PLANETARY EXCAVATION METHODS,4000 CENTRAL FLORIDA BLVD,,ORLANDO,FL,32816,10,ORLANDO,FL,32816,10,252000.00,,2027-07-31,2027-07-31,2026-05-08,449,2026-04-23,4
80NSSC23K1435,ASST_NON_80NSSC23K1435_080,grant,04,THE UNIVERSITY OF CENTRAL FLORIDA BOARD OF TRUSTEES,EXPLORING VARIABILITY IN THE ATMOSPHERES OF IMAGED GIANT EXOPLANETS AND BROWN DWARFS,4000 CENTRAL FLORIDA BLVD,,ORLANDO,FL,32816,10,ORLANDO,FL,32816,10,12279.34,,2026-08-31,2026-08-31,2025-06-12,445,2026-05-26,3
80JSC023FA001,CONT_AWD_80JSC023FA001_8000_47QSHA22D0011_4732,contract,C,DOW MOUNTAIN LLC,PROJECT FACILITATOR SERVICES FOR NASA JSC COMBINED HEAT AND POWER PLANT AND CHILLED WATER,3618 MCCORMICK ST SE,,OLYMPIA,WA,98501,10,HOUSTON,TX,77058,36,258796.91,351574.60,2025-03-19,2028-03-19,2026-12-31,444,2026-08-04,16
80NSSC21K1112,ASST_NON_80NSSC21K1112_080,grant,04,SMITHSONIAN INSTITUTION,THE ATMOSPHERES OF ABOUT 40 EXOPLANETS HAVE BEEN OBSERVED SO FAR WITH A STRIKING RESULT: EXOPLANET ATMOSPHERES APPEAR WIDELY DIVERSE AND THERE IS NO CLEAR CORRELATION BETWEEN THEIR PROPERTIES AND ANY OTHER SYSTEM PARAMETERS. IT IS NOW CLEAR THAT WE,60 GARDEN ST,,CAMBRIDGE,MA,02138,05,CAMBRIDGE,MA,02138,05,305629.05,,2025-05-23,2026-05-23,2025-03-10,439,2025-04-22,9
80NSSC24PA723,CONT_AWD_80NSSC24PA723_8000_-NONE-_-NONE-,contract,B,"POLITICO, LLC",RENEWAL FOR POLITICO PRO SERVICE FOR OLIA,1000 WILSON BLVD FL 8,,ARLINGTON,VA,22209,08,ARLINGTON,VA,22209,08,202600.00,202600.00,2026-05-02,2026-05-02,2025-02-18,438,2025-02-18,2
80NSSC23K1300,ASST_NON_80NSSC23K1300_080,grant,04,"UNIVERSITY OF CALIFORNIA, LOS ANGELES",EVALUATING GEOCHRONOLOGIC COMPLEXITY AND IMPACTOR DIVERSITY OF HIGHLAND IMPACTITES,10889 WILSHIRE BLVD STE 700,,LOS ANGELES,CA,90024,36,LOS ANGELES,CA,90001,37,142036.77,,2026-07-23,2026-07-23,2025-05-13,436,2025-05-13,2
80NSSC23K1569,ASST_NON_80NSSC23K1569_080,grant,04,"OHIO STATE UNIVERSITY, THE",EVALUATION OF A STREAMWISE ROW OF VORTEX GENERATING JETS FOR IMPLEMENTATION ON COMMERCIAL TRANSPORTS,1960 KENNY RD,,COLUMBUS,OH,43210,03,COLUMBUS,OH,43210,03,192000.00,,2027-08-04,2027-08-04,2026-05-26,435,2026-05-26,4
80NSSC24K0874,ASST_NON_80NSSC24K0874_080,grant,04,UNIVERSITY OF TEXAS AT ARLINGTON,SINGLE SOURCE THE MAGNETOSPHERIC MULTISCALE SCIENTIST IN THE LOOP,701 S NEDDERMAN DR,,ARLINGTON,TX,76019,25,ARLINGTON,TX,76019,25,1896.38,,2027-03-31,2027-03-31,2026-01-26,429,2026-01-26,3
80NM0024F0014,CONT_AWD_80NM0024F0014_8000_80NM0018D0004_8000,contract,C,CALIFORNIA INSTITUTE OF TECHNOLOGY,MULTIMISSION AUTOMATED DEEPSPACE CONJUNCTION ASSESSMENT PROCESS (MADCAP) SUPPORT FOR NASA CONJUNCTION ASSESSMENT RISK ANALYSIS (93-218344),4800 OAK GROVE DR,,PASADENA,CA,91109,28,PASADENA,CA,91109,28,1736768.00,2621000.00,2029-11-28,2029-11-28,2028-09-30,424,2026-04-17,16
80NSSC22M0295,ASST_NON_80NSSC22M0295_080,grant,05,AMERICAN HISTORICAL ASSOCIATION,NASA/AHA FELLOWSHIPS IN AEROSPACE HISTORY,400 A ST SE,,WASHINGTON,DC,20003,98,WASHINGTON,DC,20003,98,165000.00,,2027-09-08,2027-09-08,2026-07-16,419,2026-07-21,5
80NSSC23PB058,CONT_AWD_80NSSC23PB058_8000_-NONE-_-NONE-,contract,B,"FLORIDA FIRST ROBOTICS EDUCATION FOUNDATION, INC",SPONSORSHIP OF THE FIRST ORLANDO REGIONAL,1360 MEADOWBROOK RD NE,,PALM BAY,FL,32905,08,PALM BAY,FL,32905,08,40200.00,100500.00,2026-05-20,2026-05-30,2025-04-08,417,2025-04-08,3
80NSSC23K1372,ASST_NON_80NSSC23K1372_080,grant,04,PURDUE UNIVERSITY,PREDICTING RADAR OBSERVATIONS OF MIXED ICE/DUST LAYERS THROUGH GPR FORWARD MODELING AND LAB EXPERIMENTS,2550 NORTHWESTERN AVE STE 1900,,WEST LAFAYETTE,IN,47906,04,WEST LAFAYETTE,IN,47906,04,74615.39,,2026-08-20,2026-08-20,2025-06-30,416,2026-06-05,5
80NSSC23K1592,ASST_NON_80NSSC23K1592_080,grant,04,THE UNIVERSITY OF ALABAMA IN HUNTSVILLE,23-NUP2023-0082 UNDERSTANDING THE ANOMALOUS EXPANSION OF CMES IN SOLAR CYCLE 24 USING MAGNETOHYDRODYNAMIC SIMULATIONS,301 SPARKMAN DR NW,,HUNTSVILLE,AL,35805,05,HUNTSVILLE,AL,35805,05,10566.63,,2026-07-31,2026-07-31,2025-06-11,415,2025-06-11,2
80NSSC23K0787,ASST_NON_80NSSC23K0787_080,grant,04,ARIZONA STATE UNIVERSITY,EO14042 INVESTIGATING GRAIN MIGRATION IN THE PROTOPLANETARY DISK: ELEMENTAL AND ISOTOPIC ANALYSIS OF CHONDRULE PRECURSORS,660 S MILL AVE STE 312,,TEMPE,AZ,85281,04,TEMPE,AZ,85281,04,113229.37,,2026-03-31,2026-03-31,2025-02-10,414,2025-02-25,3
80NSSC24M0116,ASST_NON_80NSSC24M0116_080,grant,05,SOUTH DAKOTA SCHOOL OF MINES & TECHNOLOGY,SMD: HIGH SPATIAL-TEMPORAL RESOLUTION SOIL MOISTURE RETRIEVAL USING DEEP LEARNING FUSION OF MULTIMODAL SATELLITE DATASTREAMS,501 E SAINT JOSEPH ST,,RAPID CITY,SD,57701,00,RAPID CITY,SD,57701,00,134126.80,,2027-07-31,2027-07-31,2026-06-16,410,2026-06-16,2
80NSSC22K1051,ASST_NON_80NSSC22K1051_080,grant,04,OKLAHOMA STATE UNIVERSITY,AEROKATS AND ROVER EDUCATION NETWORK . OSU,401 WHITEHURST HALL,,STILLWATER,OK,74078,03,STILLWATER,OK,74078,03,26646.23,,2023-05-19,2026-05-19,2025-04-04,410,2026-03-18,5
80NSSC23K1217,ASST_NON_80NSSC23K1217_080,grant,04,GEORGIA TECH RESEARCH CORP,COHERENT THOMSON SCATTERING TO INVESTIGATE LOWER-HYBRID INSTABILITIES IN THE FRONT POLE REGION OF A MAGNETICALLY SHIELDED HALL THRUSTER,926 DALNEY ST NW,,ATLANTA,GA,30318,05,ATLANTA,GA,30332,05,252000.00,,2027-08-14,2027-08-14,2026-06-30,410,2026-05-06,4
80KSC021A0007,CONT_IDV_80KSC021A0007_8000,idv,IDV_E,"THE PERFORMANCE KNOWLEDGE GROUP, LLC",BLANKET PURCHASE AGREEMENT FOR STRATEGIC MANAGEMENT SUPPORT SERVICES (SMSS).,1324 SWIFT CREEK WAY,,WINTER SPRINGS,FL,32708,07,,,,,0.00,1900000.00,2026-03-29,2026-03-29,2025-02-14,408,2025-03-21,7
80NSSC23K1293,ASST_NON_80NSSC23K1293_080,grant,04,OCCIDENTAL COLLEGE,SATELLITE MONITORING OF RIVERS: A DISTRIBUTED-SAMPLING APPROACH TO IMPROVE SATELLITE ESTIMATES OF RIVER WATER QUALITY ON A GLOBAL SCALE,1600 CAMPUS RD,,LOS ANGELES,CA,90041,34,LOS ANGELES,CA,90041,34,28907.21,,2026-07-19,2026-07-19,2025-06-09,405,2025-06-09,2
80NSSC22K1029,ASST_NON_80NSSC22K1029_080,grant,04,AUBURN UNIVERSITY,STORM TIME O+ RING CURRENT IMAGING EVOLUTION (STORIE),107 SAMFORD HALL,,AUBURN UNIVERSITY,AL,36849,03,AUBURN UNIVERSITY,AL,36849,03,82254.23,,2026-05-08,2026-05-08,2025-04-02,401,2025-04-04,2
80AFRC22AA001,CONT_IDV_80AFRC22AA001_8000,idv,IDV_E,"OFFICE DESIGN GROUP, INC.",INSTALLATION OF FURNITURE SYSTEMS IN AFRC MAIN CAMPUS AND BLDG 703,15375 BARRANCA PKWY STE G109,,IRVINE,CA,92618,47,,,,,0.00,1500000.00,2027-03-14,2027-03-14,2026-02-11,396,2026-02-17,4
80AFRC22AA003,CONT_IDV_80AFRC22AA003_8000,idv,IDV_E,"SLM CONTRACT FURNITURE, INC.",INSTALLATION OF FURNITURE SYSTEMS IN AFRC MAIN CAMPUS AND BLDG 703,5252 BALBOA AVE STE 201,,SAN DIEGO,CA,92117,51,,,,,0.00,1500000.00,2027-03-14,2027-03-14,2026-02-11,396,2026-02-13,3
80AFRC22AA002,CONT_IDV_80AFRC22AA002_8000,idv,IDV_E,"MODULAR SYSTEMS NETWORK, INC.",INSTALLATION OF FURNITURE SYSTEMS IN AFRC MAIN CAMPUS AND BLDG 703,9520 PATHWAY ST UNIT B,,SANTEE,CA,92071,50,,,,,0.00,1500000.00,2027-03-14,2027-03-14,2026-02-11,396,2026-03-10,3
80NSSC23PC030,CONT_AWD_80NSSC23PC030_8000_-NONE-_-NONE-,contract,B,MIDWEST ENGINEERING INC,"LEADERSHIP IN ENERGY AND ENVIRONMENTAL DESIGN (LEED) COMMISSIONING AGENT (CXA) SERVICES FOR THE BOOSTER FABRICATION FACILITY (BFF) COMPLEX INTERIOR RENOVATIONS AT THE KENNEDY SPACE CENTER, FL (KSC). ASSUMED TO BE PRODUCT SERVICE CODE R425 OR R499.",1210 E 1ST ST N,,WICHITA,KS,67214,04,WICHITA,KS,67214,04,47000.00,66000.00,2027-09-01,2027-09-01,2026-08-02,395,2025-08-06,3
80NSSC21K0961,ASST_NON_80NSSC21K0961_080,grant,04,UNIVERSITY OF ALASKA FAIRBANKS,JOSH WILL SUPPORT THE AREN PROJECT BY CONDUCTING AREN ACTIVITIES WITH SCHOOLS AND OTHER OUTREACH GROUPS PRIMARILY IN THE VILLAGES OF ALASKA S ARCTIC.,2145 N. TANANA LOOP,,FAIRBANKS,AK,99775,00,FAIRBANKS,AK,99775,00,24897.00,,2026-04-30,2026-04-30,2025-04-04,391,2025-04-04,3
80HQTR22F0109,CONT_AWD_80HQTR22F0109_8000_80HQTR21D0004_8000,contract,C,"ICF INCORPORATED, L.L.C.",THE PURPOSE TASK IS TO PROVIDE A SCOPE FOR SPECIALIZED SUPPORT SERVICES FOR A CARBON CYCLE INTERAGENCY WORKING GROUP (CCIWG) COORDINATOR TO THE U.S. GLOBAL CHANGE RESEARCH PROGRAM (USGCRP) NATIONAL COORDINATION OFFICE (NCO).,9300 LEE HWY,,FAIRFAX,VA,22031,11,FAIRFAX,VA,22031,11,879147.00,879147.00,2026-04-30,2026-04-30,2025-04-08,387,2026-03-18,6
80HQTR21D0004,CONT_IDV_80HQTR21D0004_8000,idv,IDV_B_B,"ICF INCORPORATED, L.L.C.","USGCRP CONTRACT IS TO ACQUIRE TECHNICAL AND ADMINISTRATIVE SUPPORT FOR THE USGCRP NATIONAL COORDINATION OFFICE (NCO)TO ASSIST THE NATION AND THE WORLD TO UNDERSTAND, ASSESS, PREDICT, AND RESPOND TO HUMAN-INDUCED AND NATURAL PROCESSES OF GLOBAL CHANGE",9300 LEE HWY,,FAIRFAX,VA,22031,11,,,,,21778716.00,33870622.00,2022-04-30,2026-04-30,2025-04-08,387,2026-03-03,32
80HQTR25F7019,CONT_AWD_80HQTR25F7019_8000_80HQTR21D0004_8000,contract,C,"ICF INCORPORATED, L.L.C.","ASSIST WITH PLANNING ACTIVITIES INVOLVING A LARGE INTERNATIONAL AUTHOR TEAM COORDINATE IN-PERSON AND REMOTE MEETINGS, TRACK THE STATUS OF AUTHORS' WORK",9300 LEE HWY,,FAIRFAX,VA,22031,11,WASHINGTON,DC,20006,98,224255.00,224255.00,2026-04-30,2026-04-30,2025-04-08,387,2026-04-14,3
80HQTR24F0037,CONT_AWD_80HQTR24F0037_8000_80HQTR21D0004_8000,contract,C,"ICF INCORPORATED, L.L.C.",TO PROVIDE A SCOPE FOR SPECIALIZED SUPPORT SERVICES FOR TWO CLIMATE SERVICES PERSONNEL TO THE U.S. GLOBAL CHANGE RESEARCH PROGRAM (USGCRP) NATIONAL COORDINATION OFFICE (NCO) FOR CLIMATE SERVICES.,9300 LEE HWY,,FAIRFAX,VA,22031,11,FAIRFAX,VA,22031,11,651786.00,751787.00,2026-04-30,2026-04-30,2025-04-08,387,2026-04-14,4
80HQTR24F0019,CONT_AWD_80HQTR24F0019_8000_80HQTR21D0004_8000,contract,C,"ICF INCORPORATED, L.L.C.",ENGAGEMENT SPECIALIST TO THE U.S. GLOBAL CHANGE RESEARCH PROGRAM (USGCRP) NATIONAL COORDINATION OFFICE (NCO),9300 LEE HWY,,FAIRFAX,VA,22031,11,FAIRFAX,VA,22031,11,685384.00,685384.00,2026-04-30,2026-04-30,2025-04-08,387,2026-04-09,4
80HQTR24F0012,CONT_AWD_80HQTR24F0012_8000_80HQTR21D0004_8000,contract,C,"ICF INCORPORATED, L.L.C.",SUPPORT FOR THE TECHNICAL SUPPORT UNIT FOR THE SEVENTH ASSESSMENT OF THE INTERGOVERNMENTAL PANEL ON CLIMATE CHANGE: WORKING GROUP III,9300 LEE HWY,,FAIRFAX,VA,22031,11,FAIRFAX,VA,22031,11,1929221.26,3368642.15,2026-04-30,2026-04-30,2025-04-08,387,2026-04-14,5
80NSSC25FA413,CONT_AWD_80NSSC25FA413_8000_NNG15SD33B_8000,contract,C,KPAUL PROPERTIES LLC,FY25 ASDC BACULA SOFTWARE SUBSCRIPTIONS RENEWAL,6230 CORPORATE DR,,INDIANAPOLIS,IN,46278,07,INDIANAPOLIS,IN,46278,07,0.00,0.00,2026-06-23,2026-06-23,2025-06-03,385,2025-06-03,2
80NSSC22K1218,ASST_NON_80NSSC22K1218_080,grant,04,UNIVERSITY OF MASSACHUSETTS LOWELL,21-NSTGRO22-0366 MULTISCALE MODELING OF 3D WOVEN COMPOSITE STRUCTURES OPTIMIZED TO MINIMIZE PROCESS-INDUCED DAMAGE,600 SUFFOLK ST STE 415,,LOWELL,MA,01854,03,LOWELL,MA,01854,03,130075.52,,2026-08-28,2026-08-28,2025-08-11,382,2025-08-11,4
80NSSC25K0259,ASST_NON_80NSSC25K0259_080,grant,04,"UNIVERSITY OF CALIFORNIA, SANTA BARBARA",NSTGRO IS A FELLOWSHIP OPPORTUNITY FOCUSED ON GRADUATE STUDENT RESEARCH AND DEVELOPMENT OF ADVANCED AND INNOVATIVE SPACE TECHNOLOGIES CRITICAL FOR OUR NATION TO MEET ITS GOALS TO EXPLORE AND UNDERSTAND THE EARTH OUR SOLAR SYSTEM AND THE UNIVERSE.,3227 CHEADLE HALL,,SANTA BARBARA,CA,93106,24,SANTA BARBARA,CA,93106,24,163134.00,,2027-08-28,2027-08-28,2026-08-14,379,2026-05-11,4
80NSSC22K1182,ASST_NON_80NSSC22K1182_080,grant,04,REGENTS OF THE UNIVERSITY OF MICHIGAN,21-NSTGRO22-0096 IONIC SALT COCRYSTALS AS GREEN PROPELLANTS,503 THOMPSON ST,,ANN ARBOR,MI,48109,06,ANN ARBOR,MI,48109,06,227910.00,,2026-08-28,2026-08-28,2025-08-15,378,2025-04-21,4
80NSSC25CA075,CONT_AWD_80NSSC25CA075_8000_-NONE-_-NONE-,contract,D,"VISTA PHOTONICS, INC",SBIR PHASE III - MANUFACTURE AND DELIVERY OF HABITATION AND LOGISTICS OUTPOST (HALO) PRIMARY CONSTITUENT MONITOR (PCM),3655 RESEARCH DR BLDG A STE 106,,LAS CRUCES,NM,88003,02,LAS CRUCES,NM,88003,02,2114392.54,2114392.54,2027-07-10,2027-07-10,2026-06-30,375,2026-06-30,4
80NSSC26P0407,CONT_AWD_80NSSC26P0407_8000_-NONE-_-NONE-,contract,B,PRIME PROPERTY SCANS LLC,SPIRAL TECHNOLOGY SOFTWARE SUPPORT RENEWAL,8862 BLACKBURN ST,,FORTVILLE,IN,46040,06,FORTVILLE,IN,46040,06,0.00,26000.00,2027-04-30,2027-04-30,2026-04-21,374,2026-04-21,2
80NSSC25K7577,ASST_NON_80NSSC25K7577_080,grant,04,"ASSOCIATION OF UNIVERSITIES FOR RESEARCH IN ASTRONOMY, INC.",CATCHING TRANSIENT OBSCURING OUTFLOWS IN AGN WITH SWIFT,3700 SAN MARTIN DR,,BALTIMORE,MD,21218,07,BALTIMORE,MD,21218,07,647.87,,2026-02-28,2027-02-28,2026-02-25,368,2026-02-25,3
80GRC023CA038,CONT_AWD_80GRC023CA038_8000_-NONE-_-NONE-,contract,D,ABSOLUTE CALIBRATION & CONSULTING SERVICES LLC,"SERVICE AND MAINTENANCE OF SERVO-HYDRAULIC EQUIPMENT MAINTENANCE, REPAIR AND CALIBRATION FOR THE 50+ GOVERNMENT - OWNED UNIVERSAL LOAD FRAMES AT NASA GLENN RESEARCH CENTER",6111 SW 29TH ST STE 102,,TOPEKA,KS,66614,01,CLEVELAND,OH,44135,11,141450.00,450000.00,2023-11-30,2028-07-31,2027-07-31,366,2026-07-31,16
80NSSC23FA637,CONT_AWD_80NSSC23FA637_8000_GS33F0007U_4730,contract,C,"MLINQS, LLC",MOVELINQ,1101 17TH ST NW FL 12,,WASHINGTON,DC,20036,98,FAIRFAX,VA,22030,11,137310.00,163465.00,2028-07-25,2028-07-25,2027-07-25,366,2026-06-01,5
80NSSC21K0620,ASST_NON_80NSSC21K0620_080,grant,04,"UNIVERSITY OF CALIFORNIA, SANTA BARBARA","THE NATIONAL ACADEMIES 2018 DECADAL SURVEY FOR EARTH SCIENCE THRIVING ON OUR CHANGING PLANET IDENTIFIES IMAGING SPECTROSCOPY AS A NECESSARY MEASUREMENT TO ADDRESS A MOST IMPORTANT OBJECTIVE FOR THE HYDROLOGIC CYCLE: ""QUANTIFY RATES OF SNOW ACCUMULATION SNOWMELT ICE MELT AND SUBLIMATION FROM SNOW AND ICE WORLDWIDE AT SCALES DRIVEN BY TOPOGRAPHIC VARIABILITY."" MEETING THIS OBJECTIVE REQUIRES THE ABILITY TO MEASURE SNOW ALBEDO AND UNDERSTAND HOW AND WHY IT VARIES ESPECIALLY IN THE WORLD'S MOUNTAINS WHICH COMPRISE A QUARTER OF THE WORLD'S LAND AREA BUT PRODUCE AT LEAST HALF OF THE RUNOFF. THE EUROPEAN SPACE AGENCY HAS SELECTED A CANDIDATE SENSOR TO ADDRESS THESE NEEDS. THE COPERNICUS HYPERSPECTRAL IMAGING MISSION FOR THE ENVIRONMENT (CHIME) IS IN PHASE B1 WITH SPATIAL RESOLUTION OF 20 TO 30 M SPECTRAL COVERAGE FROM 400 TO 2500 NM AT RESOLUTION OF 10 NM OR LESS REVISIT INTERVAL OF 10 TO 12 DAYS 10:30 EQUATOR CROSSING TIME LAUNCH 2026. THE PROPOSED INVESTIGATION WILL ADDRESS THE CAPABILITY OF CHIME TO TACKLE THE FOLLOWING QUESTIONS AND HELP DEVELOP APPROPRIATE LEVEL 2 PRODUCTS. EXPERIENCE AND CROSS-VALIDATION WOULD BENEFIT THE DEVELOPMENT OF NASA S SURFACE BIOLOGY AND GEOLOGY DESIGNATED OBSERVABLE AND SHORTEN THE REVISIT INTERVAL. Q1. HOW DOES SENSITIVITY OF IMAGING SPECTROSCOPY RETRIEVALS OF SNOW AND GLACIER PROPERTIES IN THE MOUNTAINS VARY DEPENDING ON THE SOLUTION METHOD FOR THE INVERSION AND THE ATMOSPHERIC CORRECTION? Q2. HOW DO SNOW SPECIFIC SURFACE AREA RADIATIVE FORCING BY LIGHT-ABSORBING PARTICLES AND SNOW ALBEDO VARY SPATIALLY SEASONALLY AND INTERANNUALLY IN THE WORLD'S MOUNTAINS? Q3. HOW CAN A FUSION OF SPECTROSCOPY DATA WITH MORE FREQUENT AND BROADER COVERAGE FROM MULTISPECTRAL SENSORS ENABLE CHARACTERIZATION OF THE SNOW AND ICE PROPERTIES AND RADIATIVE FORCING OVER LARGER AREAS AND ACROSS SEASONS AND YEARS? THE CORRESPONDING OBJECTIVES ARE: O1. USE CHIME S SURFACE REFLECTANCE PRODUCTS CORRECTED FOR TOPOGRAPHY TO INVERT THE SIGNAL FOR RETRIEVAL OF SNOW PROPERTIES AND THEREBY INFORM ESA OF FEASIBLE LEVEL 2 PRODUCTS FOR SNOW AND GLACIER PROPERTIES. O2. PRE-LAUNCH ANALYZE SPATIAL VARIABILITY OF SNOW SPECIFIC SURFACE AREA RADIATIVE FORCING BY DUST CARBON AND ORGANIC MATERIAL AND RESULTING SNOW AND ICE ALBEDO USING AVAILABLE DATA FROM AIRBORNE SPECTROMETERS. POST-LAUNCH PLAN SIMILAR ANALYSES GLOBALLY IN REPRESENTATIVE MOUNTAIN RANGES. O3. EXAMINE FUSION OF QUANTITATIVE IMAGING SPECTROSCOPY RETRIEVALS TO ENHANCE SEMI-QUANTITATIVE RETRIEVALS FROM MULTISPECTRAL LANDSAT 8/9 OLI AND SENTINEL-2A/B MSI DATA FOR GREATER SPATIAL AND TEMPORAL COVERAGE. THE FORWARD PROBLEM ESTIMATING SNOW SPECTRAL REFLECTANCE BASED ON PROPERTIES OF THE SNOWPACK BENEFITS FROM INSIGHTFUL RESEARCH AND OBSERVATION STRETCHING BACK SIX DECADES. THE INVERSE PROBLEM USING SPACEBORNE REMOTE SENSING TO RETRIEVE THE SNOW PROPERTIES THAT GOVERN ALBEDO HAS SEEN FEWER CONVINCING RESULTS IN MOUNTAINOUS REGIONS WITH OFTEN DISCONTINUOUS SNOW LOCAL AND LONG-DISTANCE TRANSPORT AND DEPOSITION OF LIGHT ABSORBING PARTICLES AND FORESTS AND TOPOGRAPHY THAT SHELTER AND OBSCURE THE SNOW. THE PROPOSED ALGORITHMIC APPROACH TREATS THE SNOW PROPERTIES AS A CONTINUUM AND THE RADIATIVE TRANSFER MODELS ARE INVERTED TO SOLVE FOR A SET OF UNKNOWNS THAT INCLUDE FRACTIONAL SNOW COVER SPECIFIC SURFACE AREA OF THE SNOW AND THE CONCENTRATION SIZE AND OPTICAL PROPERTIES OF LIGHT ABSORBING PARTICLES ACCOUNTING FOR TOPOGRAPHIC VARIABILITY. IN MOST SNOW-DOMINATED ENVIRONMENTS NET SOLAR RADIATION DRIVES MELT AND METAMORPHISM OF SNOW. IN MODELING THESE PROCESSES INACCURACY IN THE ESTIMATION OF SNOW ALBEDO CONSTITUTES THE MAJOR SOURCE OF UNCERTAINTY IN CALCULATING THE SNOWPACK S ENERGY BALANCE. THAT LACK OF KNOWLEDGE PROPAGATES TO UNCERTAINTY IN FORECASTING RUNOFF ANALYZING ECOHYDROLOGICAL PROCESSES ESTIMATING MELT RATE AND DETERMINING WHEN THE SEASONAL SNOW COVER MELTS TO EXPOSE DARKER GLACIER ICE IN THE ABLATION ZONES OF GLACIERS.",3227 CHEADLE HALL,,SANTA BARBARA,CA,93106,24,SANTA BARBARA,CA,93106,24,260844.60,,2026-02-28,2026-02-28,2025-02-27,366,2026-02-12,6
80NM0023F0047,CONT_AWD_80NM0023F0047_8000_80NM0018D0004_8000,contract,C,CALIFORNIA INSTITUTE OF TECHNOLOGY,TECHNOLOGY DEVELOPMENT FOR SUPPORT OF WILDFIRE SCIENCE AND DISASTER MITIGATION (87-214171),4800 OAK GROVE DR,,PASADENA,CA,91109,28,PASADENA,CA,91109,28,9384578.00,11608729.00,2027-08-16,2028-03-31,2027-03-31,366,2026-07-08,18
80GRC020D0003,CONT_IDV_80GRC020D0003_8000,idv,IDV_B_B,HX5 LLC,"GEARS IS THE PRIMARY CONTRACT WHEREBY THE CENTER RECEIVES ENGINEERING, RESEARCH, AND SCIENTIFIC SUPPORT.",212 EGLIN PKWY SE,STE A,FORT WALTON BEACH,FL,32548,01,,,,,325463597.71,461309189.08,2028-03-31,2028-03-31,2027-03-31,366,2026-07-30,105
80NSSC23CA050,CONT_AWD_80NSSC23CA050_8000_-NONE-_-NONE-,contract,D,"COLLABORATION.AI, LLC",EO14042 - OPEN CALL FOR INNOVATIVE DEFENSE-RELATED DUAL-PURPOSE TECHNOLOGIES/SOLUTIONS WITH A CLEAR AIR FORCE STAKEHOLDER NEED,1120 S 2ND ST. SUITE 811,,MINNEAPOLIS,MN,55415,05,MINNEAPOLIS,MN,55415,05,2026555.00,2977916.00,2028-04-16,2028-04-16,2027-04-16,366,2026-06-29,8
80NSSC24AA005,CONT_IDV_80NSSC24AA005_8000,idv,IDV_E,"NATIONAL QUALITY ASSURANCE - U.S.A., INC.","THIS BLANKET PURCHASE AGREEMENT IS TO PROVIDE A THIRD-PARTY ISO AUDIT 9001, ISO 14001, AND AS 9100 REGISTRAR SERVICES TO INCLUDE AUDITING OF NASA OPERATIONS",289 GREAT RD,STE 105,ACTON,MA,01720,03,,,,,0.00,736501.00,2028-01-01,2028-01-01,2026-12-31,366,2026-07-09,17
80ARC018D0010,CONT_IDV_80ARC018D0010_8000,idv,IDV_B_B,"INUTEQ, LLC","THE NASA ADVANCED COMPUTING SERVICES CONTRACT SUPPORTS THE NASA ADVANCED SUPERCOMPUTING (NAS) DIVISION AT AMES RESEARCH CENTER (ARC) AND THE NASA CENTER FOR CLIMATE SIMULATION (NCCS) AT GODDARD SPACE FLIGHT CENTER (GSFC) AND PROVIDES ADVANCED COMPUTING SERVICES TO OTHER NASA CENTERS AND JET PROPULSION LABORATORY. NACS USES PROCUREMENTS TO SUPPORT OPERATIONAL HPC CAPABILITIES AND ALSO INCLUDES SERVICES FOR HIGH-END APPLICATIONS, DATA-INTENSIVE COMPUTING, COLLABORATIVE COMPUTING, AND EMERGING COMPUTING PARADIGMS.",7000 MUIRKIRK MEADOWS DR STE 100,,BELTSVILLE,MD,20705,04,,,,,0.00,1210728884.70,2028-06-30,2028-06-30,2027-06-30,366,2026-06-15,27
80NSSC25K7463,ASST_NON_80NSSC25K7463_080,grant,04,UNIVERSITY OF CALIFORNIA SAN DIEGO,EXECUTE A BALANCED SCIENCE PROGRAM BASED ON DISCIPLINE-SPECIFIC GUIDANCE FROM THE NATIONAL ACADEMIES OF SCIENCES ENGINEERING AND MEDICINE ADMINISTRATION PRIORITIES AND DIRECTION FROM CONGRESS. PARTICIPATE AS A KEY PARTNER AND ENABLER IN THE AGENCY S EXPLORATION INITIATIVE FOCUSING ON SCIENTIFIC RESEARCH OF ON AND FROM THE MOON LUNAR ORBIT MARS AND BEYOND. ADVANCE DISCOVERY IN EMERGING FIELDS BY IDENTIFYING AND EXPLOITING CROSS-DISCIPLINARY OPPORTUNITIES BETWEEN TRADITIONAL SCIENCE DISCIPLINES DEVELOP A DIRECTORATE-WIDE TARGET-USER FOCUSED APPROACH TO APPLIED PROGRAMS INCLUDING EARTH SCIENCE APPLICATIONS SPACE WEATHER PLANETARY DEFENSE AND SPACE SITUATIONAL AWARENESS.,8622 DISCOVERY WAY # 116,,LA JOLLA,CA,92093,50,LA JOLLA,CA,92093,50,699998.00,,2028-12-31,2028-12-31,2027-12-31,366,2026-06-01,3
80AFRC23FA033,CONT_AWD_80AFRC23FA033_8000_80AFRC23DA002_8000,contract,C,TECHPIPELINE INC.,"THE CONTRACTOR WILL ADVISE NASAS TECHNOLOGY STRATEGY, PROVIDE INSIGHT INTO NASAS OVERALL TECHNOLOGY DEVELOPMENT PORTFOLIO, ADVOCATE AND COMMUNICATE THE VALUE OF NASA TECHNOLOGY TO INTERNAL AND EXTERNAL STAKEHOLDERS.",1833 W HURON ST,,CHICAGO,IL,60622,07,APEX,NC,27523,04,2970151.90,4085142.00,2028-04-30,2028-04-30,2027-04-30,366,2026-08-03,15
80NSSC25K7480,ASST_NON_80NSSC25K7480_080,grant,04,DUKE UNIVERSITY,THE ROSES FUNDING OPPORTUNITY GOALS ARE: EXECUTE A BALANCED SCIENCE PROGRAM BASED ON DISCIPLINE-SPECIFIC GUIDANCE FROM THE NATIONAL ACADEMIES OF SCIENCES ENGINEERING AND MEDICINE ADMINISTRATION PRIORITIES AND DIRECTION FROM CONGRESS. PARTICIPATE AS A KEY PARTNER AND ENABLER IN THE AGENCY S EXPLORATION INITIATIVE FOCUSING ON SCIENTIFIC RESEARCH OF ON AND FROM THE MOON LUNAR ORBIT MARS AND BEYOND. ADVANCE DISCOVERY IN EMERGING FIELDS BY IDENTIFYING AND EXPLOITING CROSS-DISCIPLINARY OPPORTUNITIES BETWEEN TRADITIONAL SCIENCE DISCIPLINES DEVELOP A DIRECTORATE-WIDE TARGET-USER FOCUSED APPROACH TO APPLIED PROGRAMS INCLUDING EARTH SCIENCE APPLICATIONS SPACE WEATHER PLANETARY DEFENSE AND SPACE SITUATIONAL AWARENESS.,2200 W MAIN ST,,DURHAM,NC,27705,04,DURHAM,NC,27705,04,672748.00,,2029-01-21,2029-01-21,2028-01-21,366,2025-09-24,3
80NSSC23AA002,CONT_IDV_80NSSC23AA002_8000,idv,IDV_E,SOCIETY OF PHOTO-OPTICAL INSTRUMENTATION ENGINEERS,NASA AGENCY-WIDE SPIE SUBSCRIPTIONS AND TOKENS.,1000 20TH ST,,BELLINGHAM,WA,98225,02,,,,,0.00,648541.00,2027-12-31,2028-12-31,2027-12-31,366,2026-05-26,5
80NSSC23K1197,ASST_NON_80NSSC23K1197_080,grant,04,THE PENNSYLVANIA STATE UNIVERSITY,REALIZATION OF INTELLIGENT INSTRUMENTS THROUGH THE INTEGRATION OF NEUROMORPHIC DEVICES WITH GAS SENSORS ENABLED BY TWO DIMENSIONAL MATERIALS,201 OLD MAIN,,UNIVERSITY PARK,PA,16802,15,UNIVERSITY PARK,PA,16802,15,224812.00,,2027-07-31,2027-07-31,2026-07-31,365,2026-04-29,4
80NSSC20K1090,ASST_NON_80NSSC20K1090_080,grant,04,ARIZONA STATE UNIVERSITY,UNDERSTANDING THE SEISMICITY AND INTERIOR STRUCTURE OF VENUS HAVE BEEN LONG-STANDING OBJECTIVES OF THE SCIENTIFIC COMMUNITY.,660 S MILL AVE STE 312,,TEMPE,AZ,85281,04,TEMPE,AZ,85281,04,1145964.00,,2023-05-31,2026-05-31,2025-05-31,365,2025-05-15,9
80GSFC17C0015,CONT_AWD_80GSFC17C0015_8000_-NONE-_-NONE-,contract,D,AXIENT LLC,"IGF::OT::IGF SMAS II PROVIDES SUPPORT TO GSFC PROJECTS IN THE DEVELOPMENT OF SAFETY AND MISSION ASSURANCE REQUIREMENTS, AND THE INDEPENDENT SURVEILLANCE, AUDIT, REVIEW AND ASSESSMENT OF DESIGN, DEVELOPMENT, TEST, AND MISSION OPERATIONS ACTIVITIES ON-SITE AND AT SUPPLIER FACILITIES. THIS INCLUDES MANAGEMENT OF INSTITUTIONAL RISK RELATED TO PROJECT OPERATIONS.",1400 CRYSTAL DR,STE 800,ARLINGTON,VA,22202,08,GREENBELT,MD,20771,04,170860741.28,188000000.00,2022-08-31,2026-01-31,2025-01-31,365,2025-12-23,125
80ARC026F7005,CONT_AWD_80ARC026F7005_8000_80ARC018D0010_8000,contract,C,"INUTEQ, LLC",TECHNICAL SERVICES TASK ORDER UNDER NASA ADVANCED COMPUTING SERVICES (NACS) CONTRACT,7000 MUIRKIRK MEADOWS DR STE 100,,BELTSVILLE,MD,20705,04,MOUNTAIN VIEW,CA,94035,16,1800000.00,3620231.39,2027-06-30,2027-06-30,2026-06-30,365,2026-07-28,2
80NSSC25PB244,CONT_AWD_80NSSC25PB244_8000_-NONE-_-NONE-,contract,B,IHS GLOBAL INC,IHS GLOBAL INC. ANNUAL SUBSCRIPTION,15 INVERNESS WAY E,,ENGLEWOOD,CO,80112,06,ENGLEWOOD,CO,80112,06,13045.00,68568.84,2026-03-31,2027-03-31,2026-03-31,365,2026-05-26,3
80NSSC25PB140,CONT_AWD_80NSSC25PB140_8000_-NONE-_-NONE-,contract,B,"NOVAWURKS, INC",DEMONSTRATING THE EMERGING TECHNOLOGIES FOR MEASURING EARTH'S RADIATION (DEMETER),3880 MCGOWEN ST,,LONG BEACH,CA,90808,42,LONG BEACH,CA,90808,42,249960.00,249960.00,2026-06-30,2027-06-30,2026-06-30,365,2026-05-08,4
80ARC026F7006,CONT_AWD_80ARC026F7006_8000_80ARC018D0010_8000,contract,C,"INUTEQ, LLC",IDIQ PROCUREMENT SERVICES TASK ORDER UNDER NASA ADVANCED COMPUTING SERVICES (NACS) CONTRACT.,7000 MUIRKIRK MEADOWS DR STE 100,,BELTSVILLE,MD,20705,04,MOUNTAIN VIEW,CA,94035,16,18251288.39,68416304.56,2027-06-30,2027-06-30,2026-06-30,365,2026-07-29,2
80HQTR23CA002,CONT_AWD_80HQTR23CA002_8000_-NONE-_-NONE-,contract,D,UNION INTERNATIONALE DES TELECOMMUNICATIONS (UIT),THE INTERNATIONAL TELECOMMUNICATIONS UNION (ITU) SHALL RECORD NASA SATELLITE NETWORK FILINGS IN ACCORDANCE WITH ALL APPLICABLE ITU RULES AND REGULATIONS AS REQUIRED.,PLACE DES NATIONS,,GENEVA,,,,,,,,234000.00,600000.00,2028-02-04,2028-02-04,2027-02-04,365,2026-03-05,5
80HQTR23FA044,CONT_AWD_80HQTR23FA044_8000_80GSFC23DA004_8000,contract,C,"CHENEGA GLOBAL PROTECTION, LLC",NASA HQ PROTECTIVE SERVICE- SECURITY POLICE OFFICER POST- EAST LOBBY- EARTH INFORMATION CENTER (EIC),14420 ALBEMARLE POINT PL STE 100,,CHANTILLY,VA,20151,11,WASHINGTON,DC,20546,98,231345.20,231345.20,2024-02-29,2026-02-28,2025-02-28,365,2025-02-27,6
80NSSC25K7204,ASST_NON_80NSSC25K7204_080,grant,04,UNIVERSITY OF WISCONSIN SYSTEM,EXECUTE A BALANCED SCIENCE PROGRAM BASED ON DISCIPLINE-SPECIFIC GUIDANCE FROM THE NATIONAL ACADEMIES OF SCIENCES ENGINEERING AND MEDICINE ADMINISTRATION PRIORITIES AND DIRECTION FROM CONGRESS. PARTICIPATE AS A KEY PARTNER AND ENABLER IN THE AGENCY S EXPLORATION INITIATIVE FOCUSING ON SCIENTIFIC RESEARCH OF ON AND FROM THE MOON LUNAR ORBIT MARS AND BEYOND. ADVANCE DISCOVERY IN EMERGING FIELDS BY IDENTIFYING AND EXPLOITING CROSS-DISCIPLINARY OPPORTUNITIES BETWEEN TRADITIONAL SCIENCE DISCIPLINES DEVELOP A DIRECTORATE-WIDE TARGET-USER FOCUSED APPROACH TO APPLIED PROGRAMS INCLUDING EARTH SCIENCE APPLICATIONS SPACE WEATHER PLANETARY DEFENSE AND SPACE SITUATIONAL AWARENESS.,21 N PARK ST STE 6301,,MADISON,WI,53715,02,MADISON,WI,53715,02,205812.00,,2029-12-31,2029-12-31,2028-12-31,365,2026-03-12,3
80ARC026F7003,CONT_AWD_80ARC026F7003_8000_80ARC018D0010_8000,contract,C,"INUTEQ, LLC",CORE MANAGEMENT SERVICES TASK ORDER UNDER NASA ADVANCED COMPUTING SERVICES (NACS) CONTRACT.,7000 MUIRKIRK MEADOWS DR STE 100,,BELTSVILLE,MD,20705,04,MOUNTAIN VIEW,CA,94035,16,445000.00,749534.00,2027-06-30,2027-06-30,2026-06-30,365,2026-07-28,2
80NSSC25FA551,CONT_AWD_80NSSC25FA551_8000_NNG15SC69B_8000,contract,C,DYNAMIC SYSTEMS INC,FY25 RENEWAL OF ORACLE SOLARIS PREMIER SUBSCRIPTION FOR NON-ORACLE HARDWARE,880 N PARK VIEW DR,,EL SEGUNDO,CA,90245,36,EL SEGUNDO,CA,90245,36,33000.00,33000.00,2026-07-13,2027-07-13,2026-07-13,365,2025-12-15,3
80LARC24DA007,CONT_IDV_80LARC24DA007_8000,idv,IDV_B_B,GENESIS 360 LLC,GROUNDS MAINTENANCE AND PEST CONTROL SERVICES AT JOHNSON SPACE CENTER.,8352 BLUEBONNET BLVD,,BATON ROUGE,LA,70810,05,,,,,3747043.31,7147222.39,2026-05-31,2029-05-31,2028-05-31,365,2026-07-30,44
80NSSC24K1635,ASST_NON_80NSSC24K1635_080,grant,04,GEORGE MASON UNIVERSITY,23-HMA23-0014 H2A-PERM: ASSESSING PERMAFROST CONDITION IN HIGH MOUNTAIN ASIA AND HIGH ANDES,4400 UNIVERSITY DR,,FAIRFAX,VA,22030,11,FAIRFAX,VA,22030,11,166351.00,,2027-07-29,2027-07-29,2026-07-29,365,2025-09-08,3
80NSSC24K1357,ASST_NON_80NSSC24K1357_080,grant,04,WASHINGTON STATE UNIVERSITY,WE WILL CHARACTERIZE THE OPTICAL PROPERTIES OF TWO-PHASE HYDROGEN OVER A RANGE OF VAPOR FRACTIONS.,240 FRENCH ADMINISTRATION BLDG,,PULLMAN,WA,99164,05,PULLMAN,WA,99164,05,80820.62,,2026-07-31,2026-07-31,2025-07-31,365,2026-07-17,3
80NSSC22K1174,ASST_NON_80NSSC22K1174_080,grant,04,THE LELAND STANFORD JUNIOR UNIVERSITY,21-NSTGRO22-0031 TOWARDS A ROBUST LASER-BASED VELOCITY AND TEMPERATURE DIAGNOSTIC FOR DEPLOYMENT IN HYPERSONIC GROUND-TEST FACILITIES AND HIGH-SPEED FLIGHT,450 JANE STANFORD WAY,,STANFORD,CA,94305,16,STANFORD,CA,94305,16,205446.59,,2026-08-28,2026-08-28,2025-08-28,365,2026-07-13,5
80GRC025D0001,CONT_IDV_80GRC025D0001_8000,idv,IDV_B_B,"ELECTRONIC FLUOROCARBONS, LLC","SHIPPING, HANDLING, AND REPROCESSING OF RECOVERED XENON GAS MIXTURES",239 SOUTH ST STE 2,,HOPKINTON,MA,01748,02,,,,,0.00,5000000.00,2025-12-31,2026-12-31,2025-12-31,365,2026-06-12,5
80NSSC22K1191,ASST_NON_80NSSC22K1191_080,grant,04,THE LELAND STANFORD JUNIOR UNIVERSITY,21-NSTGRO22-0182 ELECTROCHEMICAL IN-SITU RESOURCE UTILIZATION OF URINE-DERIVED NITROGEN FOR SUSTAINABLE SPACE TRAVEL AND HABITATION,450 JANE STANFORD WAY,,STANFORD,CA,94305,16,STANFORD,CA,94305,16,210019.20,,2026-08-28,2026-08-28,2025-08-28,365,2026-07-13,5
80NSSC22M0004,ASST_NON_80NSSC22M0004_080,grant,05,CHALLENGER CENTER FOR SPACE SCIENCE EDUCATION,"FOR THE ""BROADENING PARTICIPATION THROUGH LEARNER ENGAGEMENT ACCESSING REAL-WORLD NASA SMD EXPERT RESOURCES (LEARNER)"" PROJECT WITH NASA'S SCIENCE MISSION DIRECTORATE CHALLENGER CENTER FOR SPACE SCIENCE EDUCATION (CHALLENGER CENTER) A 501(C)3 NONPR",422 1ST ST SE # 3,,WASHINGTON,DC,20003,98,WASHINGTON,DC,20003,98,3085551.00,,2026-12-31,2026-12-31,2025-12-31,365,2025-03-20,11
80NM0018F0439,CONT_AWD_80NM0018F0439_8000_80NM0018D0004_8000,contract,C,CALIFORNIA INSTITUTE OF TECHNOLOGY,MARS TECHNOLOGY DEVELOPMENT 60-17814,4800 OAK GROVE DR,,PASADENA,CA,91109,28,PASADENA,CA,91109,28,43943308.69,92317780.07,2020-09-30,2029-09-30,2028-09-30,365,2026-07-15,49
80NM0018F0498,CONT_AWD_80NM0018F0498_8000_80NM0018D0004_8000,contract,C,CALIFORNIA INSTITUTE OF TECHNOLOGY,ORBITING CARBON OBSERVATORY-2 (OCO-2) TAILORED FORMULATION 85-15362,4800 OAK GROVE DR,,PASADENA,CA,91109,28,PASADENA,CA,91109,28,82231723.68,97487513.00,2023-09-30,2029-09-30,2028-09-30,365,2026-06-22,42
80NSSC26FA153,CONT_AWD_80NSSC26FA153_8000_NNG15SD72B_8000,contract,C,COLOSSAL CONTRACTING LLC,FY26 C-SCRM SOLUTION,304 HARRY S TRUMAN PKWY STE G,,ANNAPOLIS,MD,21401,03,ANNAPOLIS,MD,21401,03,331051.98,331051.98,2027-04-01,2027-04-01,2026-04-01,365,2026-02-25,2
80NM0019F0044,CONT_AWD_80NM0019F0044_8000_80NM0018D0004_8000,contract,C,CALIFORNIA INSTITUTE OF TECHNOLOGY,"EXOPLANET EXPLORATION ION PROGRAM (EXEP) SCIENCE&RESEARCH TECHNOLOGY (ST&T) THE CONTRACT IS THE SPONSORING AGREEMENT BETWEEN THE NATIONAL AERONAUTICS AND SPACE ADMINISTRATION (NASA) AND THE CALIFORNIA INSTITUTE OF TECHNOLOGY (CONTRACTOR), A PRIVATE NONPROFIT EDUCATIONAL INSTITUTION, WHICH ESTABLISHES THE RELATIONSHIP FOR THE OPERATION OF THE FEDERALLY FUNDED RESEARCH AND DEVELOPMENT CENTER (FFRDC) KNOWN AS THE JET PROPULSION LABORATORY. THE CONTRACTOR, JPL, IS REQUIRED TO PERFORM WORK THAT IS DESIGNATED IN TASK ORDERS ISSUED BY THE NASA MANAGEMENT OFFICE (NMO) CONTRACTING OFFICERS. NASA - SPONSORED WORK: JPL'S PRIMARY MISSION IS TO SUPPORT THE NASA SCIENCE MISSION DIRECTORATE (SMD) IN CARRYING OUT THE SPECIFIC OBJECTIVES IDENTIFIED IN THE SMD SCIENCE PLAN. THE FOUR BROAD SCIENTIFIC AREAS ARE: EARTH SCIENCE, PLANETARY SCIENCE, HELIOPHYSICS, AND ASTROPHYSICS. IN PERFORMANCE OF THIS CONTRACT, JPL SHALL: 1) SUPPLY A BROAD BASE OF SCIENTIFIC AND TECHNICAL CAPABILITIES RELEVANT TO NASA PROGRAM AND PROJECT RESPONSIBILITIES AND ASSIGNMENTS. 2) FOSTER ITS UNIQUE RELATIONSHIP WITH A TOP-TIER UNIVERSITY TO FACILITATE THE INVOLVEMENT OF SCIENTISTS, ENGINEERS, AND STUDENTS FROM THE UNIVERSITY AND RESEARCH COMMUNITIES IN NASA MISSION AND IN SUPPORTING OTHER GOVERNMENT AGENCIES. 3) SUPPORT NASA IN ENABLING PROGRAM AND INSTITUTIONAL CAPABILITIES. 4) DEVELOP SPACECRAFT AND INSTRUMENTS THAT ARE SENT TO VARIOUS DESTINATIONS WITH OUR SOLAR SYSTEM, INCLUDING EARTH ORBIT, PLANETS, PLANETARY SATELLITES, ASTEROIDS, AND COMETS. THESE MISSIONS MAY BE ORBITERS, LANDERS, OR ROVERS, AND TYPICALLY INCLUDE CUTTING-EDGE TECHNOLOGIES REQUIRED TO MEET SCIENTIFIC REQUIREMENTS. 5) PERFORM PROJECT TASKS INVOLVING: (I) AUTONOMOUS DEEP-SPACE, INNER-SPACE AND EARTH-ORBITING SPACECRAFT OR MAJOR SUBSYSTEMS, (II) EXPERIMENTS, INSTRUMENTS, OR OTHER DEVICES WHICH MAY BE CARRIED AS PAYLOAD ON SPACECRAFTS IN MISSIONS MANAGED BY OTHERS, AND/OR (III) GROUND-BASED SYSTEMS. 6) BEYOND ITS PRIMARY MISSION, JPL MAY PERFORM WORK FOR OTHER NASA MISSION DIRECTORATES OR OFFICES. 7) JPL IS ALSO RESPONSIBLE FOR THE OPERATION, RESEARCH, TECHNOLOGY INSERTION, AND MANAGEMENT OF NASA S DEEP SPACE NETWORK TO PROVIDE TELECOMMUNICATION AND OPERATION SERVICES, INCLUDING DATA ACQUISITION AND DATA DELIVERY REQUIRED TO MEET ESTABLISHED AGENCY OBJECTIVES. 8) JPL IS ALSO REQUIRED TO MAINTAIN AND CONDUCT AN EDUCATION PROGRAM IN CLOSE COORDINATION WITH THE NASA HEADQUARTERS EDUCATION OFFICE, THE ACADEMIC COMMUNITY AT LARGE, AND IN SUPPORT TO NASA STRATEGIC OBJECTIVES TO IMPROVE STUDENT RETENTION IN THE SCIENCE, TECHNOLOGY, ENGINEERING, AND MATHEMATICS (STEM) DISCIPLINES. WORK FOR NON-NASA SPONSORS: JPL MAY PERFORM WORK FOR NON-NASA SPONSORS. THIS WORK WILL BE DESIGNATED IN TASK ORDERS ISSUED BY NMO CONTRACTING OFFICERS BASED ON TASK PLANS INITIATED BY THE CONTRACTOR.",4800 OAK GROVE DR,,PASADENA,CA,91109,28,PASADENA,CA,91109,28,164108588.00,178963041.00,2019-09-30,2029-09-30,2028-09-30,365,2026-07-28,99
80NM0018F0530,CONT_AWD_80NM0018F0530_8000_80NM0018D0004_8000,contract,C,CALIFORNIA INSTITUTE OF TECHNOLOGY,ASTER SCIENCE TEAM LEAD 87-11798,4800 OAK GROVE DR,,PASADENA,CA,91109,28,PASADENA,CA,91109,28,14726134.47,14788967.00,2019-09-30,2029-09-30,2028-09-30,365,2026-04-17,42
80NM0018F0552,CONT_AWD_80NM0018F0552_8000_80NM0018D0004_8000,contract,C,CALIFORNIA INSTITUTE OF TECHNOLOGY,ELECTRA UHF PROXIMITY-LINK PAYLOAD FOR THE MAVEN PROJECT 60-13422,4800 OAK GROVE DR,,PASADENA,CA,91109,28,PASADENA,CA,91109,28,4268072.45,5234042.90,2020-09-27,2029-09-30,2028-09-30,365,2025-11-24,33
80NM0018F0569,CONT_AWD_80NM0018F0569_8000_80NM0018D0004_8000,contract,C,CALIFORNIA INSTITUTE OF TECHNOLOGY,GRAVITY RECOVERY AND CLIMATE EXPERIMENT-FOLLOW ON (GRACE-FO) MISSION: PHASE A 83-17494,4800 OAK GROVE DR,,PASADENA,CA,91109,28,PASADENA,CA,91109,28,85316136.05,101814726.00,2023-07-31,2029-09-30,2028-09-30,365,2026-07-19,22
80NM0018F0850,CONT_AWD_80NM0018F0850_8000_80NM0018D0004_8000,contract,C,CALIFORNIA INSTITUTE OF TECHNOLOGY,"DEEP SPACE NETWORK (DSN) THE CONTRACT IS THE SPONSORING AGREEMENT BETWEEN THE NATIONAL AERONAUTICS AND SPACE ADMINISTRATION (NASA) AND THE CALIFORNIA INSTITUTE OF TECHNOLOGY (CONTRACTOR), A PRIVATE NONPROFIT EDUCATIONAL INSTITUTION, WHICH ESTABLISHES THE RELATIONSHIP FOR THE OPERATION OF THE FEDERALLY FUNDED RESEARCH AND DEVELOPMENT CENTER (FFRDC) KNOWN AS THE JET PROPULSION LABORATORY. THE CONTRACTOR, JPL, IS REQUIRED TO PERFORM WORK THAT IS DESIGNATED IN TASK ORDERS ISSUED BY THE NASA MANAGEMENT OFFICE (NMO) CONTRACTING OFFICERS. NASA - SPONSORED WORK: JPL'S PRIMARY MISSION IS TO SUPPORT THE NASA SCIENCE MISSION DIRECTORATE (SMD) IN CARRYING OUT THE SPECIFIC OBJECTIVES IDENTIFIED IN THE SMD SCIENCE PLAN. THE FOUR BROAD SCIENTIFIC AREAS ARE: EARTH SCIENCE, PLANETARY SCIENCE, HELIOPHYSICS, AND ASTROPHYSICS. IN PERFORMANCE OF THIS CONTRACT, JPL SHALL: 1) SUPPLY A BROAD BASE OF SCIENTIFIC AND TECHNICAL CAPABILITIES RELEVANT TO NASA PROGRAM AND PROJECT RESPONSIBILITIES AND ASSIGNMENTS. 2) FOSTER ITS UNIQUE RELATIONSHIP WITH A TOP-TIER UNIVERSITY TO FACILITATE THE INVOLVEMENT OF SCIENTISTS, ENGINEERS, AND STUDENTS FROM THE UNIVERSITY AND RESEARCH COMMUNITIES IN NASA MISSION AND IN SUPPORTING OTHER GOVERNMENT AGENCIES. 3) SUPPORT NASA IN ENABLING PROGRAM AND INSTITUTIONAL CAPABILITIES. 4) DEVELOP SPACECRAFT AND INSTRUMENTS THAT ARE SENT TO VARIOUS DESTINATIONS WITH OUR SOLAR SYSTEM, INCLUDING EARTH ORBIT, PLANETS, PLANETARY SATELLITES, ASTEROIDS, AND COMETS. THESE MISSIONS MAY BE ORBITERS, LANDERS, OR ROVERS, AND TYPICALLY INCLUDE CUTTING-EDGE TECHNOLOGIES REQUIRED TO MEET SCIENTIFIC REQUIREMENTS. 5) PERFORM PROJECT TASKS INVOLVING: (I) AUTONOMOUS DEEP-SPACE, INNER-SPACE AND EARTH-ORBITING SPACECRAFT OR MAJOR SUBSYSTEMS, (II) EXPERIMENTS, INSTRUMENTS, OR OTHER DEVICES WHICH MAY BE CARRIED AS PAYLOAD ON SPACECRAFTS IN MISSIONS MANAGED BY OTHERS, AND/OR (III) GROUND-BASED SYSTEMS. 6) BEYOND ITS PRIMARY MISSION, JPL MAY PERFORM WORK FOR OTHER NASA MISSION DIRECTORATES OR OFFICES. 7) JPL IS ALSO RESPONSIBLE FOR THE OPERATION, RESEARCH, TECHNOLOGY INSERTION, AND MANAGEMENT OF NASA S DEEP SPACE NETWORK TO PROVIDE TELECOMMUNICATION AND OPERATION SERVICES, INCLUDING DATA ACQUISITION AND DATA DELIVERY REQUIRED TO MEET ESTABLISHED AGENCY OBJECTIVES. 8) JPL IS ALSO REQUIRED TO MAINTAIN AND CONDUCT AN EDUCATION PROGRAM IN CLOSE COORDINATION WITH THE NASA HEADQUARTERS EDUCATION OFFICE, THE ACADEMIC COMMUNITY AT LARGE, AND IN SUPPORT TO NASA STRATEGIC OBJECTIVES TO IMPROVE STUDENT RETENTION IN THE SCIENCE, TECHNOLOGY, ENGINEERING, AND MATHEMATICS (STEM) DISCIPLINES. WORK FOR NON-NASA SPONSORS: JPL MAY PERFORM WORK FOR NON-NASA SPONSORS. THIS WORK WILL BE DESIGNATED IN TASK ORDERS ISSUED BY NMO CONTRACTING OFFICERS BASED ON TASK PLANS INITIATED BY THE CONTRACTOR.",4800 OAK GROVE DR,,PASADENA,CA,91109,28,PASADENA,CA,91109,28,1494028354.27,2530537517.00,2023-10-01,2029-09-30,2028-09-30,365,2026-06-22,125
80NM0018F0595,CONT_AWD_80NM0018F0595_8000_80NM0018D0004_8000,contract,C,CALIFORNIA INSTITUTE OF TECHNOLOGY,MARS ODYSSEY: PHASE E 68-6480,4800 OAK GROVE DR,,PASADENA,CA,91109,28,PASADENA,CA,91109,28,90915659.18,111851255.11,2019-10-31,2029-09-30,2028-09-30,365,2026-06-30,54
80NM0018F0599,CONT_AWD_80NM0018F0599_8000_80NM0018D0004_8000,contract,C,CALIFORNIA INSTITUTE OF TECHNOLOGY,MARS EXPRESS: PHASE E 60-7871,4800 OAK GROVE DR,,PASADENA,CA,91109,28,PASADENA,CA,91109,28,5003958.90,5535336.00,2019-10-31,2029-09-30,2028-09-30,365,2026-06-29,35
80NM0018F0601,CONT_AWD_80NM0018F0601_8000_80NM0018D0004_8000,contract,C,CALIFORNIA INSTITUTE OF TECHNOLOGY,OFFICE OF EARTH SCIENCE RESEARCH AND ANALYSIS APPLICATIONS PROGRAM FY 2004 THROUGH FY 2008,4800 OAK GROVE DR,,PASADENA,CA,91109,28,PASADENA,CA,91109,28,39681775.70,39681775.70,2019-09-30,2029-09-30,2028-09-30,365,2026-05-12,68
80NM0018F0603,CONT_AWD_80NM0018F0603_8000_80NM0018D0004_8000,contract,C,CALIFORNIA INSTITUTE OF TECHNOLOGY,MARS PROGRAM MANAGEMENT AND FUTURE PLANNING 60-8583,4800 OAK GROVE DR,,PASADENA,CA,91109,28,PASADENA,CA,91109,28,194223820.46,278305055.00,2019-09-30,2029-09-30,2028-09-30,365,2026-07-28,135
80NM0018F0607,CONT_AWD_80NM0018F0607_8000_80NM0018D0004_8000,contract,C,CALIFORNIA INSTITUTE OF TECHNOLOGY,MARS SCIENCE LABORATORY 67-8636,4800 OAK GROVE DR,,PASADENA,CA,91109,28,PASADENA,CA,91109,28,307059325.47,376262224.00,2019-10-31,2029-09-30,2028-09-30,365,2026-06-29,74
80NSSC23K1357,ASST_NON_80NSSC23K1357_080,grant,04,GEORGIA TECH RESEARCH CORP,ENGINE OF INNOVATION: HOW COMPARTMENTALIZATION DRIVES EVOLUTION OF NOVELTY AND.EFFICIENCY ACROSS SCALES,926 DALNEY ST NW,,ATLANTA,GA,30332,05,ATLANTA,GA,30332,05,4944704.00,,2028-09-30,2029-09-30,2028-09-30,365,2025-07-23,4
80NM0018F0629,CONT_AWD_80NM0018F0629_8000_80NM0018D0004_8000,contract,C,CALIFORNIA INSTITUTE OF TECHNOLOGY,MARS RECONNAISSANCE ORBITER: PHASE E 62-10131,4800 OAK GROVE DR,,PASADENA,CA,91109,28,PASADENA,CA,91109,28,207319757.59,256426542.61,2019-09-30,2029-09-30,2028-09-30,365,2026-06-30,54
80NM0018F0661,CONT_AWD_80NM0018F0661_8000_80NM0018D0004_8000,contract,C,CALIFORNIA INSTITUTE OF TECHNOLOGY,"ELECTRIC PROPULSION SUPPORT TO THE ADVANCED ELECTRIC PROPULSION SYSTEM (AEPS) ACQUISITION AND DELIVERY THE CONTRACT IS THE SPONSORING AGREEMENT BETWEEN THE NATIONAL AERONAUTICS AND SPACE ADMINISTRATION (NASA) AND THE CALIFORNIA INSTITUTE OF TECHNOLOGY (CONTRACTOR), A PRIVATE NONPROFIT EDUCATIONAL INSTITUTION, WHICH ESTABLISHES THE RELATIONSHIP FOR THE OPERATION OF THE FEDERALLY FUNDED RESEARCH AND DEVELOPMENT CENTER (FFRDC) KNOWN AS THE JET PROPULSION LABORATORY. THE CONTRACTOR, JPL, IS REQUIRED TO PERFORM WORK THAT IS DESIGNATED IN TASK ORDERS ISSUED BY THE NASA MANAGEMENT OFFICE (NMO) CONTRACTING OFFICERS. NASA - SPONSORED WORK: JPL'S PRIMARY MISSION IS TO SUPPORT THE NASA SCIENCE MISSION DIRECTORATE (SMD) IN CARRYING OUT THE SPECIFIC OBJECTIVES IDENTIFIED IN THE SMD SCIENCE PLAN. THE FOUR BROAD SCIENTIFIC AREAS ARE: EARTH SCIENCE, PLANETARY SCIENCE, HELIOPHYSICS, AND ASTROPHYSICS. IN PERFORMANCE OF THIS CONTRACT, JPL SHALL: 1) SUPPLY A BROAD BASE OF SCIENTIFIC AND TECHNICAL CAPABILITIES RELEVANT TO NASA PROGRAM AND PROJECT RESPONSIBILITIES AND ASSIGNMENTS. 2) FOSTER ITS UNIQUE RELATIONSHIP WITH A TOP-TIER UNIVERSITY TO FACILITATE THE INVOLVEMENT OF SCIENTISTS, ENGINEERS, AND STUDENTS FROM THE UNIVERSITY AND RESEARCH COMMUNITIES IN NASA MISSION AND IN SUPPORTING OTHER GOVERNMENT AGENCIES. 3) SUPPORT NASA IN ENABLING PROGRAM AND INSTITUTIONAL CAPABILITIES. 4) DEVELOP SPACECRAFT AND INSTRUMENTS THAT ARE SENT TO VARIOUS DESTINATIONS WITH OUR SOLAR SYSTEM, INCLUDING EARTH ORBIT, PLANETS, PLANETARY SATELLITES, ASTEROIDS, AND COMETS. THESE MISSIONS MAY BE ORBITERS, LANDERS, OR ROVERS, AND TYPICALLY INCLUDE CUTTING-EDGE TECHNOLOGIES REQUIRED TO MEET SCIENTIFIC REQUIREMENTS. 5) PERFORM PROJECT TASKS INVOLVING: (I) AUTONOMOUS DEEP-SPACE, INNER-SPACE AND EARTH-ORBITING SPACECRAFT OR MAJOR SUBSYSTEMS, (II) EXPERIMENTS, INSTRUMENTS, OR OTHER DEVICES WHICH MAY BE CARRIED AS PAYLOAD ON SPACECRAFTS IN MISSIONS MANAGED BY OTHERS, AND/OR (III) GROUND-BASED SYSTEMS. 6) BEYOND ITS PRIMARY MISSION, JPL MAY PERFORM WORK FOR OTHER NASA MISSION DIRECTORATES OR OFFICES. 7) JPL IS ALSO RESPONSIBLE FOR THE OPERATION, RESEARCH, TECHNOLOGY INSERTION, AND MANAGEMENT OF NASA S DEEP SPACE NETWORK TO PROVIDE TELECOMMUNICATION AND OPERATION SERVICES, INCLUDING DATA ACQUISITION AND DATA DELIVERY REQUIRED TO MEET ESTABLISHED AGENCY OBJECTIVES. 8) JPL IS ALSO REQUIRED TO MAINTAIN AND CONDUCT AN EDUCATION PROGRAM IN CLOSE COORDINATION WITH THE NASA HEADQUARTERS EDUCATION OFFICE, THE ACADEMIC COMMUNITY AT LARGE, AND IN SUPPORT TO NASA STRATEGIC OBJECTIVES TO IMPROVE STUDENT RETENTION IN THE SCIENCE, TECHNOLOGY, ENGINEERING, AND MATHEMATICS (STEM) DISCIPLINES. WORK FOR NON-NASA SPONSORS: JPL MAY PERFORM WORK FOR NON-NASA SPONSORS. THIS WORK WILL BE DESIGNATED IN TASK ORDERS ISSUED BY NMO CONTRACTING OFFICERS BASED ON TASK PLANS INITIATED BY THE CONTRACTOR.",4800 OAK GROVE DR,,PASADENA,CA,91109,28,PASADENA,CA,91109,28,19395919.00,19597924.00,2023-09-30,2029-09-30,2028-09-30,365,2026-08-03,52
80NSSC24K0877,ASST_NON_80NSSC24K0877_080,grant,04,OREGON STATE UNIVERSITY,ONGOING EVALUATION OF THE AQUA MODIS CHLOYOPHYLL FLUORESCENCE LINEHEIGHT (FLH) PRODUCT,1500 SW JEFFERSON AVE,,CORVALLIS,OR,97331,04,CORVALLIS,OR,97331,04,138352.00,,2027-09-30,2027-09-30,2026-09-30,365,2026-07-26,3
80NSSC22K1193,ASST_NON_80NSSC22K1193_080,grant,04,THE REGENTS OF THE UNIVERSITY OF COLORADO,21-NSTGRO22-0193 APPLICATION OF A NOVEL DISTILLATION REVERSE OSMOSIS PROCESS TO REDUCE MASS AND IMPROVE PERFORMANCE IN SPACECRAFT AND PLANETARY WATER RECOVERY SYSTEMS,3100 MARINE ST STE 481 572 UCB,,BOULDER,CO,80309,02,BOULDER,CO,80309,02,232102.00,,2026-07-01,2026-07-31,2025-07-31,365,2025-06-10,4
80NSSC22K1197,ASST_NON_80NSSC22K1197_080,grant,04,"OHIO STATE UNIVERSITY, THE",21-NSTGRO22-0213 DUAL-APERTURE FIBER NULLING FOR HIGH SPATIAL AND SPECTRAL RESOLUTION STUDIES OF EXOPLANETS,1960 KENNY RD,,COLUMBUS,OH,43210,03,COLUMBUS,OH,43210,03,193822.35,,2026-07-31,2026-07-31,2025-07-31,365,2026-07-01,6
80HQTR21D0003,CONT_IDV_80HQTR21D0003_8000,idv,IDV_B_B,"AGILE DECISION SCIENCES, LLC","SPECTRUM AND RESOURCE MANAGEMENT, ENGINEERING AND PROGRAMMATIC SUPPORT SERVICES (SPECTRE) FOR NASA HEADQUARTERS.",350 VOYAGER WAY STE 100B,,HUNTSVILLE,AL,35806,05,,,,,0.00,135867047.52,2026-03-31,2027-03-31,2026-03-31,365,2026-06-29,12
80NSSC22CA126,CONT_AWD_80NSSC22CA126_8000_-NONE-_-NONE-,contract,D,"TELTRIUM, INC.",E014042 SBIR PHASE II SWARM ARRAY COHERENT COMBINING (SACC),6406 IVY LN STE 210,,GREENBELT,MD,20770,04,GREENBELT,MD,20770,04,1174275.00,1174275.00,2024-04-26,2026-03-26,2025-03-26,365,2025-03-11,5
80KSC020D0008,CONT_IDV_80KSC020D0008_8000,idv,IDV_B_B,"AMENTUM SERVICES, INC.",KENNEDY SPACE CENTER (KSC) PROPELLANTS AND LIFE SUPPORT SERVICES CONTRACT (KPLSS) II.,20501 SENECA MEADOWS PKWY STE 300,,GERMANTOWN,MD,20876,11,,,,,0.00,165055825.35,2022-09-30,2026-09-30,2025-09-30,365,2026-07-24,27
80NSSC19C0050,CONT_AWD_80NSSC19C0050_8000_-NONE-_-NONE-,contract,D,SCIENCE APPLICATIONS INTERNATIONAL CORPORATION,NATIONAL CENTER FOR CRITICAL INFORMATION PROCESSING AND STORAGE (NCCIPS),12010 SUNSET HILLS RD,,RESTON,VA,20190,11,STENNIS SPACE CENTER,MS,39529,04,91139299.05,130488563.18,2020-09-30,2027-09-30,2026-09-30,365,2026-07-28,163
80NSSC22K1201,ASST_NON_80NSSC22K1201_080,grant,04,VANDERBILT UNIVERSITY,21-NSTGRO22-0238 NANO-OPTIC PROBING OF VIBRATIONAL MODES OF DEFECTS AND COLOR CENTERS IN SEMICONDUCTORS,110 21ST AVENUE S STE 800,,NASHVILLE,TN,37203,05,NASHVILLE,TN,37203,05,169833.37,,2026-07-31,2026-07-31,2025-07-31,365,2026-07-01,5
80NM0025F7016,CONT_AWD_80NM0025F7016_8000_80NM0018D0004_8000,contract,C,CALIFORNIA INSTITUTE OF TECHNOLOGY,"EXTREME TERRAIN AUTONOMOUS, MOBILE, EXPLOSION-PROOF ROBOT (40-223072)",4800 OAK GROVE DR,,PASADENA,CA,91109,28,PASADENA,CA,91109,28,2793445.00,5619014.00,2029-09-30,2029-09-30,2028-09-30,365,2026-04-22,3
80NSSC22K1206,ASST_NON_80NSSC22K1206_080,grant,04,CARNEGIE-MELLON UNIVERSITY,21-NSTGRO22-0274 PROBABILISTIC GENERATIVE TERRAIN MAPPING FOR PLANETARY ROVERS,5000 FORBES AVE,,PITTSBURGH,PA,15213,12,PITTSBURGH,PA,15213,12,221993.83,,2026-08-28,2026-08-28,2025-08-28,365,2026-07-13,6
80NSSC22K1213,ASST_NON_80NSSC22K1213_080,grant,04,UNIVERSITY OF TEXAS AT AUSTIN,21-NSTGRO22-0337 ITERATIVE GRIDDING METHOD FOR FAST COVERAGE ANALYSIS IN DISTRIBUTED SPACECRAFT MISSIONS,110 INNER CAMPUS DR,,AUSTIN,TX,78712,25,AUSTIN,TX,78712,25,197558.65,,2026-07-31,2026-07-31,2025-07-31,365,2026-07-06,6
80NSSC22K1214,ASST_NON_80NSSC22K1214_080,grant,04,CORNELL UNIVERSITY,21-NSTGRO22-0346 NEUTRAL CHARACTERIZATION IN ELECTROSPRAY PROPULSION TECHNOLOGY USING NOVEL EXPERIMENT (NEPTUNE),341 PINE TREE RD,,ITHACA,NY,14850,19,ITHACA,NY,14850,19,245036.38,,2026-08-14,2026-08-14,2025-08-14,365,2026-07-08,5
80NM0023F0061,CONT_AWD_80NM0023F0061_8000_80NM0018D0004_8000,contract,C,CALIFORNIA INSTITUTE OF TECHNOLOGY,SCAN PROGRAM SYSTEMS ENGINEERING (90-210041),4800 OAK GROVE DR,,PASADENA,CA,91109,28,PASADENA,CA,91109,28,10326683.73,14572918.00,2029-09-30,2029-09-30,2028-09-30,365,2026-06-11,26
80NM0023F0054,CONT_AWD_80NM0023F0054_8000_80NM0018D0004_8000,contract,C,CALIFORNIA INSTITUTE OF TECHNOLOGY,DEEP SPACE NETWORK JPL PUBLIC ENGAGEMENT AND EDUCATION (92-215059),4800 OAK GROVE DR,,PASADENA,CA,91109,28,PASADENA,CA,91109,28,1778685.00,3563291.00,2029-09-30,2029-09-30,2028-09-30,365,2026-03-13,16
80NSSC24K0030,ASST_NON_80NSSC24K0030_080,grant,04,CALIFORNIA INSTITUTE OF TECHNOLOGY,22-EARTH22-0310 OCEAN ENERGY CASCADES: ENERGY INJECTION AND TRANSFER AT MESO- AND SUBMESOSCALES,1200 E CALIFORNIA BLVD,,PASADENA,CA,91125,28,PASADENA,CA,91125,28,50000.00,,2026-10-03,2026-12-31,2025-12-31,365,2025-02-27,3
80NSSC23M0126,ASST_NON_80NSSC23M0126_080,grant,05,THE TRUSTEES OF THE SMITH COLLEGE,DEVELOPING A PATHWAY TO MARS (MATH RESILIENT STUDENTS) IN STEM: A CASCADING MENTORSHIP MODEL,10 ELM ST,,NORTHAMPTON,MA,01063,02,NORTHAMPTON,MA,01063,02,462842.00,,2026-07-31,2026-07-31,2025-07-31,365,2025-06-09,3
80NSSC23M0125,ASST_NON_80NSSC23M0125_080,grant,05,SALEM ACADEMY & COLLEGE,23-MUREP WCU-0002 SOAR WITH SALEM: A COMPREHENSIVE PROGRAM TO INSPIRE WOMEN AND GIRLS TO BECOME THE NEXT GENERATION OF STEM PROFESSIONALS.,601 S CHURCH ST,,WINSTON SALEM,NC,27101,10,WINSTON SALEM,NC,27101,10,435118.52,,2026-07-31,2026-07-31,2025-07-31,365,2026-06-25,4
80NSSC23M0124,ASST_NON_80NSSC23M0124_080,grant,05,COLLEGE OF SAINT MARY,PROJECT BLOOM FOR WOMEN IN STEM BOLSTERING LEARNING OPPORTUNITIES OUTREACH AND MINDFULNESS,7000 MERCY RD,,OMAHA,NE,68106,02,OMAHA,NE,68106,02,274299.00,,2026-07-31,2026-07-31,2025-07-31,365,2026-07-01,4
80NSSC23M0123,ASST_NON_80NSSC23M0123_080,grant,05,"AGNES SCOTT COLLEGE, INC.",ALUMNAE NETWORK & CAREER RESOURCES PROGRAM STEM SUPPORT ANCHORED AT ASC,141 E COLLEGE AVE,,DECATUR,GA,30030,05,DECATUR,GA,30030,05,494824.00,,2026-07-31,2026-07-31,2025-07-31,365,2025-06-09,3
80NSSC23M0120,ASST_NON_80NSSC23M0120_080,grant,05,SIMMONS UNIVERSITY,23-MUREP WCU-0019 DREAM-WSTEM (DYNAMIC RESEARCH EDUCATION ACADEMY FOR MENTORING WOMEN IN STEM),300 FENWAY,,BOSTON,MA,02115,07,BOSTON,MA,02115,07,449550.73,,2026-07-31,2026-07-31,2025-07-31,365,2026-07-06,4
80NSSC23M0119,ASST_NON_80NSSC23M0119_080,grant,05,ALVERNO COLLEGE,LAUNCHING THE FUTURE: AN INTERSECTIONAL APPROACH TO BOOSTING RECRUITMENT AND RETENTION OF WOMEN IN STEM UNDERGRADUATE EDUCATION,3400 S 43RD ST,,MILWAUKEE,WI,53219,04,MILWAUKEE,WI,53219,04,455222.76,,2026-07-31,2026-07-31,2025-07-31,365,2025-06-09,4
80NSSC22K1219,ASST_NON_80NSSC22K1219_080,grant,04,"UNIVERSITY OF CALIFORNIA, SAN DIEGO",21-NSTGRO22-0369 UTILIZING SURFACE ACOUSTIC WAVES FOR RAPID HEATING IN LITHIUM-ION BATTERIES,9500 GILMAN DR,,LA JOLLA,CA,92093,50,LA JOLLA,CA,92093,50,233243.15,,2026-07-31,2026-07-31,2025-07-31,365,2026-07-06,5
80NSSC22K1355,ASST_NON_80NSSC22K1355_080,grant,04,UNIVERSITY OF WISCONSIN SYSTEM,EO14042 THE CONTINUATION AND EVOLUTION OF THE CLDMSK AND CLDPROP CONTINUITY CLOUD PRODUCT SUITE,21 N PARK ST STE 6301,,MADISON,WI,53715,02,MADISON,WI,53715,02,534636.00,,2025-05-31,2027-05-31,2026-05-31,365,2025-06-30,6
80NSSC26P0368,CONT_AWD_80NSSC26P0368_8000_-NONE-_-NONE-,contract,B,NORTH AMERICAN MANUFACTURING PROS LLC,POWDER BED FUSION DEVELOPMENT OF OXIDE DISPERSION STRENGTHENED ALLOYS,29176 AL HIGHWAY 53,,ARDMORE,AL,35739,05,ARDMORE,AL,35739,05,349840.00,349840.00,2026-12-20,2027-12-20,2026-12-20,365,2026-05-20,3
80NSSC23K1177,ASST_NON_80NSSC23K1177_080,grant,04,UNIVERSITY OF FLORIDA,CONTROLLED THERAPEUTIC BIOMANUFACTURING FOR DEEP SPACE MISSIONS,1523 UNION RD RM 207,,GAINESVILLE,FL,32611,03,GAINESVILLE,FL,32611,03,252000.00,,2027-08-14,2027-08-14,2026-08-15,364,2026-07-28,4
80NM0025F7007,CONT_AWD_80NM0025F7007_8000_80NM0018D0004_8000,contract,C,CALIFORNIA INSTITUTE OF TECHNOLOGY,JASON-3 MISSION: EXTENDED ROUTINE OPERATIONS PHASE (88-224872),4800 OAK GROVE DR,,PASADENA,CA,91109,28,PASADENA,CA,91109,28,5249254.00,9365024.00,2029-09-25,2029-09-25,2028-09-30,360,2026-02-23,4
80JSC022AA027,CONT_IDV_80JSC022AA027_8000,idv,IDV_E,"SPECIAL AEROSPACE SERVICES, LLC",ENGINEERING AND TECHNICAL SERVICES,5627 KENDALL CT STE D,,ARVADA,CO,80002,07,,,,,0.00,9900000.00,2027-08-23,2027-08-23,2026-08-29,359,2026-07-27,7
80NM0018F0810,CONT_AWD_80NM0018F0810_8000_80NM0018D0004_8000,contract,C,CALIFORNIA INSTITUTE OF TECHNOLOGY,LASER COMMUNICATIONS RELAY DEMONSTRATION (LCRD) 97-17059,4800 OAK GROVE DR,,PASADENA,CA,91109,28,PASADENA,CA,91109,28,27909526.03,31312487.00,2023-09-24,2029-09-23,2028-09-30,358,2026-07-11,58
80JSC024F0071,CONT_AWD_80JSC024F0071_8000_80JSC019D0026_8000,contract,C,THE REGENTS OF THE UNIVERSITY OF COLORADO,EFFECT OF METABOLIC SUPPLEMENTS ON MUSCLE REGENERATION UNDER MICROGRAVITY,3100 MARINE ST STE 481 572 UCB,,BOULDER,CO,80309,02,BOULDER,CO,80309,02,299834.50,299834.50,2025-12-31,2027-02-20,2026-02-28,357,2026-02-05,5
80NSSC24K0540,ASST_NON_80NSSC24K0540_080,grant,04,"ASSOCIATION OF UNIVERSITIES FOR RESEARCH IN ASTRONOMY, INC.",CATCHING CHANGING LOOK NGC 3516 AT A BRIGHT FLUX TO ESTABLISH THE ROLE OF WINDS,3700 SAN MARTIN DR,,BALTIMORE,MD,21218,07,BALTIMORE,MD,21218,07,7052.30,,2025-01-10,2027-02-28,2026-03-10,355,2026-03-10,6
80NSSC25PA974,CONT_AWD_80NSSC25PA974_8000_-NONE-_-NONE-,contract,B,"HEXAGON MANUFACTURING INTELLIGENCE, LLC",HEXAGON RENEWAL AND PC-DMIS OFFLINE LICENSE,250 CIRCUIT DR,,NORTH KINGSTOWN,RI,02852,02,NORTH KINGSTOWN,RI,02852,02,0.00,0.00,2026-04-28,2026-04-28,2025-05-12,351,2025-05-12,2
80NSSC23K1549,ASST_NON_80NSSC23K1549_080,grant,04,GEORGIA TECH RESEARCH CORP,DEVELOPMENT OF HIGH TEMPERATURE SEALS BY INCORPORATING BORON NITRIDE-BASED FILLERS INTO PERFLUORINATED ELASTOMERS,926 DALNEY ST NW,,ATLANTA,GA,30318,05,ATLANTA,GA,30332,05,192000.00,,2027-08-13,2027-08-13,2026-08-30,348,2026-07-30,5
80NSSC23M0065,ASST_NON_80NSSC23M0065_080,grant,05,THE UNIVERSITY OF IOWA,FUNDS ARE REQUESTED TO ENGAGE DR. GREGORY R. CARMICHAEL IN THE NASA EARTH SCIENCE DIVISION ATMOSPHERIC OBSERVING SYSTEM (AOS) PHASE A & B STUDY. THE AOS CONSTELLATION HAS EVOLVED FROM THE AEROSOL (A) AND CLOUD CONVECTION AND PRECIPITATION (CCP) PRE-FORMULATION STUDY (ACCP) WHERE DR. CARMICHAEL SERVED AS CO-CHAIR OF THE SCIENCE COMMUNITY COHORT (SCC). THE SCC WAS AN EXTERNAL GROUP CONSISTING OF NATIONAL AND INTERNATIONAL LEADING SCIENTISTS AND APPLICATION PRACTITIONERS IN THE FIELD OF AEROSOLS AND CLOUDS CONVECTION AND PRECIPITATION WHOSE ROLE WAS TO PROVIDE GENERAL ADVICE ON ALL MATTERS RELATING TO THE SCIENCE DIRECTIONS OF THE ACCP STUDY. HE HAS ALSO BEEN PART OF THE AOS SCIENCE TEAM FOR AOS PRE-PHASE A. HIS ROLE IN AOS PHASES A & B WILL BE TO HELP EXPLORE ALGORITHM IDEAS AND CONCEPTS THAT ARE OF RELEVANCE TO AOS WORKING IN COLLABORATION WITH THE STUDY TEAM WITH PARTICULAR EMPHASIS ON PARTICIPATING IN THE SCIENCE AND APPLICATION LEADERSHIP TEAM (SATT) AND MODELING & DA WORKING GROUPS.,105 JESSUP HALL,,IOWA CITY,IA,52242,01,IOWA CITY,IA,52242,01,73203.00,,2026-03-16,2026-03-16,2025-04-03,347,2025-04-07,3
80NSSC24K1087,ASST_NON_80NSSC24K1087_080,grant,04,"SCIENCE SYSTEMS AND APPLICATIONS, INC.",23-SIST23-0009 EXTENSION AND IMPROVEMENTS OF THE GSFCSSI2 COMPOSITE SOLAR SPECTRAL IRRADIANCE DATA RECORD,10210 GREENBELT RD,STE 600,LANHAM,MD,20706,04,LANHAM,MD,20706,04,84732.23,,2027-05-06,2027-05-06,2026-06-03,337,2026-06-03,3
80NSSC23FA528,CONT_AWD_80NSSC23FA528_8000_80NSSC23DA001_8000,contract,C,IBEX IT BUSINESS EXPERTS LLC,"NASA ENTERPRISE-WIDE HUMAN CAPITAL SERVICES (NEHCSS) - IBEX IT BUSINESS EXPERTS, LLC",3295 RIVER EXCHANGE DR STE 550,,NORCROSS,GA,30092,07,HUNTSVILLE,AL,35812,05,214134.25,214134.25,2024-02-29,2026-02-28,2025-03-31,334,2025-04-23,8
80NSSC25K7593,ASST_NON_80NSSC25K7593_080,grant,04,YALE UNIV,NNH23ZDA001N OBSERVING HIGH-ENERGY RADIATION EVAPORATE AN EXOPLANET,150 MUNSON ST,,NEW HAVEN,CT,06511,03,NEW HAVEN,CT,06511,03,5017.46,,2026-01-02,2027-01-02,2026-02-02,334,2026-02-02,3
80NSSC26FA315,CONT_AWD_80NSSC26FA315_8000_NNG15SC71B_8000,contract,C,"FCN, INC.",FY26 RED HAT RHEL LICENSE RENEWAL,2600 TOWER OAKS BLVD STE 575,,ROCKVILLE,MD,20852,08,GREENBELT,MD,20771,04,0.00,0.00,2027-05-31,2027-05-31,2026-07-01,334,2026-07-01,2
80NSSC22K0843,ASST_NON_80NSSC22K0843_080,grant,04,"MN ASSOCIATES, INC.",THIS PROPOSED PROGRAM CALLED STUDENT AIRBORNE SCIENCE ACTIVATION FOR MSI (SASA) WILL BUILD.UPON A STUDENT AIRBORNE RESEARCH EXPERIENCE EFFORT THAT INVOLVES STUDENTS FROM SEVERAL MSIS.BEING RECRUITED AND BEING INVOLVED IN AN INTENSIVE EIGHT-WEEK,5231 GUNPOWDER RD,,FAIRFAX,VA,22030,11,FAIRFAX,VA,22030,11,101180.00,,2026-02-28,2026-02-28,2025-03-31,334,2025-02-05,5
80MSFC20C0045,CONT_AWD_80MSFC20C0045_8000_-NONE-_-NONE-,contract,D,UNIVERSITY OF ARIZONA,NEAR EARTH OBJECT SURVEILLANCE MISSION,888 N EUCLID AVE RM 510,,TUCSON,AZ,85719,07,TUCSON,AZ,85719,07,48766109.08,49314980.00,2021-01-31,2026-09-30,2025-10-31,334,2025-08-13,30
80NSSC25K0284,ASST_NON_80NSSC25K0284_080,grant,04,SMITHSONIAN INSTITUTION,EXECUTE A BALANCED SCIENCE PROGRAM BASED ON DISCIPLINE-SPECIFIC GUIDANCE FROM THE NATIONAL ACADEMIES OF SCIENCES ENGINEERING AND MEDICINE ADMINISTRATION PRIORITIES AND DIRECTION FROM CONGRESS. PARTICIPATE AS A KEY PARTNER AND ENABLER IN THE AGE,60 GARDEN ST,,CAMBRIDGE,MA,02138,05,CAMBRIDGE,MA,02138,05,0.00,,2026-10-31,2026-10-31,2025-12-02,333,2025-12-02,2
80NSSC21K1326,ASST_NON_80NSSC21K1326_080,grant,04,THE TRUSTEES OF PRINCETON UNIVERSITY,SOLAR ENERGETIC PARTICLES (SEPS) WHICH HAVE ENERGIES RANGING FROM A FEW TENS OF KEV TO SEVERAL GEV POSE SEVERE HAZARDS TO ASTRONAUTS AND SPACECRAFT COMPONENTS BEYOND THE PROTECTION OF EARTH S MAGNETIC FIELD. A FUNDAMENTAL GOAL OF SPACE WEATHER FORE,1 NASSAU HALL,,PRINCETON,NJ,08544,12,PRINCETON,NJ,08544,12,441830.24,,2025-06-13,2026-06-13,2025-07-16,332,2025-07-16,5
80NSSC22K0592,ASST_NON_80NSSC22K0592_080,grant,04,GEORGIA TECH RESEARCH CORP,21-PMMST21-0005 - USING SATELLITE-BASED PRECIPITATION ESTIMATES TO OBTAIN THE CONDITIONAL PROBABILITY DISTRIBUTION OF SOIL MOISTURE,926 DALNEY ST NW,,ATLANTA,GA,30332,05,ATLANTA,GA,30332,05,499701.00,,2025-02-03,2026-12-31,2026-02-03,331,2026-02-20,6
80NSSC23K0241,ASST_NON_80NSSC23K0241_080,grant,04,"ASSOCIATION OF UNIVERSITIES FOR RESEARCH IN ASTRONOMY, INC.",21-NUSTAR21-0005 DECIPHERING EVOLUTION OF CHANGING-LOOK AGN NGC 3516,3700 SAN MARTIN DR,,BALTIMORE,MD,21218,07,BALTIMORE,MD,21218,07,22153.65,,2024-01-31,2027-01-31,2026-03-10,327,2026-03-10,5
80ARC019P0003,CONT_AWD_80ARC019P0003_8000_-NONE-_-NONE-,contract,B,AST SPACE MOBILE USA LLC,"ADVANCED COMPOSITE SOLAR SAIL SYSTEM (ACS3) SPACECRAFT BUS. NASA IS PROCURING A SPACEFLIGHT-QUALIFIED 12U CUBESAT BUS TO HOST A NASA-DEVELOPED SOLAR SAIL PAYLOAD, AND EQUIPMENT, DOCUMENTATION, AND SERVICES TO SUPPORT THAT BUS.",5825 UNIVERSITY RESEARCH CT STE 2300,,COLLEGE PARK,MD,20740,04,MIDLAND,TX,79706,11,969573.00,969573.02,2021-12-31,2025-12-31,2025-02-10,324,2025-02-05,23
80NSSC22K1183,ASST_NON_80NSSC22K1183_080,grant,04,THE JOHNS HOPKINS UNIVERSITY,21-NSTGRO22-0099 THERMAL EFFECTS IN PLUME-SURFACE INTERACTION DURING A POWERED DESCENT LANDING,3400 N CHARLES ST,,BALTIMORE,MD,21218,07,BALTIMORE,MD,21218,07,292000.00,,2026-08-28,2026-08-28,2025-10-12,320,2025-09-24,5
80NSSC25PA194,CONT_AWD_80NSSC25PA194_8000_-NONE-_-NONE-,contract,B,"CLAY LACY AVIATION, INC.",N802NA 4500 FLIGHT HOUR INSPECTION,7435 VALJEAN AVE,,VAN NUYS,CA,91406,29,VAN NUYS,CA,91406,29,238165.35,238165.35,2024-12-21,2025-12-21,2025-02-11,313,2025-02-10,5
80JSC025FA086,CONT_AWD_80JSC025FA086_8000_80JSC023AA003_8000,contract,A,THE POTOMAC INSTITUTE FOR POLICY STUDIES,TECHNOLOGY FORECAST SERVICES,901 NORTH STUART ST STE 1200,,ARLINGTON,VA,22203,08,HOUSTON,TX,77058,36,46060.94,46060.94,2026-01-31,2026-01-31,2025-03-31,306,2025-04-07,2
80LARC21F0158,CONT_AWD_80LARC21F0158_8000_80LARC21D0002_8000,contract,C,GENERAL ELECTRIC COMPANY,REUSABLE CMC HOT STRUCTURES FOR HYPERSONIC TECHNOLOGY DEVELOPMENT AT NASA LARC.,1 NEUMANN WAY,,CINCINNATI,OH,45215,01,CINCINNATI,OH,45215,01,904138.00,904138.00,2022-12-15,2026-09-30,2025-11-30,304,2025-11-24,10
80AFRC24FA023,CONT_AWD_80AFRC24FA023_8000_80AFRC24DA010_8000,contract,C,"LOFT ORBITAL FEDERAL, LLC",MINIMUM GUARANTEED,810 BRICKYARD CIRCLE UNIT 3,,GOLDEN,CO,80403,07,GOLDEN,CO,80403,07,1486000.00,1486000.00,2029-02-28,2029-02-28,2028-04-30,304,2025-09-25,4
80NM0025F7003,CONT_AWD_80NM0025F7003_8000_80NM0018D0004_8000,contract,C,CALIFORNIA INSTITUTE OF TECHNOLOGY,REDUNDANT DATA CENTERS (RDC) & SPC SERVER ROOM,4800 OAK GROVE DR,,PASADENA,CA,91109,28,PASADENA,CA,91109,28,14990000.00,14990000.00,2029-07-30,2029-07-30,2028-09-30,303,2026-03-17,5
80NSSC23K0037,ASST_NON_80NSSC23K0037_080,grant,04,UNIVERSITY OF OKLAHOMA,EO14042 SALTS AND CLAYS- INVESTIGATING CLAY FORMATION AND ALTERATION IN HIGH SALINITY BRINES,1000 ASP AVE RM 105,,NORMAN,OK,73019,04,NORMAN,OK,73019,04,241463.87,,2025-12-31,2026-12-31,2026-03-03,303,2026-03-03,5
80NSSC23CA099,CONT_AWD_80NSSC23CA099_8000_-NONE-_-NONE-,contract,D,GEOLABE LLC,SBIR PHASE II ESTIMATING GROUNDWATER DYNAMICS FROM ARTIFICIAL INTELLIGENCE AND INSAR,1615 CENTRAL AVE,SUITE 202,LOS ALAMOS,NM,87544,03,LOS ALAMOS,NM,87544,03,830519.00,830519.00,2025-06-29,2026-06-30,2025-08-31,303,2025-03-21,5
80KSC024F0033,CONT_AWD_80KSC024F0033_8000_80KSC020D0008_8000,contract,C,"AMENTUM SERVICES, INC.",AWARD OF PRE-PRICED TASK ORDER (PPTO)013. CONTRACT LINE ITEM NUMBER (CLIN) 004 IN ACCORDANCE WITH 80KSC020D0008.,20501 SENECA MEADOWS PKWY STE 300,,GERMANTOWN,MD,20876,11,ORLANDO,FL,32899,08,569460.45,569460.45,2024-06-23,2027-06-28,2026-08-31,301,2026-07-14,6
80NSSC23PB368,CONT_AWD_80NSSC23PB368_8000_-NONE-_-NONE-,contract,B,PACIFIC RESEARCH & EVALUATION LLC,AUDIENCE EVALUATION OF ENGAGEMENT CONTENT AND MATERIALS,3507 S CORBETT AVE,,PORTLAND,OR,97239,01,PORTLAND,OR,97239,01,183337.00,183337.00,2025-12-31,2025-12-31,2025-03-06,300,2025-03-06,2
80NSSC22K0668,ASST_NON_80NSSC22K0668_080,grant,04,UNIVERSITY OF NORTH TEXAS,MOST SUPERMASSIVE BLACK HOLES (SMBHS) IN THE LOCAL UNIVERSE ARE ACCRETING AT RATES MUCH BELOW THE EDDINGTON LIMIT YET THEY GENERATE ENOUGH FEEDBACK POWER TO MAINTAIN THE QUIESCENT STATE AND SUPPRESS COOLING FLOWS IN MASSIVE GALAXIES AND GALAXY,1155 UNION CIR #305250,,DENTON,TX,76203,13,DENTON,TX,76203,13,93095.09,,2025-06-30,2026-06-30,2025-09-09,294,2025-09-09,6
80NSSC20K0979,ASST_NON_80NSSC20K0979_080,grant,04,GEORGE MASON UNIVERSITY,THE KEY ROLE OF THE IGPO IS TO PROVIDE FOCUS FOR THE SCIENTIFIC DIRECTION OF GEWEX WITH THE SENIOR LEVEL LEADERSHIP AND STAFF NECESSARY TO INTEGRATE THE EFFORTS OF THE NUMEROUS PARTICIPATING SCIENTISTS.,4400 UNIVERSITY DR,,FAIRFAX,VA,22030,11,FAIRFAX,VA,22030,11,4485747.39,,2025-04-30,2026-04-30,2025-07-11,293,2025-07-17,13
80NSSC25PC038,CONT_AWD_80NSSC25PC038_8000_-NONE-_-NONE-,contract,B,COMPAGNIE MARITIME D'EXPERTISES,CHAMBER SERVICES FOR DECOMPRESSION SICKNESS TESTING OF EXERCISE COUNTERMEASURES.,36 BOULEVARD DE L'OCEAN,,MARSEILLE 9,,,,,,,,0.00,0.00,2026-09-25,2026-09-25,2025-12-11,288,2025-12-15,2
80NSSC21M0005,ASST_NON_80NSSC21M0005_080,grant,05,OKLAHOMA STATE UNIVERSITY,THE PRIMARY OBJECTIVE OF THE NATIVE EARTH NATIVE SKY (NENS) PROGRAM IS TO BUILD CULTURALLY-RELEVANT EARTH-SKY STEM PROGRAMMING FOR MIDDLE SCHOOLERS IN THREE OKLAHOMA NATIVE AMERICAN NATIONS THAT WILL INCREASE THE STUDENTS UNDERSTANDING OF,401 WHITEHURST HALL,,STILLWATER,OK,74078,03,STILLWATER,OK,74078,03,2141868.19,,2025-12-31,2025-12-31,2025-03-21,285,2025-07-22,9
80NSSC22M0104,ASST_NON_80NSSC22M0104_080,grant,05,SOUTHWEST RESEARCH INSTITUTE,20-HFORT20-0003.COMPOSITION AND DYNAMICS EXPERIMENT (CODEX) IN THE TOPSIDE IONOSPHERE,6220 CULEBRA RD,,SAN ANTONIO,TX,78238,20,SAN ANTONIO,TX,78238,20,3271581.00,,2026-12-31,2026-12-31,2026-03-24,282,2026-05-06,3
80LARC24F0042,CONT_AWD_80LARC24F0042_8000_80SSC018D0011_8000,contract,C,"BIRMINGHAM INDUSTRIAL CONSTRUCTION, LLC",REPLACE AND REPAIR OF SANITARY SEWER SYSTEMS AT NASA LANGLEY RESEARCH CENTER - PHASE 1.,387 HUGHES RD,,COLUMBIANA,AL,35051,06,HAMPTON,VA,23681,03,9253711.65,9253711.65,2027-09-29,2028-05-06,2027-07-31,280,2026-05-29,10
80SSC021F0015,CONT_AWD_80SSC021F0015_8000_NNG15SC20B_8000,contract,C,STERLING COMPUTERS CORPORATION,GLENN RESEARCH CENTER (GRC) SERVER STORAGE,303 CENTENIAL DR,,NORTH SIOUX CITY,SD,57049,00,CLEVELAND,OH,44135,11,370833.36,370833.36,2026-04-19,2026-04-19,2025-07-17,276,2025-07-17,2
80NSSC24CA029,CONT_AWD_80NSSC24CA029_8000_-NONE-_-NONE-,contract,D,INTERDISCIPLINARY CONSULTING CORP,WIRELESS INSTRUMENTATION FOR ROCKET APPLICATIONS (WIRA) STTR II,2405 NW 66TH CT,,GAINESVILLE,FL,32653,03,GAINESVILLE,FL,32653,03,899998.00,899998.00,2025-12-25,2025-12-25,2025-03-25,275,2025-12-11,3
80NSSC24K1889,ASST_NON_80NSSC24K1889_080,grant,04,SMITHSONIAN INSTITUTION,FOLLOW-UP OBSERVING PROGRAM FOR THE TESS EXTENDED MISSION,60 GARDEN ST,,CAMBRIDGE,MA,02138,05,CAMBRIDGE,MA,02138,05,642237.00,,2025-09-30,2026-09-30,2025-12-31,273,2025-09-14,5
80LARC25P0002,CONT_AWD_80LARC25P0002_8000_-NONE-_-NONE-,contract,B,SILVER BLUEMOON LLC,"PROCURE R134A REFRIGERANT FOR USE AS A TEST MEDIUM AT THE NASA LANGLEY RESEARCH CENTER (LARC) TRANSONIC DYNAMICS TUNNEL (TDT). QUANTITY IS 200,000 LBS SPREAD OVER 5 DELIVERERS AT 40,000 LBS EACH.",930 N MULLAN RD STE 1,,SPOKANE VALLEY,WA,99206,05,HAMPTON,VA,23681,03,0.00,0.00,2026-08-30,2026-08-30,2025-12-04,269,2025-12-04,2
80NSSC25PA068,CONT_AWD_80NSSC25PA068_8000_-NONE-_-NONE-,contract,B,UNIVERSITY CORPORATION FOR ATMOSPHERIC RESEARCH,OT DYNAMICAL NEUTRAL ATMOSPHERE-IONOSPHERE COUPLING-X (DYNAMIC-X) PHASE A STUDY VIRGINIA POLYTECHNIC INSTITUTE AND STATE UNIVERSITY (VT)/WORK ON THE DEVELOPMENT OF DATA ASSIMILATION SYSTEM WITH THE HAO/NCAR WHOLE ATMOSPHERE COMMUNITY CLIMATE MODEL.,3090 CENTER GREEN DR,,BOULDER,CO,80301,02,BOULDER,CO,80301,02,14000.00,14000.00,2025-12-31,2025-12-31,2025-04-08,267,2025-04-08,4
80NSSC24PC331,CONT_AWD_80NSSC24PC331_8000_-NONE-_-NONE-,contract,B,"ELI GROUP, LLC",EXECUTIVE LEADERSHIP IMPACT,3904 IMMEL DR,,FLOWER MOUND,TX,75022,26,FLOWER MOUND,TX,75022,26,27500.00,27500.00,2025-11-13,2025-11-13,2025-02-19,267,2025-02-19,2
80NSSC25K7581,ASST_NON_80NSSC25K7581_080,grant,04,NEW YORK UNIVERSITY,THE ROSES FUNDING OPPORTUNITY GOALS ARE: EXECUTE A BALANCED SCIENCE PROGRAM BASED ON DISCIPLINE-SPECIFIC GUIDANCE FROM THE NATIONAL ACADEMIES OF SCIENCES ENGINEERING AND MEDICINE ADMINISTRATION PRIORITIES AND DIRECTION FROM CONGRESS. PARTICIPATE AS A KEY PARTNER AND ENABLER IN THE AGENCY S EXPLORATION INITIATIVE FOCUSING ON SCIENTIFIC RESEARCH OF ON AND FROM THE MOON LUNAR ORBIT MARS AND BEYOND. ADVANCE DISCOVERY IN EMERGING FIELDS BY IDENTIFYING AND EXPLOITING CROSS-DISCIPLINARY OPPORTUNITIES BETWEEN TRADITIONAL SCIENCE DISCIPLINES DEVELOP A DIRECTORATE-WIDE TARGET-USER FOCUSED APPROACH TO APPLIED PROGRAMS INCLUDING EARTH SCIENCE APPLICATIONS SPACE WEATHER PLANETARY DEFENSE AND SPACE SITUATIONAL AWARENESS.,70 WASHINGTON SQ S,,NEW YORK,NY,10012,10,NEW YORK,NY,10012,10,79126.07,,2027-01-13,2027-01-13,2026-04-22,266,2026-04-22,3
80NSSC24K0763,ASST_NON_80NSSC24K0763_080,grant,04,LUMENUS SCIENTIFIC LLC,DEVELOPING MODERN MACHINE LEARNING METHODS TO RETRIEVE XCO2 WITH ASSOCIATED UNCERTAINTIES FROM OCO 2 AND OCO 3 SOLAR ABSORPTION SPECTRA,600 N ROBINSON AVE STE 583,,OKLAHOMA CITY,OK,73102,05,OKLAHOMA CITY,OK,73116,05,123079.78,,2027-02-28,2027-02-28,2026-06-10,263,2026-06-10,3
80JSC025FA062,CONT_AWD_80JSC025FA062_8000_80JSC023AA003_8000,contract,A,THE POTOMAC INSTITUTE FOR POLICY STUDIES,TECHNOLOGY FORECAST SERVICES,901 NORTH STUART ST STE 1200,,ARLINGTON,VA,22203,08,HOUSTON,TX,77058,36,114809.08,114809.08,2025-12-19,2025-12-19,2025-03-31,263,2025-04-07,2
80NSSC21K1125,ASST_NON_80NSSC21K1125_080,grant,04,THE PENNSYLVANIA STATE UNIVERSITY,WE PROPOSE TO BUILD AN X-RAY CODED APERTURE TELESCOPE (BLACKCAT) DESIGNED FOR OBSERVATIONS OF.BRIGHT X-RAY SOURCES IN THE 0.5-20 KEV BAND..,201 OLD MAIN,,UNIVERSITY PARK,PA,16802,15,UNIVERSITY PARK,PA,16802,15,5647707.00,,2026-03-18,2027-03-18,2026-06-30,261,2026-04-02,15
80NSSC24K1867,ASST_NON_80NSSC24K1867_080,grant,04,THE UNIVERSITY OF ALABAMA IN HUNTSVILLE,MULTIPOINT OBSERVATIONS CHARACTERIZE TURBULENCE WITHIN THE COROTATING INTERACTION REGIONS AND ITS EFFECTS ON ENERGETIC PARTICLE ACCELERATION,301 SPARKMAN DR NW,,HUNTSVILLE,AL,35805,05,HUNTSVILLE,AL,35805,05,100000.00,,2027-08-31,2027-08-31,2026-12-15,259,2026-02-25,3
80SSC026C0002,CONT_AWD_80SSC026C0002_8000_-NONE-_-NONE-,contract,D,HANCOCK COUNTY UTILITY AUTHORITY,"THE PURPOSE OF THIS ACQUISITION IS TO AWARD A SINGLE AWARD TO HANCOCK COUNTY UTILITY AUTHORITY (HCUA) FOR WASTEWATER COLLECTION AND TREATMENT TO STENNIS SPACE CENTER, MS. A U.S. FEDERAL INSTALLATION PROVIDING SERVICES TO NASA.",401 GULFSIDE ST,,WAVELAND,MS,39576,04,STENNIS SPACE CENTER,MS,39529,04,0.00,0.00,2026-12-31,2026-12-31,2026-04-20,255,2026-04-20,2
80NSSC26K0207,ASST_NON_80NSSC26K0207_080,grant,04,WILLIAM MARSH RICE UNIVERSITY,EXECUTE A BALANCED SCIENCE PROGRAM BASED ON DISCIPLINE-SPECIFIC GUIDANCE FROM THE NATIONAL ACADEMIES OF SCIENCES ENGINEERING AND MEDICINE ADMINISTRATION PRIORITIES AND DIRECTION FROM CONGRESS. PARTICIPATE AS A KEY PARTNER AND ENABLER IN THE AGE,6100 MAIN ST,,HOUSTON,TX,77005,07,HOUSTON,TX,77005,07,1789055.00,,2029-07-31,2029-07-31,2028-11-18,255,2026-04-09,2
80NSSC22K1681,ASST_NON_80NSSC22K1681_080,grant,04,THE UNIVERSITY OF TEXAS RIO GRANDE VALLEY,21-EEJ21-0061 INTEGRATION OF SATELLITE DATA ON AIR POLLUTION WITH SOCIOECONOMIC INDICATORS TO ASSESS THE IMPACTS OF AGRICULTURAL BURNING ON LOCAL COMMUNITIES IN THE LOWER RIO GRANDE VALLEY OF SOUTH TEXAS.,1201 WEST UNIVERSITY DR,,EDINBURG,TX,78539,15,EDINBURG,TX,78539,15,220220.64,,2024-08-31,2025-11-30,2025-03-21,254,2025-09-10,6
NNG11XA04C,CONT_AWD_NNG11XA04C_8000_-NONE-_-NONE-,contract,D,NORTHROP GRUMMAN SYSTEMS CORPORATION,"THE CONTRACTOR SHALL PROVIDE ALL PERSONNEL, FACILITIES, EQUIPMENT, MATERIAL, AND SERVICES NECESSARY TO DESIGN, DEVELOP, MANUFACTURE, INTEGRATE, TEST, AND DELIVER THE HARDWARE, DOCUMENTATION, AND SERVICES SPECIFIED HEREIN. THE CONTRACTOR SHALL ALSO PROVIDE SUPPORT, AS REQUIRED, FOR PRE-DELIVERY MISSION INTEGRATION ACTIVITIES, SUCH AS NPP MISSION OPERATIONS REVIEW AND JPSS DELTA-PDR. DOCUMENTATION AND OTHER TASKS SHOULD BE IN ACCORDANCE WITH THE REQUIREMENTS OF THIS SOW AND THE APPLICABLE DOCUMENTATION REFERENCED IN SECTION 2.3 HEREIN. COMPLIANCE WITH THE REQUIREMENTS STATED HEREIN, SHALL BE THE RESPONSIBILITY OF THE CONTRACTOR.",1100 W HOLLYVALE ST,,AZUSA,CA,91702,31,AZUSA,CA,91702,31,585578959.78,623900133.00,2014-09-01,2029-11-10,2029-03-01,254,2026-05-19,288
80NSSC22K1204,ASST_NON_80NSSC22K1204_080,grant,04,UNIVERSITY OF TEXAS AT AUSTIN,21-NSTGRO22-0254 AUTONOMOUS RENDEZVOUS AND DOCKING WITH THE AID OF OPTICAL MANEUVER DETECTION,110 INNER CAMPUS DR,,AUSTIN,TX,78712,25,AUSTIN,TX,78712,25,265478.00,,2026-08-28,2026-08-28,2025-12-20,251,2025-12-09,8
80NSSC25K0105,ASST_NON_80NSSC25K0105_080,grant,04,INTERLUNE CORPORATION,STIRRED COMMINUTION OF REGOLITH USING MILLING FOR BENEFICIATION OF LUNAR EXTRACT (SCRUMBLE),5601 6TH AVE S STE 270,,SEATTLE,WA,98108,07,SEATTLE,WA,98108,07,0.00,,2026-05-15,2026-05-15,2025-09-08,249,2025-09-11,4
80NSSC24PB114,CONT_AWD_80NSSC24PB114_8000_-NONE-_-NONE-,contract,B,VIAKORP CORPORATION,KSC MAID SERVICE SUPPORT FOR CREW QUARTERS,107 STRATFORD DR,APT H,WILLIAMSBURG,VA,23185,01,WILLIAMSBURG,VA,23185,01,16600.00,120600.00,2025-09-30,2025-09-30,2025-01-24,249,2025-03-18,3
80NSSC23K0935,ASST_NON_80NSSC23K0935_080,grant,04,BROWN UNIVERSITY,EO14042 OBSERVING THE MARGINAL ICE ZONE WITH ICESAT-2: IMPROVING ESTIMATES OF SEA ICE FREEBOARD AND STORM IMPACTS,1 PROSPECT ST,,PROVIDENCE,RI,02912,01,PROVIDENCE,RI,02912,01,124083.70,,2026-04-30,2026-04-30,2025-08-26,247,2025-08-26,3
80NSSC24PA210,CONT_AWD_80NSSC24PA210_8000_-NONE-_-NONE-,contract,B,UNIBAP SPACE SOLUTIONS AB (PUBL),UNIBAP - OSE-SAT IN-SPACE AUTONOMY TESTBED,VASTRA AGATAN 16,,UPPSALA,,,,MOUNTAIN VIEW,CA,94035,16,70000.00,70000.00,2024-11-29,2025-11-29,2025-03-28,246,2025-03-28,3
80ARC020C0002,CONT_AWD_80ARC020C0002_8000_-NONE-_-NONE-,contract,D,EXOTERRA RESOURCE LLC,"TIPPING POINT- TOPIC 3. EFFICIENT AND AFFORDABLE PROPULSION SYSTEMS. COURIER SOLAR ELECTRIC PROPULSION MODULE: MODULAR, FULLY INTEGRATED, MINIATURE HALL THRUSTER SYSTEM PRIMARILY DESIGNED FOR 12U CUBESATS",7640 S ALKIRE PL,,LITTLETON,CO,80127,06,LITTLETON,CO,80127,06,1738528.00,1738528.00,2022-01-12,2025-12-31,2025-04-30,245,2025-04-14,15
80NSSC24K1101,ASST_NON_80NSSC24K1101_080,grant,04,HOWE INDUSTRIES LLC,PULSED PLASMA ROCKET PPR SHIELDED FAST TRANSITS FOR HUMANS TO MARS,16674 N 91ST ST STE 103,,SCOTTSDALE,AZ,85260,01,SCOTTSDALE,AZ,85260,01,596619.00,,2026-06-02,2026-06-02,2025-09-30,245,2025-09-19,3
80MSFC24FA041,CONT_AWD_80MSFC24FA041_8000_80MSFC24DA016_8000,contract,C,TENNESSEE VALLEY SERVICES INC,4650 FIRE PROTECTION AND ELECTRICAL CONNECTIONS,200 HARRINGTON DR,,KILLEN,AL,35645,04,HUNTSVILLE,AL,35812,05,278804.00,278804.00,2024-10-17,2026-05-05,2025-09-04,243,2025-06-30,3
80JSC022DA027,CONT_IDV_80JSC022DA027_8000,idv,IDV_B_B,"MATHEMATICAL RESEARCH, INC.",MISSION ENABLING SERVICES CONTRACT (MESC) IDIQ,17047 EL CAMINO REAL,STE 200,HOUSTON,TX,77058,36,,,,,17334368.85,35000000.00,2027-09-30,2027-09-30,2027-01-30,243,2026-08-03,55
80KSC022FA030,CONT_AWD_80KSC022FA030_8000_NNK17LA17B_8000,contract,C,"ASTROTECH SPACE OPERATIONS, LLC",PAYLOAD PROCESSING SERVICE FOR HABITATION AND LOGISTICS OUTPOST (HALO)AND POWER AND PROPULSION ELEMENT (PPE) MISSION.,1515 CHAFFEE DR,,TITUSVILLE,FL,32780,08,TITUSVILLE,FL,32780,08,3002834.75,3002834.75,2024-12-07,2027-02-07,2026-06-10,242,2025-04-28,6
80NSSC23M0027,ASST_NON_80NSSC23M0027_080,grant,05,GRAMBLING STATE UNIVERSITY,CAN22-211 22-P2 INVITED-0014 LASER SINTERING OF POWDER MIXTURES IN CONFINED SPACE,100 FOUNDER ST,STE 222,GRAMBLING,LA,71245,04,GRAMBLING,LA,71245,04,45000.00,,2024-01-31,2025-09-30,2025-01-31,242,2025-03-05,4
80NSSC21M0079,ASST_NON_80NSSC21M0079_080,grant,05,SETI INSTITUTE,DATA PROCESSING AND ANALYSIS SUPPORT FOR NASA SCIENCE PIPELINES.,339 BERNARDO AVE STE 200,,MOUNTAIN VIEW,CA,94043,16,MOUNTAIN VIEW,CA,94043,16,7174631.00,,2026-02-28,2027-02-28,2026-07-01,242,2026-06-10,36
80KSC025FA020,CONT_AWD_80KSC025FA020_8000_NNK17LA01C_8000,contract,C,AI SOLUTIONS INC,LEVERAGING COMPUTER VISION TO ENHANCE THE SYNCHRONIZED POSITION HOLD ENGAGE AND REORIENT EXPERIMENTAL SATELLITE (SPHERES)SLOSH EXPERIMENT DATASET SPECIAL STUDY,4500 FORBES BLVD STE 300,,LANHAM,MD,20706,08,LANHAM,MD,20706,04,83192.69,83192.69,2026-01-31,2026-09-30,2026-01-31,242,2025-07-15,4
80NSSC26P0001,CONT_AWD_80NSSC26P0001_8000_-NONE-_-NONE-,contract,B,"BUTLER PARACHUTE SYSTEMS, INC",CUSTOM PARACHUTE (X2) AND DROP TESTS WITH FULL REPORT,1820 LOUDON AVE NW,,ROANOKE,VA,24017,06,ROANOKE,VA,24017,06,55000.00,55000.00,2025-10-31,2026-06-30,2025-10-31,242,2026-07-07,3
80LARC25F7003,CONT_AWD_80LARC25F7003_8000_80GSFC19D0011_8000,contract,C,THE AEROSPACE CORPORATION,"NASA ENGINEERING AND SAFETY CENTER'S (NESC) ENVIRONMENTAL CONTROL AND LIFE SUPPORT (ECLSS) TECHNICAL DISCIPLINE TEAM (TDT), PROVIDES TECHNICAL EXPERTISE FOR RESOLUTION OF ISSUES RELATED TO VEHICLE AND SPACESUIT ENVIRONMENTAL CONTROL.",2310 EAST EL SEGUNDO BLVD,,EL SEGUNDO,CA,90245,36,EL SEGUNDO,CA,90245,36,0.00,0.00,2025-12-12,2025-12-12,2025-04-15,241,2026-03-17,3
80NSSC23M0020,ASST_NON_80NSSC23M0020_080,grant,05,BLUE MARBLE SPACE,UNSOLICITED. THREE-DIMENSIONAL MODELING OF OBSERVABLE TERRESTRIAL WORLDS,716 SEWELL BRANCH RD,,CLAYTON,DE,19938,00,CLAYTON,DE,19938,00,44879.00,,2025-12-31,2025-12-31,2025-05-09,236,2025-05-14,5
80NSSC23M0024,ASST_NON_80NSSC23M0024_080,grant,05,AMERICAN UNIVERSITY,MODELING OF EXOPLANET ATMOSPHERES AND CLIMATES,4400 MASSACHUSETTS AVE NW,,WASHINGTON,DC,20016,98,WASHINGTON,DC,20016,98,197381.55,,2023-12-01,2025-11-30,2025-04-08,236,2026-03-26,5
80NSSC22K1173,ASST_NON_80NSSC22K1173_080,grant,04,UNIVERSITY OF ILLINOIS,21-NSTGRO22-0026 KEYHOLE-BASED IMPACT SITE SELECTION AND POST-DEFLECTION IMPACT RISK ASSESSMENT FOR NEAR-EARTH OBJECTS,506 S WRIGHT ST,,URBANA,IL,61801,13,URBANA,IL,61801,13,299880.67,,2026-08-14,2026-08-14,2025-12-22,235,2025-12-19,5
80NSSC20K1485,ASST_NON_80NSSC20K1485_080,grant,04,REGENTS OF THE UNIVERSITY OF MINNESOTA,MOROCCO IS A DROUGHT-PRONE CLIMATE-CONSTRAINED COUNTRY THAT HAS MADE SIGNIFICANT INVESTMENTS IN AGRICULTURE WITH THE GOAL OF ENHANCING THE ADOPTION OF HIGHER-VALUE CROPPING SYSTEMS FOR ECONOMIC DEVELOPMENT. THE MOROCCAN GOVERNMENT CURRENTLY OFFERS A MULTI-PERIL INSURANCE PROGRAM FOR CEREAL CROPS BUT HAS NOT YET DEVELOPED A PRODUCT THAT COULD HELP ABSORB THE RISKS IMPEDING THE ADOPTION OF SUCH HIGHER VALUE BUT RISKIER CROPPING SYSTEMS. WITHIN THIS CONTEXT TWO EARLY-CAREER SCIENTISTS WITH SPECIALTIES IN SPATIAL AND ECONOMIC ANALYSIS RESPECTIVELY WILL LEAD A PROJECT TO EVALUATE THE POSSIBILITY OF USING REMOTELY-SENSED INDICATORS TO EFFECTIVELY SHIELD FARMERS FROM RISKS OF ADOPTING HIGHER VALUE CROPS VIA THEIR USE IN AN INDEXED INSURANCE AND/OR DROUGHT RELIEF PROGRAM. ACHIEVING THIS OVERARCHING OBJECTIVE WILL INVOLVE THREE MAIN TASKS: 1. DETECTING THE EXTENT OF OLIVE CROPPING SYSTEMS AND EVALUATING THE DEGREE OF CONVERSION FROM CEREAL CROPS TO OLIVES. 2. EVALUATING SOCIOECONOMIC CONDITIONS AND RISK MANAGEMENT STRATEGIES IN TWO STUDY AREAS OF MOROCCO. THIS STEP WILL FIRST INVOLVE EXPERT ELICITATION TO GROUND THE ANALYSIS IN THE REALITIES AND PERCEIVED RISKS IN THE SUPPLY CHAIN AND WILL BE FOLLOWED BY A SERIES OF STRATIFIED SURVEYS AMONG AGRICULTURAL PRODUCERS IN TWO OLIVE PRODUCING REGIONS OF MOROCCO WHOSE AGRO-CLIMATIC CONDITIONS VARY. 3. INTEGRATING DATA ON SOCIOECONOMIC CONDITIONS WITH REMOTELY SENSED ENVIRONMENTAL CHANGES TO EVALUATE THE CORRESPONDENCE OF A REMOTELY-SENSED TRIGGER OF FARMER LOSSES DUE TO ADVERSE CONDITIONS SUCH AS DROUGHT. PERENNIAL CROPS ARE EMBLEMATIC OF THE POSSIBILITY TO ADOPT HIGHER VALUE CROPPING SYSTEMS THAT ARE OTHERWISE TOO RISKY FOR MANY FARMERS TO TAKE ON WITHOUT INSURANCE. EVEN IF THEY ARE DROUGHT-RESISTANT PERENNIALS ARE MUCH MORE COSTLY THAN MANY ANNUAL CROPS AND INVOLVE A LONG PERIOD BEFORE THEY HAVE ECONOMICALLY-HARVESTABLE FRUITS. EVEN ONCE PRODUCING WEATHER FLUCTUATION REMAINS A RISK: RECENT REPORTS SUGGEST MOROCCAN OLIVE FARMERS PERCEIVED YIELD DECLINES ON THE ORDER OF 36-64% LESS THAN EXPECTED IN RECENT DRY YEARS. DROUGHT CAN THEREFORE AMPLIFY RISK EXPOSURE FOR FARMERS WHEN THE FARMERS FACE HIGHER ABSOLUTE LOSSES RELATIVE TO THEIR POTENTIAL. DESPITE THE IMPORTANCE OF PERENNIALS MOST STUDIES EVALUATING INDEXED PRODUCTS FOR AGRICULTURE FOCUS ON ANNUAL CROPPING SYSTEMS OR BROAD INDICATORS OF DROUGHT STRESS RATHER THAN THE PARTICULARS OF HIGH VALUE LONG-TERM INVESTMENTS. THREE SENIOR COLLABORATORS FROM UC DAVIS UMN AND THE NATIONAL SCHOOL OF AGRICULTURE IN MEKNES MOROCCO WITH SIGNIFICANT ON-THE GROUND EXPERIENCE AND TECHNICAL EXPERTISE IN AGRICULTURAL ECONOMICS AND AGRONOMY WILL ADVISE THE PROJECT TO ENSURE ALIGNMENT WITH THE REALITIES OF MOROCCO S ENVIRONMENT AND POLICY CONTEXT. OUR INTERDISCIPLINARY APPROACH TO INTEGRATING SOCIAL AND ENVIRONMENTAL PROCESSES AS WELL AS DISAGGREGATING IMPACTS ACROSS SPACE ALIGNS WITH THE LCLUC RESEARCH PRIORITIES TO UNDERSTAND THE SUSTAINABILITY VULNERABILITY AND RESILIENCE OF HUMAN LAND USE. FURTHERMORE OUR RESULTS WILL BE MADE PUBLIC TO HELP ADVANCE LAND CHANGE SCIENCE AS WELL AS INFORM LAND USE POLICY IN MOROCCO THE MEDITERRANEAN REGIONAL INFORMATION NETWORK (MEDRIN) MORE BROADLY -- AREAS THAT HAVE BEEN EVALUATED AS HIGHLY VULNERABLE TO FUTURE CLIMATE CHANGE.,200 OAK ST SE # 224,,MINNEAPOLIS,MN,55455,05,MINNEAPOLIS,MN,55455,05,325261.38,,2023-12-31,2025-12-31,2025-05-13,232,2025-05-13,6
80NSSC24K0632,ASST_NON_80NSSC24K0632_080,grant,04,UNIVERSITY OF MARYLAND BALTIMORE COUNTY,TACKLING THE SUN AND MOON CONTAMINATION ON FERMI LAT LIGHT CURVES,1000 HILLTOP CIR,,BALTIMORE,MD,21250,07,BALTIMORE,MD,21250,07,8316.42,,2025-03-31,2026-09-30,2026-02-11,231,2026-02-11,3
80NSSC24K0774,ASST_NON_80NSSC24K0774_080,grant,04,"UNIVERSITY OF CALIFORNIA, SAN DIEGO",CR SPECTRA BELOW 100 TEV FACING CHALLENGES OF HIGH PRECISION OBSERVATIONS,9500 GILMAN DR,,LA JOLLA,CA,92093,50,LA JOLLA,CA,92093,50,340670.22,,2027-03-10,2027-03-10,2026-07-22,231,2026-07-22,6
80NSSC24K0373,ASST_NON_80NSSC24K0373_080,grant,04,PLANETARY SCIENCE INSTITUTE,CONSTRAINING ENCELADUS BETWEEN STRIPE EMISSION ORIGINAL GRANT 80NSSC19K0885,1700 E FORT LOWELL RD STE 106,,TUCSON,AZ,85719,07,TUCSON,AZ,85719,07,147364.70,,2026-03-19,2026-03-19,2025-07-31,231,2025-09-16,3
80NM0024F0020,CONT_AWD_80NM0024F0020_8000_80NM0018D0004_8000,contract,C,CALIFORNIA INSTITUTE OF TECHNOLOGY,JPL SUPPORT FOR SMD BRIDGE ARCHITECT PROGRAM (10-216433),4800 OAK GROVE DR,,PASADENA,CA,91109,28,PASADENA,CA,91109,28,90000.00,409063.00,2029-05-15,2029-05-15,2028-09-30,227,2025-08-20,2
80NM0024F0022,CONT_AWD_80NM0024F0022_8000_80NM0018D0004_8000,contract,C,CALIFORNIA INSTITUTE OF TECHNOLOGY,PULSED ELECTRONS FOR ALTERNATIVE RADIATION EFFECTS CHARACTERIZATION OF ELECTRONICS (PEARCE) (81-215316),4800 OAK GROVE DR,,PASADENA,CA,91109,28,PASADENA,CA,91109,28,4846546.00,17483156.00,2029-05-15,2029-05-15,2028-09-30,227,2026-03-25,6
80JSC025F7051,CONT_AWD_80JSC025F7051_8000_80JSC019D0005_8000,contract,C,"HAMILTON SUNDSTRAND SPACE SYSTEMS INTERNATIONAL, INC.",TEST OF DOSING ASSEMBLY,"18050 SATURN LN, STE 400",,HOUSTON,TX,77058,36,HOUSTON,TX,77059,36,184297.69,184297.69,2025-08-15,2026-09-30,2026-02-16,226,2026-02-18,3
80NSSC25FA034,CONT_AWD_80NSSC25FA034_8000_47QRAA19D006N_4732,contract,C,"TECHPRIDE, INC.","CONSULTING SERVICES TO FACILITATE PROGRAM ALIGNMENT TO LONG-TERM STRATEGIC VISION, ORGANIZATIONAL DEVELOPMENT, AND SKILL BUILDING",1750 KRAFT DR STE 1504,,BLACKSBURG,VA,24060,09,BLACKSBURG,VA,24060,09,75664.00,75664.00,2025-10-21,2025-10-21,2025-03-10,225,2025-03-10,3
80NSSC23K1585,ASST_NON_80NSSC23K1585_080,grant,04,THE LELAND STANFORD JUNIOR UNIVERSITY,REVEALING THE PHYSICS OF GALACTIC OUTFLOWS USING FAR-INFRARED POLARIMETRIC CAPABILITIES,450 JANE STANFORD WAY,,STANFORD,CA,94305,16,STANFORD,CA,94305,16,204864.79,,2026-09-30,2026-09-30,2026-02-17,225,2026-02-17,3
80NSSC21K1667,ASST_NON_80NSSC21K1667_080,grant,04,THE REGENTS OF THE UNIVERSITY OF COLORADO,WE PROPOSE A TWO-YEAR SUBORBITAL-CLASS RESEARCH PROGRAM TO SUPPORT THE SCIENCE MISSION OF THE COLORADO ULTRAVIOLET TRANSIT EXPERIMENT (CUTE) A NASA/APRA-FUNDED 6U CUBESAT MISSION TO STUDY ATMOSPHERIC COMPOSITION AND ESCAPE ON EXTREME EXOPLANETS.,3100 MARINE ST STE 481 572 UCB,,BOULDER,CO,80309,02,BOULDER,CO,80309,02,1662964.88,,2023-08-31,2025-08-31,2025-01-20,223,2025-12-19,10
80HQTR25F7083,CONT_AWD_80HQTR25F7083_8000_80MSFC21D0009_8000,contract,C,"BARRIOS TECHNOLOGY, LLC",ARMD ADMIN AND PROJECT COORDINATION SUPPORT.,13100 SPACE CENTER BLVD,STE 650,HOUSTON,TX,77059,36,WASHINGTON,DC,20571,98,39097.16,39097.16,2026-04-15,2026-04-15,2025-09-05,222,2025-09-04,2
80HQTR25F7080,CONT_AWD_80HQTR25F7080_8000_80MSFC21D0009_8000,contract,C,"BARRIOS TECHNOLOGY, LLC",COMPLAINTS MANAGEMENT DIVISION ADMIN AND PROJECT COORDINATION SUPPORT.,13100 SPACE CENTER BLVD,STE 650,HOUSTON,TX,77059,36,WASHINGTON,DC,20571,98,44947.72,44947.72,2026-04-15,2026-04-15,2025-09-05,222,2025-08-28,2
80NSSC23FA279,CONT_AWD_80NSSC23FA279_8000_GS10F0331M_4730,contract,C,CREATIVE SOLUTIONS INTERNATIONAL COPORATION,CREATIVE SOLUTIONS CONSULTING SERVICES (DEBORAH KLOTZ) IN SUPPORT OF THE OCIO TRANSFORMATION PROJECT.,3516 6TH S ST,,ARLINGTON,VA,22204,08,ARLINGTON,VA,22204,08,138793.75,138793.75,2024-03-06,2025-09-30,2025-02-20,222,2025-02-20,4
80NSSC25FA078,CONT_AWD_80NSSC25FA078_8000_NNG15SD72B_8000,contract,C,COLOSSAL CONTRACTING LLC,PRISMA CLOUD RENEWAL,304 HARRY S TRUMAN PKWY STE G,,ANNAPOLIS,MD,21401,03,ANNAPOLIS,MD,21401,03,16200.00,16200.00,2025-11-23,2025-11-23,2025-04-16,221,2025-04-16,2
80JSC024FA083,CONT_AWD_80JSC024FA083_8000_80JSC023AA001_8000,contract,A,BOOZ ALLEN HAMILTON INC,SPEACII - TASK ORDER 84 BASE - NASA ODEO DEIA DATA ANALYTICS AND ASSESSMENT,8283 GREENSBORO DR,,MC LEAN,VA,22102,11,HOUSTON,TX,77058,36,1923416.00,1923416.00,2024-10-31,2025-08-31,2025-01-22,221,2025-01-24,3
80NSSC24K0532,ASST_NON_80NSSC24K0532_080,grant,04,REGENTS OF THE UNIVERSITY OF MINNESOTA,SINGLE-SOURCE POLAR GEOSPATIAL CENTER CONTINUING SUPPORT FOR COMMERCIAL SATELLITE IMAGERY APPLICATIONS AT NASA,2221 UNIVERSITY AVE SE STE 100,,MINNEAPOLIS,MN,55414,05,MINNEAPOLIS,MN,55455,05,150000.00,,2027-02-27,2027-02-27,2026-07-22,220,2026-07-28,3
80NSSC25PB304,CONT_AWD_80NSSC25PB304_8000_-NONE-_-NONE-,contract,B,UNIVERSITY OF MAINE SYSTEM,STRAP INDENTATION TESTING SERIES 3 AT UMAINE,5717 CORBETT HALL,,ORONO,ME,04469,02,HAMPTON,VA,23681,03,132698.00,132698.00,2026-06-30,2026-06-30,2025-11-22,220,2025-09-17,2
80NSSC24CA135,CONT_AWD_80NSSC24CA135_8000_-NONE-_-NONE-,contract,D,T T H RESEARCH INC,E014042 SBIR PHASE II ROBUST TWO-PHASE COOLING TECHNOLOGY FOR MEGAWATT SPACE-BASED SYSTEMS,7830 MY WAY,,CLIFTON,VA,20124,10,CLIFTON,VA,20124,10,204283.00,204283.00,2026-07-08,2026-07-08,2025-12-02,218,2026-03-31,3
80NM0022F0041,CONT_AWD_80NM0022F0041_8000_80NM0018D0004_8000,contract,C,CALIFORNIA INSTITUTE OF TECHNOLOGY,INCUS (INVESTIGATION OF CONVECTIVE UPDRAFTS) (89-111155),4800 OAK GROVE DR,,PASADENA,CA,91109,28,PASADENA,CA,91109,28,155472798.00,165679379.00,2029-05-04,2029-05-04,2028-09-30,216,2026-07-29,23
80NSSC24PB793,CONT_AWD_80NSSC24PB793_8000_-NONE-_-NONE-,contract,B,ANGSTROM DESIGNS INC,OT : LED UV LIGHT SOURCE,417 SANTA BARBARA ST,STE B7,SANTA BARBARA,CA,93101,24,SANTA BARBARA,CA,93101,24,60000.00,60000.00,2024-11-12,2025-12-31,2025-05-30,215,2025-05-13,4
80NSSC24K1485,ASST_NON_80NSSC24K1485_080,grant,04,BOISE STATE UNIVERSITY,23-ASTRO23-0317 DOOMED WORLDS: MAPPING OUT THE BEST EXTRASOLAR SYSTEMS FOR DETECTING TIDAL DECAY (ASTRO23),1910 UNIVERSITY DR,,BOISE,ID,83725,02,BOISE,ID,83725,02,89881.00,,2027-11-30,2027-11-30,2027-04-30,214,2026-05-07,3
80MSFC19F0222,CONT_AWD_80MSFC19F0222_8000_80GSFC19D0011_8000,contract,C,THE AEROSPACE CORPORATION,HUMAN LANDING SYSTEM (HLS) PROGRAM OFFICE SUPPORT,2310 EAST EL SEGUNDO BLVD,,EL SEGUNDO,CA,90245,36,HUNTSVILLE,AL,35812,05,3500622.39,3672779.84,2020-09-30,2027-09-30,2027-02-28,214,2026-07-27,38
80NSSC24FB142,CONT_AWD_80NSSC24FB142_8000_80NSSC24AA018_8000,contract,A,UHY LLP,GCDC AUDITS,1185 AVENUE OF THE AMERICAS,FL 38,NEW YORK,NY,10036,12,NEW YORK,NY,10036,12,21000.00,21000.00,2025-09-30,2025-09-30,2025-02-28,214,2025-02-27,2
80NSSC22K1184,ASST_NON_80NSSC22K1184_080,grant,04,CALIFORNIA INSTITUTE OF TECHNOLOGY,21-NSTGRO22-0115 NOVEL HOLLOW ANODE DESIGN FOR IMPROVED MOLTEN REGOLITH ELECTROLYSIS,1200 E CALIFORNIA BLVD,,PASADENA,CA,91125,28,PASADENA,CA,91125,28,268583.31,,2026-07-31,2026-07-31,2025-12-31,212,2026-01-23,7
80NSSC24K1439,ASST_NON_80NSSC24K1439_080,grant,04,"LAS CUMBRES OBSERVATORY GLOBAL TELESCOPE NETWORK, INC.",INVESTIGATING ONGOING EVOLUTION OF THE DIDYMOS SYSTEM FOR THE HERA MISSION FROM GROUND-BASED TELESCOPES,6740 CORTONA DR STE 102,,GOLETA,CA,93117,24,GOLETA,CA,93117,24,280321.00,,2029-07-02,2029-07-02,2028-12-02,212,2026-07-02,3
80GSFC25CA017,CONT_AWD_80GSFC25CA017_8000_-NONE-_-NONE-,contract,D,BURLAGA LEONARD F,VOYAGER 1 AND 2 MAGNETIC FIELD DATA SHALL DEMONSTRATE AND VALIDATE THAT THE MEASUREMENTS ARE CONSISTENT WITH THE OUTER HELIOSHEATH ENVIRONMENT THE SPACECRAFT ARE CURRENTLY TRAVERSING.,1328 DICKEY DR,,DAVIDSONVILLE,MD,21035,05,DAVIDSONVILLE,MD,21035,05,63920.00,63920.00,2026-01-28,2026-01-28,2025-06-30,212,2025-08-12,3
80NSSC24PB139,CONT_AWD_80NSSC24PB139_8000_-NONE-_-NONE-,contract,B,"DATADOG, INC.",DATADOG SUBSCRIPTION PERIOD OF PERFORMANCE: 6/1/2024 - 10/31/2025,45TH FLOOR,"620, 8TH AVENUE",NEW YORK,NY,10018,12,NEW YORK,NY,10018,12,0.00,0.00,2025-10-31,2025-10-31,2025-04-08,206,2025-04-08,3
80NSSC21K0446,ASST_NON_80NSSC21K0446_080,grant,04,CARNEGIE-MELLON UNIVERSITY,AUTONOMOUS NAVIGATION FOR SMALL SPACECRAFT FORMATIONS,5000 FORBES AVE,,PITTSBURGH,PA,15213,12,PITTSBURGH,PA,15213,12,854833.50,,2022-01-04,2026-12-31,2026-06-10,204,2026-06-10,15
80NSSC24PC394,CONT_AWD_80NSSC24PC394_8000_-NONE-_-NONE-,contract,B,PARTNERSHIP FOR PUBLIC SERVICE INC,PARTNERSHIP FOR PUBLIC SERVICE. MEMBERSHIP IN THE FEDERAL HUMAN CAPITAL COLLABORATIVE,600 14TH ST NW,STE 600,WASHINGTON,DC,20005,98,WASHINGTON,DC,20005,98,28750.00,28750.00,2025-09-30,2025-09-30,2025-03-11,203,2025-03-11,2
80NSSC25FA147,CONT_AWD_80NSSC25FA147_8000_47QRAA23D000U_4732,contract,C,"JONES DESIGN STUDIO, PLLC",PROCURE OWNER ADVISOR SERVICES FOR THE MEF DESIGN BUILD PROJECT,1510 HAWKWOOD RD,,SHERWOOD,AR,72120,02,SHERWOOD,AR,72120,02,0.00,0.00,2026-03-03,2026-03-03,2025-08-15,200,2025-08-19,2
80NSSC23K0844,ASST_NON_80NSSC23K0844_080,grant,04,MICHIGAN STATE UNIVERSITY,DECODING LAND TRANSITIONS ACROSS THE URBAN-RURAL CONTINUUMS (URC): A SYNTHESIS STUDY OF PATTERNS DRIVERS AND SOCIOENVIRONMENTAL IMPACTS IN SOUTHEAST ASIA,426 AUDITORIUM RD RM 2,,EAST LANSING,MI,48824,07,EAST LANSING,MI,48824,07,0.00,,2026-07-30,2026-07-30,2026-01-16,195,2026-01-21,3
80NSSC25PB444,CONT_AWD_80NSSC25PB444_8000_-NONE-_-NONE-,contract,B,SIEMENS INDUSTRY SOFTWARE INC.,TO RENEW STAR CCM/ETD,5800 GRANITE PKWY STE 600,,PLANO,TX,75024,04,TUCKER,GA,30084,04,17847.50,17847.50,2026-09-30,2026-09-30,2026-03-19,195,2026-03-27,2
80NSSC24K1264,ASST_NON_80NSSC24K1264_080,grant,04,UNIVERSITY OF ALASKA FAIRBANKS,BRINGING EDIA TO THE PLANETARY SCIENCES COMMUNITY: A TWO-DAY AG-STYLE MEETING OF THE CROSS-AG EDIA WORKING GROUP,2145 N TANANA LOOP,,FAIRBANKS,AK,99775,00,FAIRBANKS,AK,99775,00,4718.63,,2025-06-11,2025-10-01,2025-03-21,194,2026-03-11,4
80NSSC24K0343,ASST_NON_80NSSC24K0343_080,grant,04,MISSISSIPPI STATE UNIVERSITY,QUANTIFYING ECOSTRESS LST ERRORS RESULTING FROM UNMASKED CIRRUS CLOUDS AND DEVELOPING TECHNIQUES TO REMOVE THIN CIRRUS EFFECTS IN SURFACE TEMPERATURE DATA PRODUCTS,245 BARR AVE,,MISSISSIPPI STATE,MS,39762,03,MISSISSIPPI STATE,MS,39762,03,0.00,,2026-11-15,2026-11-15,2026-05-05,194,2026-05-05,3
80NSSC26FA260,CONT_AWD_80NSSC26FA260_8000_80NSSC22AA012_8000,contract,A,TRANSLATION EXCELLENCE INC.,CALL ORDER 10 ON BPA 80NSSC22AA012 FOR SIGN LANGUAGE INTERPRETER SERVICES,3300 S PARKER RD,STE 200,AURORA,CO,80014,06,HOUSTON,TX,77058,36,7821.00,31130.00,2027-09-07,2027-09-07,2027-02-28,191,2026-06-10,2
80SSC021F0001,CONT_AWD_80SSC021F0001_8000_80SSC021A0001_8000,contract,A,TRILOGY MEDICAL RESOURCES LLC,PROVIDE COVID-19 RAPID TESTING FOR STENNIS SPACE CENTER,952 GREEN MEADOW RD,,BAY SAINT LOUIS,MS,39520,04,STENNIS SPACE CENTER,MS,39529,04,32600.00,32600.00,2021-06-30,2025-10-12,2025-04-08,187,2025-04-08,5
80NSSC25PA110,CONT_AWD_80NSSC25PA110_8000_-NONE-_-NONE-,contract,B,"AXON ENTERPRISE, INC.","PER OFFICE OF PROTECTIVE SERVICE REQUIREMENT AND APPROPRIATE EXECUTIVE ORDER 14074 REFERENCE, THE PROTECTIVE SERVICES DIVISION (PSD) REQUIRES 12 FLEET VEHICLE (IN-CAR) CAMERAS","17800, NORTH 85TH STREET",,SCOTTSDALE,AZ,85255,01,SCOTTSDALE,AZ,85255,01,0.00,25528.72,2025-10-28,2025-10-28,2025-04-24,187,2025-05-19,3
80NSSC22K1205,ASST_NON_80NSSC22K1205_080,grant,04,TEXAS A&M ENGINEERING EXPERIMENT STATION,21-NSTGRO22-0273 MODELING OF HUMAN THERMOREGULATION RESPONSE TO CHANGES IN GRAVITATIONAL DOSE APPLIED TO THE TECHNOLOGICAL DESIGN OF EVA LIQUID COOLING AND VENTILATION GARMENTS (LCVG),3124 TAMU,,COLLEGE STATION,TX,77843,10,COLLEGE STATION,TX,77843,10,254850.00,,2026-07-31,2026-07-31,2026-01-28,184,2026-03-02,6
80NSSC22K1188,ASST_NON_80NSSC22K1188_080,grant,04,YALE UNIV,21-NSTGRO22-0144 STRETCHABLE SHAPE-SENSING SKINS: CLOSING THE LOOP ON SHAPE CHANGE IN SOFT ROBOTS,150 MUNSON ST,,NEW HAVEN,CT,06511,03,NEW HAVEN,CT,06511,03,254303.00,,2026-07-31,2026-11-18,2026-05-18,184,2026-05-20,6
80JSC024FA190,CONT_AWD_80JSC024FA190_8000_80JSC023DA011_8000,contract,C,SIERRA SPACE CORP,SUPPORT THE REQUIRED SUSTAINING ENGINEERING FOR THE ADVANCED PLANT HABITAT (APH).,2000 TAYLOR AVE STE 100,,LOUISVILLE,CO,80027,02,LOUISVILLE,CO,80027,02,841605.00,841605.00,2025-09-30,2025-12-31,2025-06-30,184,2025-06-25,5
80NSSC21K1281,ASST_NON_80NSSC21K1281_080,grant,04,UNIVERSITY OF NOTRE DAME DU LAC,IN THE COMING YEARS WE LOOK TOWARDS THE STARS AND AIM TOWARD BECOMING A MULTI-PLANETARY SPECIES. THE RETURN TO THE MOON HAS ALWAYS BEEN FORTHCOMING SINCE OUR LAST ENCOUNTER IN 1969.,940 GRACE HALL,,NOTRE DAME,IN,46556,02,NOTRE DAME,IN,46556,02,214854.72,,2025-08-29,2025-08-29,2025-02-26,184,2026-02-12,6
80NSSC21K1278,ASST_NON_80NSSC21K1278_080,grant,04,THE LELAND STANFORD JUNIOR UNIVERSITY,NASA IS EXPLORING THE IDEA OF SENDING ROBOTIC PROBES TO THE OCEAN WORLDS ORBITING THE OUTER PLANETS. THE EUROPA CLIPPER SET TO LAUNCH IN 2024 WILL GIVE US A DEEPER UNDERSTANDING OF THE ICY SURFACE OF JUPITER S MOON EUROPA.,450 JANE STANFORD WAY,,STANFORD,CA,94305,16,STANFORD,CA,94305,16,200731.83,,2025-08-29,2025-08-29,2025-02-26,184,2026-02-12,7
80NSSC25FA309,CONT_AWD_80NSSC25FA309_8000_GS07F5450R_4730,contract,C,"ASI SIGN SYSTEMS, INC",OFFICE/CUBICLE SIGNS,3860 W NORTHWEST HWY STE 350,,DALLAS,TX,75220,24,DALLAS,TX,75220,24,4446.90,4446.90,2025-11-30,2025-11-30,2025-05-30,184,2025-05-09,2
80NSSC23DA003,CONT_IDV_80NSSC23DA003_8000,idv,IDV_B_B,"STRATEGY CONSULTING TEAM, LLC",NASA ENTERPRISE-WIDE HUMAN CAPITAL SUPPORT SERVICES (NEHCSS) - STRATEGY CONSULTING TEAM LLC,4000 LEGATO RD,STE 1100,FAIRFAX,VA,22033,11,,,,,0.00,76000000.00,2028-08-31,2028-08-31,2028-02-29,184,2026-05-05,7
80NSSC23DA002,CONT_IDV_80NSSC23DA002_8000,idv,IDV_B_B,"BRYCE SOLUTIONS, LLC","NASA ENTERPRISE-WIDE HUMAN CAPITAL SUPPORT SERVICES (NEHCSS) - BRYCE SOLUTIONS, LLC",1199 N FAIRFAX ST STE 800,STE 601,ALEXANDRIA,VA,22314,08,,,,,0.00,76000000.00,2028-08-31,2028-08-31,2028-02-29,184,2026-05-05,8
80NSSC23DA001,CONT_IDV_80NSSC23DA001_8000,idv,IDV_B_B,IBEX IT BUSINESS EXPERTS LLC,"NASA ENTERPRISE-WIDE HUMAN CAPITAL SUPPORT SERVICES (NEHCSS) - IBEX IT BUSINESS EXPERTS, LLC",3295 RIVER EXCHANGE DR STE 550,,NORCROSS,GA,30092,07,,,,,0.00,76000000.00,2028-08-31,2028-08-31,2028-02-29,184,2026-05-07,7
80AFRC23DA007,CONT_IDV_80AFRC23DA007_8000,idv,IDV_B_C,PCI PRODUCTIONS LLC,"TO PERFORM CENTER ADMINISTRATIVE AND TECHNICAL SUPPORT SERVICES (CATSS) FUNCTIONS TO SUPPORT ARC AND AFRC ACTIVITIES. THE PRIMARY ARC IS LOCATED AT MOFFETT FIELD, CALIFORNIA. THE PRIMARY AFRC FACILITY IS LOCATED AT EDWARDS AIR FORCE BASE.",4951 CENTURY ST NW,,HUNTSVILLE,AL,35816,05,,,,,0.00,50000000.00,2028-08-31,2029-10-31,2029-04-30,184,2026-06-24,7
80GRC024F0027,CONT_AWD_80GRC024F0027_8000_80GRC019D0012_8000,contract,C,LANTERIS SPACE LLC,PPE - TTO 026,3875 FABIAN WAY,,EAST PALO ALTO,CA,94303,16,EAST PALO ALTO,CA,94303,16,222975.00,222975.00,2024-06-26,2026-12-31,2026-06-30,184,2026-06-29,7
80MSFC24F0096,CONT_AWD_80MSFC24F0096_8000_80MSFC17C0007_8000,contract,C,"AMENTUM SERVICES, INC.",TASK ORDER FOR FACILITIES OPERATIONS MAINTENANCE SUPPORT SERVICES (FOMSS) - SCHEDULED MAINTENANCE OPTION YEAR 7,4800 WESTFIELDS BLVD STE 400,,CHANTILLY,VA,20151,11,HUNTSVILLE,AL,35812,05,2127709.00,2127709.00,2025-06-30,2025-12-30,2025-06-30,183,2026-02-26,26
80KSC020F0179,CONT_AWD_80KSC020F0179_8000_GS00P15BSD1124_4740,contract,C,FLORIDA POWER & LIGHT COMPANY,KSC NATURAL GAS DISTRIBUTION UTILITY SERVICE,"700, UNIVERSE BOULEVARD",,JUNO BEACH,FL,33408,21,DORAL,FL,33178,26,6828880.18,7111247.17,2024-09-30,2025-09-30,2025-03-31,183,2025-09-05,47
80NSSC22CA149,CONT_AWD_80NSSC22CA149_8000_-NONE-_-NONE-,contract,D,"TRUWEATHER SOLUTIONS, INC",EO14042 FY22 SBIR PHASE II URBAN WEATHER SENSING INFRASTRUCTURE TESTBED,235 HARRISON ST STE 64,,SYRACUSE,NY,13202,20,SYRACUSE,NY,13202,22,1124558.00,1124558.00,2024-05-12,2025-12-19,2025-06-19,183,2025-12-02,8
80NSSC25PB602,CONT_AWD_80NSSC25PB602_8000_-NONE-_-NONE-,contract,B,FED CREW INC,SPHERICAL HEA ALLOY POWDER,32 JACOB WAY,,COLLEGEVILLE,PA,19426,04,COLLEGEVILLE,PA,19426,04,0.00,0.00,2025-09-25,2026-03-27,2025-09-25,183,2026-03-23,4
80NSSC24FB141,CONT_AWD_80NSSC24FB141_8000_80NSSC24AA018_8000,contract,A,UHY LLP,WEMA AUDIT,1185 AVENUE OF THE AMERICAS,FL 38,NEW YORK,NY,10036,12,NEW YORK,NY,10036,12,18000.00,18000.00,2025-09-30,2025-09-30,2025-04-01,182,2025-04-28,3
80NM0018F0584,CONT_AWD_80NM0018F0584_8000_80NM0018D0004_8000,contract,C,CALIFORNIA INSTITUTE OF TECHNOLOGY,"FIRST ROBOTICS EDUCATION AND PUBLIC OUTREACH THE CONTRACT IS THE SPONSORING AGREEMENT BETWEEN THE NATIONAL AERONAUTICS AND SPACE ADMINISTRATION (NASA) AND THE CALIFORNIA INSTITUTE OF TECHNOLOGY (CONTRACTOR), A PRIVATE NONPROFIT EDUCATIONAL INSTITUTION, WHICH ESTABLISHES THE RELATIONSHIP FOR THE OPERATION OF THE FEDERALLY FUNDED RESEARCH AND DEVELOPMENT CENTER (FFRDC) KNOWN AS THE JET PROPULSION LABORATORY. THE CONTRACTOR, JPL, IS REQUIRED TO PERFORM WORK THAT IS DESIGNATED IN TASK ORDERS ISSUED BY THE NASA MANAGEMENT OFFICE (NMO) CONTRACTING OFFICERS. NASA - SPONSORED WORK: JPL'S PRIMARY MISSION IS TO SUPPORT THE NASA SCIENCE MISSION DIRECTORATE (SMD) IN CARRYING OUT THE SPECIFIC OBJECTIVES IDENTIFIED IN THE SMD SCIENCE PLAN. THE FOUR BROAD SCIENTIFIC AREAS ARE: EARTH SCIENCE, PLANETARY SCIENCE, HELIOPHYSICS, AND ASTROPHYSICS. IN PERFORMANCE OF THIS CONTRACT, JPL SHALL: 1) SUPPLY A BROAD BASE OF SCIENTIFIC AND TECHNICAL CAPABILITIES RELEVANT TO NASA PROGRAM AND PROJECT RESPONSIBILITIES AND ASSIGNMENTS. 2) FOSTER ITS UNIQUE RELATIONSHIP WITH A TOP-TIER UNIVERSITY TO FACILITATE THE INVOLVEMENT OF SCIENTISTS, ENGINEERS, AND STUDENTS FROM THE UNIVERSITY AND RESEARCH COMMUNITIES IN NASA MISSION AND IN SUPPORTING OTHER GOVERNMENT AGENCIES. 3) SUPPORT NASA IN ENABLING PROGRAM AND INSTITUTIONAL CAPABILITIES. 4) DEVELOP SPACECRAFT AND INSTRUMENTS THAT ARE SENT TO VARIOUS DESTINATIONS WITH OUR SOLAR SYSTEM, INCLUDING EARTH ORBIT, PLANETS, PLANETARY SATELLITES, ASTEROIDS, AND COMETS. THESE MISSIONS MAY BE ORBITERS, LANDERS, OR ROVERS, AND TYPICALLY INCLUDE CUTTING-EDGE TECHNOLOGIES REQUIRED TO MEET SCIENTIFIC REQUIREMENTS. 5) PERFORM PROJECT TASKS INVOLVING: (I) AUTONOMOUS DEEP-SPACE, INNER-SPACE AND EARTH-ORBITING SPACECRAFT OR MAJOR SUBSYSTEMS, (II) EXPERIMENTS, INSTRUMENTS, OR OTHER DEVICES WHICH MAY BE CARRIED AS PAYLOAD ON SPACECRAFTS IN MISSIONS MANAGED BY OTHERS, AND/OR (III) GROUND-BASED SYSTEMS. 6) BEYOND ITS PRIMARY MISSION, JPL MAY PERFORM WORK FOR OTHER NASA MISSION DIRECTORATES OR OFFICES. 7) JPL IS ALSO RESPONSIBLE FOR THE OPERATION, RESEARCH, TECHNOLOGY INSERTION, AND MANAGEMENT OF NASA S DEEP SPACE NETWORK TO PROVIDE TELECOMMUNICATION AND OPERATION SERVICES, INCLUDING DATA ACQUISITION AND DATA DELIVERY REQUIRED TO MEET ESTABLISHED AGENCY OBJECTIVES. 8) JPL IS ALSO REQUIRED TO MAINTAIN AND CONDUCT AN EDUCATION PROGRAM IN CLOSE COORDINATION WITH THE NASA HEADQUARTERS EDUCATION OFFICE, THE ACADEMIC COMMUNITY AT LARGE, AND IN SUPPORT TO NASA STRATEGIC OBJECTIVES TO IMPROVE STUDENT RETENTION IN THE SCIENCE, TECHNOLOGY, ENGINEERING, AND MATHEMATICS (STEM) DISCIPLINES. WORK FOR NON-NASA SPONSORS: JPL MAY PERFORM WORK FOR NON-NASA SPONSORS. THIS WORK WILL BE DESIGNATED IN TASK ORDERS ISSUED BY NMO CONTRACTING OFFICERS BASED ON TASK PLANS INITIATED BY THE CONTRACTOR.",4800 OAK GROVE DR,,PASADENA,CA,91109,28,PASADENA,CA,91109,28,549920.76,680366.00,2018-12-31,2029-03-31,2028-09-30,182,2025-11-25,15
80NSSC25C0100,CONT_AWD_80NSSC25C0100_8000_-NONE-_-NONE-,contract,D,"FLUXWORKS, INC.",SBIR PHASE II80NSSC25C0100 MAGNETIC GEAR AND SENSOR TECHNOLOGY TO ENABLE SURVIVAL AND ROBOTIC ACTUATOR DEXTEROUS OPERATION THROUGH THE LUNAR NIGHT,1026 OUTPOST DR STE B1,,CONROE,TX,77304,08,COLLEGE STATION,TX,77840,10,897567.00,897567.00,2027-07-06,2027-07-06,2027-01-06,181,2026-06-17,5
80NM0019F0075,CONT_AWD_80NM0019F0075_8000_80NM0018D0004_8000,contract,C,CALIFORNIA INSTITUTE OF TECHNOLOGY,MONITORING PARTICULATE AIR POLLUTION AND HUMAN HEALTH IN ETHIOPIA AND SOUTH AFRICA WITH LINKAGES TO NASA'S MAIA MISSION (82-710940),4800 OAK GROVE DR,,PASADENA,CA,91109,28,PASADENA,CA,91109,28,1140711.53,1140711.53,2024-08-02,2025-09-30,2025-04-02,181,2026-06-17,10
NNG14FC03C,CONT_AWD_NNG14FC03C_8000_-NONE-_-NONE-,contract,D,MASSACHUSETTS INSTITUTE OF TECHNOLOGY,"TRANSITING EXOPLANET SURVEY SATELLITE (TESS) PROJECT. THIS CONTRACT IS FOR PERFORMANCE OF THE PHASE B BRIDGE PHASE OF THE TESS MISSION. EFFORTS INCLUDED, BUT LIMITED TO, ARE AS FOLLOWS: DEVELOP DOCUMENTATION, PLANS, AND SCHEDULES DEVELOP REQUIREMENTS IN PREPARATION FOR THE SYSTEMS REQUIREMENT REVIEW PERFORM THE TECHNICAL TRADE STUDIES OUTLINED IN THE CONCEPT STUDY REPORT, AND ANY OTHER TRADES IDENTIFIED DURING PHASE B BRIDGE PHASE PROVIDE OVERALL MANAGEMENT FOR THE PAYLOAD DEVELOPMENT PROVIDE TESS SYSTEMS ENGINEERING SUPPORT TO THE PROJECT IN COORDINATION WITH THE GSFC PROJECT SYSTEMS ENGINEER (PSE) MANAGE THE CONTRACTS OF VENDORS AND SUBCONTRACTORS AS NECESSARY DURING THE PHASE B BRIDGE PHASE ESTABLISH THE ELECTRONIC DATABASE OF TESS TECHNICAL REQUIREMENTS AND SPECIFICATIONS AS EACH DOCUMENT IS BASELINED. MAINTAIN COMPLETE TRACEABILITY AND CONFIGURATION CONTROL OF ALL TESS PROJECT REQUIREMENT DOCUMENTS. DELIVER DOCUMENTATION IN ACCORDANCE WITH CONTRACT REQUIREMENTS.",77 MASSACHUSETTS AVE,,CAMBRIDGE,MA,02139,07,CAMBRIDGE,MA,02139,07,110127389.46,110127389.46,2014-03-31,2027-05-31,2026-12-01,181,2026-07-13,68
80HQTR25FA042,CONT_AWD_80HQTR25FA042_8000_80HQTR24DA009_8000,contract,C,TATITLEK FEDERAL SERVICES LLC,HEADQUARTERS OPERATIONAL SUPPORT SERVICES (HOSS) II - HEADQUARTERS REVITALIZATION AND CONSOLIDATION PROJECT (HRCP),561 E 36TH AVE,STE 400,ANCHORAGE,AK,99503,00,WASHINGTON,DC,20546,98,73923.00,73923.00,2026-07-31,2026-07-31,2026-01-31,181,2026-01-14,4
80NSSC24CA104,CONT_AWD_80NSSC24CA104_8000_-NONE-_-NONE-,contract,D,"UNIVERSITY TECHNICAL SERVICES, INC.","SBIR PHASE II - AUTOMATED VULNERABILITY ASSESSMENT AND RISK MITIGATION FOR FUTURE AVIATION SYSTEMS SAFETY, ALARM",6411 IVY LN,STE 108,GREENBELT,MD,20770,03,GREENBELT,MD,20770,04,899884.00,899884.00,2026-07-11,2026-07-11,2026-01-12,180,2026-02-12,4
80NM0024F0012,CONT_AWD_80NM0024F0012_8000_80NM0018D0004_8000,contract,C,CALIFORNIA INSTITUTE OF TECHNOLOGY,MAXIMIZING COSMOLOGICAL SCIENCE WITH THE ROMAN HIGH LATITUDE IMAGING SURVEY (HLIS) PROJECT INFRASTRUCTURE TEAM (70-210230),4800 OAK GROVE DR,,PASADENA,CA,91109,28,PASADENA,CA,91109,28,15609637.00,17972534.00,2029-03-28,2029-03-28,2028-09-30,179,2026-05-21,7
80GRC025F7003,CONT_AWD_80GRC025F7003_8000_80GSFC19D0011_8000,contract,C,THE AEROSPACE CORPORATION,DAY TO DAY PROJECT MANAGEMENT OF PROJECTS WITHIN THE GRC'S EXTRAVEHICULAR ACTIVITY AND HUMAN SURFACE MOBILITY PROGRAM (EHP) PORTFOLIO,2310 EAST EL SEGUNDO BLVD,,EL SEGUNDO,CA,90245,36,CLEVELAND,OH,44135,11,220734.51,220734.51,2025-09-30,2026-11-30,2026-06-05,178,2026-07-10,7
80NSSC25PA402,CONT_AWD_80NSSC25PA402_8000_-NONE-_-NONE-,contract,B,DREXEL UNIVERSITY,ADVANCED SUIT MATERIALS (ASM) CUSTOM TEXTILE DEVELOPMENT,3141 CHESTNUT ST,,PHILADELPHIA,PA,19104,03,PHILADELPHIA,PA,19104,03,100000.00,100000.00,2025-07-08,2025-12-31,2025-07-08,176,2025-06-17,3
80NSSC23F0002,CONT_AWD_80NSSC23F0002_8000_NNG15SD22B_8000,contract,C,"FOUR POINTS TECHNOLOGY, L.L.C.",SECURID AUTHENTICATOR TOKENS,13221 WOODLAND PARK RD,STE 400,HERNDON,VA,20171,11,CHANTILLY,VA,20151,11,19212.13,19212.13,2025-10-14,2025-10-14,2025-04-21,176,2025-04-21,2
80NM0021F0037,CONT_AWD_80NM0021F0037_8000_80NM0018D0004_8000,contract,C,CALIFORNIA INSTITUTE OF TECHNOLOGY,MASS CHANGE (MC) PRE-PHASE A AND PHASE A PLAN (89-109861),4800 OAK GROVE DR,,PASADENA,CA,91109,28,PASADENA,CA,91109,28,445052655.00,507071460.00,2022-10-16,2029-03-25,2028-09-30,176,2026-07-29,25
80NSSC20P1795,CONT_AWD_80NSSC20P1795_8000_-NONE-_-NONE-,contract,B,HOWARD WERSHBALE & CO,2020 FISCAL YEAR END FINANCIAL STATEMENT REVIEW OF NASA GLENN EXCHANGE,23240 CHAGRIN BLVD # 700,,CLEVELAND,OH,44122,11,BEACHWOOD,OH,44122,11,16050.00,20000.00,2020-09-30,2025-09-30,2025-04-08,175,2025-04-08,7
80NSSC25PA845,CONT_AWD_80NSSC25PA845_8000_-NONE-_-NONE-,contract,B,CHAPSVISION AMERICAS INC.,SINEQUA CUSTOMER SUCCESS ENGINEERS,251 W 30TH ST,8TH FLOOR,NEW YORK,NY,10001,12,NEW YORK,NY,10001,12,0.00,0.00,2025-10-01,2025-10-01,2025-04-09,175,2025-04-08,2
80MSFC22F0153,CONT_AWD_80MSFC22F0153_8000_80MSFC20D0004_8000,contract,C,THE JOHNS HOPKINS UNIVERSITY APPLIED PHYSICS LABORATORY LLC,NESC AVIONICS PACKAGING ENGINEERING PROCESSES AND BEST PRACTICES,11100 JOHNS HOPKINS RD,,LAUREL,MD,20723,03,LAUREL,MD,20723,03,19512.00,44324.00,2023-03-31,2025-09-30,2025-04-08,175,2025-09-25,6
80HQTR22F0076,CONT_AWD_80HQTR22F0076_8000_80HQTR21D0004_8000,contract,C,"ICF INCORPORATED, L.L.C.",SUPPORT FOR U.S. PARTICIPATION IN THE INTERGOVERNMENTAL PANEL ON CLIMATE CHANGE AND RELATED INTERNATIONAL ASSESSMENTS,9300 LEE HWY,,FAIRFAX,VA,22031,11,FAIRFAX,VA,22031,11,979989.29,979989.29,2022-09-30,2025-09-30,2025-04-08,175,2026-03-18,11
80HQTR24F0096,CONT_AWD_80HQTR24F0096_8000_80GSFC19D0011_8000,contract,C,THE AEROSPACE CORPORATION,"DEVELOPMENT AND MAINTENANCE OF PRODUCTS, SERVICES, TECHNICAL AND BUSINESS PRACTICES AS DIRECTED BY MSD LEADERSHIP.",2310 EAST EL SEGUNDO BLVD,,EL SEGUNDO,CA,90245,36,WASHINGTON,DC,20456,98,61000.00,152504.90,2025-09-30,2025-09-30,2025-04-08,175,2025-04-08,3
80NSSC24PC363,CONT_AWD_80NSSC24PC363_8000_-NONE-_-NONE-,contract,B,QUALCOMM TECHNOLOGIES INC,QUALCOMM 5G LEARNING - FOUR SUBSCRIPTIONS,5775 MOREHOUSE DR,,SAN DIEGO,CA,92121,51,SAN DIEGO,CA,92121,51,6000.00,6000.00,2025-09-30,2025-09-30,2025-04-08,175,2025-04-08,3
80NSSC24PC475,CONT_AWD_80NSSC24PC475_8000_-NONE-_-NONE-,contract,B,ZUKEN USA INC,ZUKEN DS.E3 LICENSE DATA AND CONFIGURATION MANAGEMENT POP: 10/1/24 - 9/30/25,238 LITTLETON RD STE 100,,WESTFORD,MA,01886,03,WESTFORD,MA,01886,03,0.00,0.00,2025-09-30,2025-09-30,2025-04-08,175,2025-04-08,3
80NSSC21K1293,ASST_NON_80NSSC21K1293_080,grant,04,PURDUE UNIVERSITY,IN RECENT YEARS THE IDEA OF USING ROTATING DETONATION ENGINES (RDE) FOR SPACE PROPULSION HAS GARNERED MUCH ATTENTION. RDES ARE A TYPE OF PRESSURE-GRAIN COMBUSTION WHEREAS TRADITIONAL ARE OPERATED WITH CONSTANT PRESSURE COMBUSTION.,155 S GRANT ST,,WEST LAFAYETTE,IN,47907,04,WEST LAFAYETTE,IN,47907,04,206675.48,,2025-08-15,2025-08-15,2025-02-26,170,2026-02-12,7
80KSC020D0018,CONT_IDV_80KSC020D0018_8000,idv,IDV_B_B,"JONES, EDMUNDS & ASSOCIATES, INC.","PROFESSIONAL CIVIL DESIGN SERVICES AT KENNEDY SPACE CENTER (KSC), AND VARIOUS NASA LOCATIONS, ASSETS, LAUNCH OR LANDING SITES WORLDWIDE.",13545 PROGRESS BLVD STE 100,,ALACHUA,FL,32615,03,,,,,0.00,150000000.01,2025-09-24,2025-09-24,2025-04-08,169,2025-04-08,10
80NSSC24K0061,ASST_NON_80NSSC24K0061_080,grant,04,MISSISSIPPI STATE UNIVERSITY,22-DDAP22-0008 INVESTIGATING REGIONAL TECTONICS WITH MERCURY'S OLDEST FAULTS,245 BARR AVE,,MISSISSIPPI STATE,MS,39762,03,MISSISSIPPI STATE,MS,39762,03,46011.97,,2025-04-09,2025-12-31,2025-07-16,168,2025-07-16,3
NNJ17JA15C,CONT_IDV_NNJ17JA15C_8000,idv,IDV_B_B,CITY OF HOUSTON,IGF::OT::IGF WATER AND SEWAGE SERVICE CONTRACT,611 WALKER ST 25TH FL,,HOUSTON,TX,77002,18,,,,,365417.00,376630.00,2027-04-15,2027-09-30,2027-04-15,168,2026-07-15,46
80NSSC25PA268,CONT_AWD_80NSSC25PA268_8000_-NONE-_-NONE-,contract,B,SPRINGER NATURE CUSTOMER SERVICE CENTER LLC,HQ SUBSCRIPTION TO NATURE JOURNALS,1 NEW YORK PLZ,STE 4600,NEW YORK,NY,10004,10,NEW YORK,NY,10004,10,0.00,0.00,2025-12-31,2025-12-31,2025-07-16,168,2025-07-16,3
80KSC026FA002,CONT_AWD_80KSC026FA002_8000_80KSC022DA115_8000,contract,C,MERRICK & COMPANY,"DESIGN OF MODIFY VEHICLE ASSEMBLY BUILDING (VAB) HIGH BAY (HB)-3 FOR SPACE LAUNCH SYSTEM (SLS) BLOCK 1B PHASE 3, REVISION B, KENNEDY SPACE CENTER, FL.",5970 GREENWOOD PLAZA BLVD,,GREENWOOD VILLAGE,CO,80111,06,GREENWOOD VILLAGE,CO,80111,06,544781.00,544781.00,2026-08-18,2026-09-14,2026-03-31,167,2026-05-21,3
80NSSC22K0025,ASST_NON_80NSSC22K0025_080,grant,04,UNIVERSITIES SPACE RESEARCH ASSOCIATION,MY RESEARCH HAS FOCUSED ON THE LARGE AND SMALL MAGELLANIC CLOUDS (LMC AND SMC) WITH THE OVER-ARCHING GOAL TO UNDERSTAND DUST EVOLUTION IN THESE TWO GALAXIES. THE LMC AND SMC ARE EXCELLENT ASTROPHYSICAL LABORATORIES TO STUDY THE LIFECYCLE OF DUST.,7178 COLUMBIA GATEWAY DR,,COLUMBIA,MD,21046,03,COLUMBIA,MD,21046,03,21650.59,,2026-03-03,2026-03-03,2025-09-17,167,2025-09-17,2
80NM0022F0040,CONT_AWD_80NM0022F0040_8000_80NM0018D0004_8000,contract,C,CALIFORNIA INSTITUTE OF TECHNOLOGY,DATA-DRIVEN SCIENCE ARCHITECTURES AND STANDARDS (82-110597),4800 OAK GROVE DR,,PASADENA,CA,91109,28,PASADENA,CA,91109,28,2314204.00,4728692.00,2027-03-15,2027-03-15,2026-09-30,166,2025-07-15,6
80LARC21F0083,CONT_AWD_80LARC21F0083_8000_80LARC20D0007_8000,contract,C,CORNELL TECHNICAL SERVICES LLC,ADMINISTRATION AND MANAGEMENT OF SECURE VAULT,9700 PATUXENT WOODS DR,,COLUMBIA,MD,21046,03,HAMPTON,VA,23681,03,115865.00,116669.00,2022-03-31,2025-09-30,2025-04-18,165,2025-08-04,8
80HQTR24FA038,CONT_AWD_80HQTR24FA038_8000_80HQTR24AA006_8000,contract,A,"CROWN INNOVATIONS, INC.","DATA VISUALIZATION OF PERFORMANCE RATINGS AERONAUTICS RESEARCH MISSION DIRECTORATE, OFFICE OF THE ASSOCIATE ADMINISTRATOR",1530 WILSON BLVD STE 900,,ARLINGTON,VA,22209,08,ARLINGTON,VA,22209,08,136646.85,136646.85,2025-06-09,2025-08-31,2025-03-20,164,2025-03-20,3
80NSSC22K1658,ASST_NON_80NSSC22K1658_080,grant,04,CLEVELAND STATE UNIVERSITY,IMPROVED MONITORING AND MANAGEMENT OF URBAN TREE EQUITY: INTEGRATING METRICS OF TREE QUALITY WITH TREE COVER,2121 EUCLID AVE,,CLEVELAND,OH,44115,11,CLEVELAND,OH,44115,11,149765.00,,2024-12-31,2025-09-01,2025-03-21,164,2025-03-21,4
80NSSC22DA009,CONT_IDV_80NSSC22DA009_8000,idv,IDV_B_B,ANSYS INC,THIS IDIQ CONTRACT WITH ANSYS INC IS FOR AN AGENCY WIDE AGREEMENT TO PURCHASE PRODUCTS FROM ANSYS INC AND ITS SUBSIDIARIES FOR NEW SOFTWARE LICENSES AND SERVICES AND THE RENEWAL OF EXISTING LICENSES.,2600 ANSYS DR,,CANONSBURG,PA,15317,14,,,,,0.00,39125050.00,2027-10-06,2027-10-06,2027-04-26,163,2026-05-21,18
80NSSC22K1675,ASST_NON_80NSSC22K1675_080,grant,04,UNIVERSITY OF TEXAS AT AUSTIN,EO14042 ATX CA3TCH UP: CLIMATE ATLAS FOR ACCOUNTABILITY AND ADVOCACY STRATEGIES THROUGH CO-PRODUCTION WITH HISTORICALLY UNDERSERVED COMMUNITY PARTNERS IN AUSTIN TX,110 INNER CAMPUS DR,,AUSTIN,TX,78712,25,AUSTIN,TX,78712,25,249842.00,,2024-08-31,2025-08-31,2025-03-21,163,2025-03-21,4
80NSSC22K1673,ASST_NON_80NSSC22K1673_080,grant,04,MASSACHUSETTS INSTITUTE OF TECHNOLOGY,APPLYING THE EVDT INTEGRATED MODELING FRAMEWORK FOR ENVIRONMENTAL JUSTICE APPLICATIONS,77 MASSACHUSETTS AVE,,CAMBRIDGE,MA,02139,07,CAMBRIDGE,MA,02139,07,250000.00,,2024-08-31,2025-08-31,2025-03-21,163,2025-03-21,4
80NSSC24PC269,CONT_AWD_80NSSC24PC269_8000_-NONE-_-NONE-,contract,B,KPMG LLP,KPMG ASPIRE IMMERSION,8350 BROAD ST STE 900,,MCLEAN,VA,22102,11,MCLEAN,VA,22102,11,96000.00,96000.00,2025-09-02,2025-09-02,2025-03-24,162,2025-06-10,3
80NSSC24K1326,ASST_NON_80NSSC24K1326_080,grant,04,GROWINGGREAT,FOOD IN SPACE AND IN THE CITY: TEENS TACKLE FOOD SECURITY IN THEIR LOS ANGELES COMMUNITY,2617 BELL AVE,,MANHATTAN BEACH,CA,90266,36,MANHATTAN BEACH,CA,90266,36,0.00,,2026-06-25,2026-06-25,2026-01-16,160,2026-01-20,3
80NSSC24PB527,CONT_AWD_80NSSC24PB527_8000_-NONE-_-NONE-,contract,B,THIERRY PLASMA LLC,FABRICATION OF VACUUM CHAMBER,4319 NORMANDY CT,,ROYAL OAK,MI,48073,11,ROYAL OAK,MI,48073,11,307121.63,307121.63,2025-03-26,2025-09-02,2025-03-26,160,2026-03-12,5
80NSSC23K0271,ASST_NON_80NSSC23K0271_080,grant,04,THE LELAND STANFORD JUNIOR UNIVERSITY,DEVELOPMENT OF A UAV-BASED INTEGRATED ICE-PENETRATING RADAR SYSTEM FOR ICE SHELF MONITORING (STUDENT: THOMAS TEISBERG),450 JANE STANFORD WAY,,STANFORD,CA,94305,16,STANFORD,CA,94305,16,125667.55,,2025-11-16,2025-11-16,2025-06-11,158,2026-05-26,5
80NSSC21K1257,ASST_NON_80NSSC21K1257_080,grant,04,UNIVERSITY OF FLORIDA,A KEY CHALLENGE TO PLANNED CREWED MISSIONS BEYOND LOW-EARTH ORBIT IS THE INFEASIBILITY OF REGULAR RESUPPLY FROM EARTH DUE TO PHYSICAL DISTANCE AND LAUNCH ECONOMICS.,1523 UNION RD RM 207,,GAINESVILLE,FL,32611,03,GAINESVILLE,FL,32611,03,243905.21,,2025-08-01,2025-08-01,2025-02-26,156,2025-04-01,6
80NSSC23K1206,ASST_NON_80NSSC23K1206_080,grant,04,TEXAS A&M ENGINEERING EXPERIMENT STATION,AUTOMATED PATTERNING OF CUSTOMIZED EXTRAVEHICULAR ACTIVITY (EVA) SPACESUIT PRESSURE GARMENT ARM ASSEMBLIES,3124 TAMU,,COLLEGE STATION,TX,77843,10,COLLEGE STATION,TX,77843,10,80732.00,,2025-07-31,2025-07-31,2025-02-26,155,2025-04-11,2
80NSSC25PB099,CONT_AWD_80NSSC25PB099_8000_-NONE-_-NONE-,contract,B,HONEYWELL INTERNATIONAL INC.,"PROCUREMENT OF EDU ACCELEROMETER AND ANGULAR RATE SENSORS, ENGINEERING SUPPORT FOR VASI.",13350 US HIGHWAY 19 N,,CLEARWATER,FL,33764,13,CLEARWATER,FL,33764,13,0.00,0.00,2025-12-03,2026-09-30,2026-04-28,155,2026-04-28,3
80MSFC21C0010,CONT_AWD_80MSFC21C0010_8000_-NONE-_-NONE-,contract,D,NORTHROP GRUMMAN SYSTEMS CORPORATION,MARS ASCENT PROPULSION SYSTEM (MAPS),55 THIOKOL RD,,ELKTON,MD,21921,01,ELKTON,MD,21921,01,80635452.00,91946261.00,2026-03-03,2026-03-03,2025-09-30,154,2026-07-14,44
80MSFC24F0116,CONT_AWD_80MSFC24F0116_8000_80MSFC20D0004_8000,contract,C,THE JOHNS HOPKINS UNIVERSITY APPLIED PHYSICS LABORATORY LLC,WIDEBAND TERMINAL COMMERCIALIZATION PROJECT,11100 JOHNS HOPKINS RD,,LAUREL,MD,20723,03,LAUREL,MD,20723,03,128296.00,128296.00,2025-09-30,2025-09-30,2025-04-30,153,2025-04-23,2
80JSC024FA082,CONT_AWD_80JSC024FA082_8000_80JSC023AA001_8000,contract,A,BOOZ ALLEN HAMILTON INC,"TASK ORDER 83 BASE - SYSTEMS ENGINEERING AND TECHNICAL SUPPORT SERVICES FOR ADVANCED COMMUNICATION AND NAVIGATION TECHNOLOGY DIVISION SPACE COMMUNICATIONS AND NAVIGATION PROGRAM OFFICE, SPACE OPERATIONS MISSION DIRECTORATE ASSESSMENT - SPEACII",8283 GREENSBORO DR,,MC LEAN,VA,22102,11,HOUSTON,TX,77058,36,567550.00,567550.00,2024-09-30,2025-09-30,2025-04-30,153,2025-04-03,4
80TECH25PA010,CONT_AWD_80TECH25PA010_8000_-NONE-_-NONE-,contract,B,BRUKER SCIENTIFIC LLC,VERTEX 80V SPECTROMETER,40 MANNING RD,,BILLERICA,MA,01821,03,GREENBELT,MD,20771,04,0.00,0.00,2025-07-29,2025-07-29,2025-02-26,153,2025-02-26,2
80NSSC25PB394,CONT_AWD_80NSSC25PB394_8000_-NONE-_-NONE-,contract,B,BRIGHAM YOUNG UNIVERSITY,"VIRTUAL MEMBERSHIP WITH SEVERAL UNIVERSITIES/VENDORS MEMBERSHIP, 2YR, PROFESSIONAL SERVICES TYPE",A-153 ASB,,PROVO,UT,84602,03,PROVO,UT,84602,03,100000.00,100000.00,2027-07-31,2027-12-31,2027-07-31,153,2026-05-21,3
80NSSC21M0087,ASST_NON_80NSSC21M0087_080,grant,05,GEORGE WASHINGTON UNIVERSITY (THE),DEMONSTRATION OF THE IN-TIME LEARNING-BASED SAFETY MANAGEMENT FOR SCALABLE HETEROGENEOUS AAM OPERATIONS,1918 F ST NW,,WASHINGTON,DC,20052,98,WASHINGTON,DC,20052,98,2485941.04,,2024-02-07,2025-09-30,2025-04-30,153,2026-04-21,7
80NSSC23FB100,CONT_AWD_80NSSC23FB100_8000_GS35F0723V_4730,contract,C,"B-LINE EXPRESS, INC.","UPDATE AND MAINTAIN IRAD PROPOSAL INGEST, REVIEW, AND EVALUATION SYSTEM",7065 LONG VIEW RD,,COLUMBIA,MD,21044,03,COLUMBIA,MD,21044,03,157628.00,157628.00,2024-08-31,2026-10-31,2026-05-31,153,2026-05-20,6
80NSSC23CA194,CONT_AWD_80NSSC23CA194_8000_-NONE-_-NONE-,contract,D,IRPI LLC,P3 - ISS EMU MICROGRAVITY FLUIDICS INVESTIGATIONS/ASSESSMENTS,27501 SW 95TH AVE,STE 930,WILSONVILLE,OR,97070,05,WILSONVILLE,OR,97070,05,144635.00,144635.00,2024-10-17,2025-11-18,2025-06-18,153,2025-12-11,6
80TECH21DA001,CONT_IDV_80TECH21DA001_8000,idv,IDV_B_B,BQMI-PEERLESS JOINT VENTURE LLC,PROFESSIONAL ADMINISTRATIVE COMPUTATIONAL AND ENGINEERING SERVICES FOR NASA INFORMATION TECHNOLOGY.,22021 BROOKPARK RD STE 130,STE 130,CLEVELAND,OH,44126,07,,,,,96900029.00,196077420.65,2023-07-31,2026-07-31,2026-02-28,153,2026-08-04,76
80ARC024F0042,CONT_AWD_80ARC024F0042_8000_80GSFC19D0011_8000,contract,C,THE AEROSPACE CORPORATION,"THE CONTRACTOR SHALL PROVIDE SPECIALIZED ENGINEERING SERVICES TO INCLUDE CONTAMINATION CONTROL EXPERTISE AND TECHNICAL SUPPORT ON PLANS, PROCESSES, PROCEDURES, PRACTICES, AND METHODOLOGIES AS REQUIRED IN THE INTEGRATION AND TEST PHASE.",2310 EAST EL SEGUNDO BLVD,,EL SEGUNDO,CA,90245,36,MOFFETT FIELD,CA,94035,18,100698.18,100698.18,2025-08-31,2025-08-31,2025-03-31,153,2025-04-09,4
80NSSC21M0037,ASST_NON_80NSSC21M0037_080,grant,05,CALIFORNIA INSTITUTE OF TECHNOLOGY,IRSA ENABLES CUTTING-EDGE RESEARCH BY PROVIDING CRITICAL LONG-TERM ACCESS TO DATA SETS DOCUMENTATION AND ANALYSIS TOOLS FROM 18 PAST AND ONGOING ASTRONOMICAL MISSIONS. THESE INCLUDE IMAGES AND PHOTOMETRY FROM AN UNPARALLELED ARRAY OF INFRARED ALL,1200 E CALIFORNIA BLVD,,PASADENA,CA,91125,28,PASADENA,CA,91125,28,37055852.82,,2025-12-31,2025-12-31,2025-08-01,152,2026-05-13,20
80JSC025FA092,CONT_AWD_80JSC025FA092_8000_NNJ15GU31B_8000,contract,C,"REDWIRE SPACE TECHNOLOGIES, INC.","ALTERATIONS TO STEM CELL VASCULARIZATION AND EXOSOME PRODUCTION IN MICROGRAVITY FOR HEART AND SKIN TISSUE REPAIR, FROM SIOBHAN MALANY, PHD AT MICRO-GRX, INC.",7200 HIGHWAY 150,,GREENVILLE,IN,47124,09,GREENVILLE,IN,47124,09,275000.00,275000.00,2026-06-30,2026-06-30,2026-01-30,151,2026-01-27,3
80JSC025FA093,CONT_AWD_80JSC025FA093_8000_NNJ15GU31B_8000,contract,C,"REDWIRE SPACE TECHNOLOGIES, INC.","THE INVESTIGATION IS ENTITLED ISS ADIPOSE TISSUE MECHANOSENSING IN TRUE MICROGRAVITY FROM EVANGELIA BELLAS, PHD AT TEMPLE UNIVERSITY",7200 HIGHWAY 150,,GREENVILLE,IN,47124,09,GREENVILLE,IN,47124,09,52946.44,52946.44,2026-06-30,2026-06-30,2026-01-30,151,2026-01-27,4
80MSFC20C0050,CONT_AWD_80MSFC20C0050_8000_-NONE-_-NONE-,contract,D,SPATIAL INFORMATICS GROUP LLC,SERVIR GLOBAL NETWORK CAPABILITY PROGRAM,2529 YOLANDA CT,,PLEASANTON,CA,94566,14,PLEASANTON,CA,94588,14,954983.90,954983.90,2021-09-12,2025-09-12,2025-04-15,150,2025-04-28,13
80NSSC25C0041,CONT_AWD_80NSSC25C0041_8000_-NONE-_-NONE-,contract,D,"OPTERUS RESEARCH AND DEVELOPMENT, INC","SBIR PHASE II PROPOSAL #80NSSC25C0041 ENTITLED ""CONDUCTIVE SOLID SURFACE DEPLOYABLE ANTENNA FOR SPACE-BASED REMOTE SENSING""",5645 KITTY HAWK DR,,LOVELAND,CO,80538,02,LOVELAND,CO,80537,04,849851.00,849851.00,2027-07-02,2027-07-02,2027-02-03,149,2026-06-11,3
80NSSC25K7798,ASST_NON_80NSSC25K7798_080,grant,04,GEORGE WASHINGTON UNIVERSITY (THE),P BAND DIELECTRIC CONSTANT FOR LOW AND HIGH SALINITY II,1918 F ST NW,,WASHINGTON,DC,20052,98,WASHINGTON,DC,20052,98,0.00,,2026-02-20,2026-02-20,2025-09-24,149,2025-09-24,2
80NSSC23K0247,ASST_NON_80NSSC23K0247_080,grant,04,UNIVERSITY OF FLORIDA,21-SERVIR21_2-0071 INTEGRATING SOCIO-ECONOMIC AND REMOTELY SENSED INFORMATION TO CHARACTERIZE CONFLICT PRECURSORS AND LAND DEGRADATION DYNAMICS IN GHANA,1523 UNION RD RM 207,,GAINESVILLE,FL,32611,03,GAINESVILLE,FL,32611,03,242937.70,,2025-12-31,2025-12-31,2025-08-06,147,2026-07-08,5
80NSSC24PC049,CONT_AWD_80NSSC24PC049_8000_-NONE-_-NONE-,contract,B,SOCIETY OF WOMEN ENGINEERS,SOCIETY OF WOMEN ENGINEERS (SWE) CORPORATE PARTNERSHIP COUNCIL AND PARTICIPATION IN ASSOCIATED RECRUITING EVENTS,130 E RANDOLPH STREET 3500,,CHICAGO,IL,60601,07,CHICAGO,IL,60601,07,33100.00,33100.00,2025-07-31,2025-07-31,2025-03-06,147,2025-03-06,3
80NSSC21K0669,ASST_NON_80NSSC21K0669_080,grant,04,THE GENERAL HOSPITAL CORPORATION,BACKGROUND: THE ENVIRONMENTAL CONDITIONS OF PROLONGED SPACEFLIGHT POSE SIGNIFICANT PSYCHOLOGICAL RISKS FOR ASTRONAUTS. IN PARTICULAR LONG DURATION EXPOSURE TO AN ISOLATED CONFINED ENVIRONMENT CAN CONTRIBUTE TO ADVERSE COGNITIVE OR BEHAVIORAL EVENTS,55 FRUIT ST,,BOSTON,MA,02114,08,BOSTON,MA,02114,08,1290000.00,,2025-02-22,2026-02-22,2025-09-30,145,2025-08-11,18
80NSSC25PA014,CONT_AWD_80NSSC25PA014_8000_-NONE-_-NONE-,contract,B,SPACE EXPLORATION TECHNOLOGIES CORP,"ASPIRE PUBLIC-PRIVATE TALENT PROGRAM, SPACEX IMMERSION",731 KELP RD,BLDG 731,VANDENBERG AFB,CA,93437,24,LOMPOC,CA,93437,24,19038.40,19038.40,2025-08-31,2025-08-31,2025-04-08,145,2025-04-08,2
80NSSC19K0748,ASST_NON_80NSSC19K0748_080,grant,04,THE PINHEAD INSTITUTE INC,THE PROJECT WILL COMBINE LUNAR ATMOSPHERE AND DUST ENVIRONMENT EXPLORER (LADEE) ULTRAVIOLET-VISIBLE SPECTROMETER (UVS) DATA WITH EXOSPHERIC MODELS TO ACHIEVE THE FOLLOWING SCIENTIFIC OBJECTIVES:. 1. DISCOVER OR ESTABLISH MORE STRINGENT LIMITS FOR PREVIOUSLY UNDETECTED METALS (SI AL MG CA TI FE) IN THE LUNAR EXOSPHERE; . 2. DETERMINE THE SPATIAL AND TEMPORAL STRUCTURE OF GASEOUS METALS AND ATOMIC OXYGEN AND UNDERSTAND THE PROCESSES THAT CONTROL THEIR DISTRIBUTION AND VARIABILITY. .PRELIMINARY ANALYSES SHOWN IN THIS PROPOSAL DEMONSTRATE THAT UVS DATA REVEAL NOT ONLY DETECTIONS BUT ALSO OFFER SPATIAL AND TEMPORAL RESOLUTION SUFFICIENT TO FULFILL THESE OBJECTIVES. .,300 S MAHONEY DR STE C6C,,TELLURIDE,CO,81435,03,TELLURIDE,CO,81435,03,114321.00,,2022-05-19,2025-10-01,2025-05-09,145,2025-05-14,7
80NSSC25PB488,CONT_AWD_80NSSC25PB488_8000_-NONE-_-NONE-,contract,B,INTERGRAPH CORPORATION,CAESAR II V13 & HEXAGON PV ELITE CX V25 ANNUAL RENEWAL,305 INTERGRAPH WAY,,MADISON,AL,35758,05,CLEVELAND,OH,44135,11,0.00,0.00,2026-07-31,2026-07-31,2026-03-09,144,2026-03-09,2
80NSSC23K1134,ASST_NON_80NSSC23K1134_080,grant,04,MISSISSIPPI STATE UNIVERSITY,21-WATER21-2-0024 APPLYING RADAR AND THERMAL REMOTE SENSING FOR IRRIGATION DECISION SUPPORT IN VINEYARDS AND ALMOND ORCHARDS,245 BARR AVE MCARTHUR HALL,,MISSISSIPPI STATE,MS,39762,03,MISSISSIPPI STATE,MS,39762,03,7427.81,,2026-09-05,2026-09-05,2026-04-14,144,2026-04-14,4
80NSSC24K0459,ASST_NON_80NSSC24K0459_080,grant,04,REGENTS OF THE UNIVERSITY OF MICHIGAN,A COMMUNITY TOOL FOR RUNNING SUN-TO-EARTH SIMULATIONS,1109 GEDDES AVE SUITE 3300,,ANN ARBOR,MI,48109,06,ANN ARBOR,MI,48109,06,80835.00,,2024-12-20,2025-12-20,2025-07-31,142,2025-09-26,4
80NSSC24K0311,ASST_NON_80NSSC24K0311_080,grant,04,THE REGENTS OF THE UNIVERSITY OF COLORADO,ICE SHELF HYDROLOGICAL EVOLUTION AND IMPACTS ON ICE SHELF STABILITY,3100 MARINE ST,STE 481 572 UCB,BOULDER,CO,80309,02,BOULDER,CO,80309,02,423360.00,,2027-01-10,2027-05-31,2027-01-10,141,2026-02-18,9
80NSSC25FA096,CONT_AWD_80NSSC25FA096_8000_80NSSC24AA008_8000,contract,A,"STAFFORD CONSULTING COMPANY, INC.",THIS CONSTITUTES BPA CALL #6,1765 GREENSBORO STATION PL,STE 900,MC LEAN,VA,22102,11,MCLEAN,VA,22102,11,51150.00,51150.00,2025-09-12,2025-09-12,2025-04-25,140,2025-04-02,2
80JSC024FA135,CONT_AWD_80JSC024FA135_8000_80JSC023AA001_8000,contract,A,BOOZ ALLEN HAMILTON INC,STRATEGIC PROFESSIONAL ENGINEERING ASSESSMENT CONTRACT II (SPEACII) - TASK ORDER 104 BASE - DEIA ORGANIZATIONAL CLIMATE SURVEY AND BARRIER ANALYSIS ASSESSMENT,8283 GREENSBORO DR,,MC LEAN,VA,22102,11,HOUSTON,TX,77058,36,701923.00,701923.00,2025-06-10,2025-06-10,2025-01-22,139,2025-01-27,3
80NSSC24PB891,CONT_AWD_80NSSC24PB891_8000_-NONE-_-NONE-,contract,B,"CAREER COMMUNICATIONS GROUP, INC.",WOMEN OF COLOR IN STEM SILVER PARTNERSHIP AND PARTICIPATION IN THEIR NATIONAL CONVENTION,729 E PRATT ST STE 504,,BALTIMORE,MD,21202,07,BALTIMORE,MD,21202,07,12500.00,12500.00,2025-08-31,2025-08-31,2025-04-16,137,2025-04-16,4
80NSSC21K1265,ASST_NON_80NSSC21K1265_080,grant,04,GEORGIA TECH RESEARCH CORP,MISSIONS TO SMALL BODIES TYPICALLY INVOLVE A CHARACTERIZATION PHASE WHERE A 3D SHAPE MODEL IS INCREMENTALLY BUILT AND USED FOR OPTICAL RELATIVE NAVIGATION AND ESTIMATION OF DYNAMICAL PROPERTIES.,926 DALNEY ST NW,,ATLANTA,GA,30332,05,ATLANTA,GA,30332,05,251403.79,,2025-08-15,2025-08-15,2025-03-31,137,2026-03-17,7
80KSC024F0043,CONT_AWD_80KSC024F0043_8000_80KSC021A0007_8000,contract,A,"THE PERFORMANCE KNOWLEDGE GROUP, LLC",STRATEGIC MANAGEMENT SUPPORT SERVICES (SMSS) TASK ORDER FOR LSP.,1324 SWIFT CREEK WAY,,WINTER SPRINGS,FL,32708,07,SANFORD,FL,32771,07,137213.00,137213.00,2025-06-30,2025-06-30,2025-02-14,136,2025-04-10,5
80KSC024F0045,CONT_AWD_80KSC024F0045_8000_80KSC021A0007_8000,contract,A,"THE PERFORMANCE KNOWLEDGE GROUP, LLC",STRATEGIC MANAGEMENT SUPPORT SERVICES (SMSS) BPA FOR CESO.,1324 SWIFT CREEK WAY,,WINTER SPRINGS,FL,32708,07,SANFORD,FL,32771,07,38535.00,38535.00,2025-06-30,2025-06-30,2025-02-14,136,2025-04-22,3
80KSC024F0044,CONT_AWD_80KSC024F0044_8000_80KSC021A0007_8000,contract,A,"THE PERFORMANCE KNOWLEDGE GROUP, LLC",STRATEGIC MANAGEMENT SUPPORT SERVICES (SMSS) TASK ORDER FOR EXPLORATION GROUND SUPPORT (EGS),1324 SWIFT CREEK WAY,,WINTER SPRINGS,FL,32708,07,SANFORD,FL,32771,07,77219.10,77219.10,2025-06-30,2025-06-30,2025-02-14,136,2025-04-10,3
80ARC021DA001,CONT_IDV_80ARC021DA001_8000,idv,IDV_B_A,LSINC CORPORATION,NASA SECURITY CONTRACT,490 DISCOVERY DR NW,,HUNTSVILLE,AL,35806,05,,,,,10057986.21,15000000.00,2026-06-30,2026-11-12,2026-06-30,135,2026-06-24,38
80LARC21F0153,CONT_AWD_80LARC21F0153_8000_80LARC20D0007_8000,contract,C,CORNELL TECHNICAL SERVICES LLC,"MARS EXPLORATION PROGRAM (MEP) ASSESSMENT FOR MANAGEMENT, PLANNING, TECHNICAL, SCIENTIFIC, RISK, COST, AND SCHEDULE SUPPORT",9700 PATUXENT WOODS DR,,COLUMBIA,MD,21046,03,HAMPTON,VA,23681,03,316380.00,316380.00,2025-08-31,2025-08-31,2025-04-18,135,2025-09-22,8
80NSSC23K1348,ASST_NON_80NSSC23K1348_080,grant,04,BROWN UNIVERSITY,22-PSEF22_2-0015 BROWN UNIVERSITY ELECTRON MICROPROBE FACILITY,1 PROSPECT ST,,PROVIDENCE,RI,02912,01,PROVIDENCE,RI,02912,01,556417.00,,2024-08-20,2025-08-20,2025-04-08,134,2025-04-08,3
80MSFC25FA019,CONT_AWD_80MSFC25FA019_8000_80MSFC24DA024_8000,contract,C,SUMMIT TECHNOLOGIES & SOLUTIONS INC,80MSFC25FA019 GODDARD SPACE FLIGHT CENTER TECHNOLOGY TRANSFER SUPPORT.,104 CHURCH ST SE STE 208,,LEESBURG,VA,20175,10,ALEXANDRIA,VA,22306,08,230536.65,1821414.51,2026-03-10,2026-03-10,2025-10-29,132,2025-09-29,4
80MSFC25F0049,CONT_AWD_80MSFC25F0049_8000_80MSFC25D0001_8000,contract,C,"ACCURA ENGINEERING AND CONSULTING SERVICES, INC.","PROVIDE CONSTRUCTION SUPPORT TO REFURBISH RESTROOMS IN BUILDINGS 4583, 4561, 4711, 4656, 4476 AND 4561. FWR R001092044",3200 PRESIDENTIAL DR,,ATLANTA,GA,30340,04,HUNTSVILLE,AL,35812,05,52294.00,52294.00,2025-10-15,2026-11-21,2026-07-12,132,2026-04-16,3
80NSSC22PB703,CONT_AWD_80NSSC22PB703_8000_-NONE-_-NONE-,contract,B,HO-CHUNK SHARED SERVICES COMPANY,GSFC STRATEGIC ASSESSMENT SUPPORT (GSAS),1 MISSION DR,,WINNEBAGO,NE,68071,03,WINNEBAGO,NE,68071,03,109953.67,109953.67,2023-08-04,2025-08-02,2025-03-24,131,2025-03-24,4
80NSSC25PB459,CONT_AWD_80NSSC25PB459_8000_-NONE-_-NONE-,contract,B,"KIJERO, LLC",SV10T32P4P34 SOLENOID VALVE (6) SV30T32P8P34S SOLENOID VALVE (2),16890 CHURCH ST BLDG 16,,MORGAN HILL,CA,95037,19,MORGAN HILL,CA,95037,19,0.00,0.00,2025-12-16,2025-12-16,2025-08-07,131,2025-08-06,2
80HQTR25F7077,CONT_AWD_80HQTR25F7077_8000_80MSFC21D0009_8000,contract,C,"BARRIOS TECHNOLOGY, LLC",OFFICE OF PROCUREMENT ADMIN AND PROJECT COORDINATION.,13100 SPACE CENTER BLVD,STE 650,HOUSTON,TX,77059,36,WASHINGTON,DC,20571,98,114984.98,160935.92,2026-04-15,2026-04-15,2025-12-05,131,2025-12-01,3
80NSSC24K0541,ASST_NON_80NSSC24K0541_080,grant,04,MASSACHUSETTS INSTITUTE OF TECHNOLOGY,XMM OBSERVATIONS OF A NEWLY DISCOVERED 25 DAY QUASI PERIODIC ERUPTION SOURCE,77 MASSACHUSETTS AVE,,CAMBRIDGE,MA,02139,07,CAMBRIDGE,MA,02139,07,0.00,,2025-01-10,2026-01-10,2025-09-02,130,2025-09-02,3
80NSSC24PC064,CONT_AWD_80NSSC24PC064_8000_-NONE-_-NONE-,contract,B,THE JANDOR GROUP LLC,"TRAINING PURCHASE OVER $25,000.00",3033 CHIMNEY ROCK RD STE 216,,HOUSTON,TX,77056,07,HOUSTON,TX,77056,07,100000.00,100000.00,2025-08-14,2025-08-14,2025-04-09,127,2025-04-08,2
80SSC025P0001,CONT_AWD_80SSC025P0001_8000_-NONE-_-NONE-,contract,B,BLUE WAVE ULTRASONICS INC,"ULTRASONIC ITEMS MILD ALKALINE ULTRASONIC CLEAN TANK WITH OVERFLOW, ACID RINSE TANK, CORROSION INHIBITOR RINSE TANK, AND DRYER",209 W 76TH ST,,DAVENPORT,IA,52806,01,STENNIS SPACE CENTER,MS,39529,04,0.00,0.00,2025-11-28,2025-11-28,2025-07-25,126,2026-04-27,2
80HQTR22FA005,CONT_AWD_80HQTR22FA005_8000_80HQTR22AA004_8000,contract,A,"FREEDOM INFORMATION SYSTEMS, INC.","THE HUMAN EXPLORATION AND OPERATIONS (HEO) MISSION DIRECTORATE REQUIRES THIS SPECIFIC AND UNIQUE ANALYSIS, ASSESSMENT, AND ADVICE RELATED TO THE INTEGRATION AND OVERSIGHT OF THE ARTEMIS PROGRAM",1211 N WEST SHORE BLVD,STE 415,TAMPA,FL,33607,14,WASHINGTON,DC,20546,98,5570264.24,5570264.24,2023-01-31,2026-01-31,2025-09-30,123,2025-09-26,19
80AFRC23DA002,CONT_IDV_80AFRC23DA002_8000,idv,IDV_B_A,TECHPIPELINE INC.,"THE CONTRACTOR WILL SUPPORT ARMSTRONG FLIGHT RESEARCH CENTER BY PROVIDING SERVICES FOR AEROSPACE TECHNOLOGY RELATED PARTNERSHIP DEVELOPMENT, MARKETING, OUTREACH, AND FACILITATION OF COMMERCIALIZATION TO SUPPORT NASAS TECHNOLOGY PARTNERSHIP PROGRAM.",1833 W HURON ST,,CHICAGO,IL,60622,07,,,,,0.00,4800000.00,2028-04-25,2028-08-26,2028-04-25,123,2026-06-16,5
80NSSC21K1268,ASST_NON_80NSSC21K1268_080,grant,04,THE LELAND STANFORD JUNIOR UNIVERSITY,DURING PLANETARY ENTRY A STRONG BOW SHOCK AHEAD OF BLUNT SPACECRAFT GENERATES LARGE HEAT LOADS NEAR THE VEHICLE SURFACE. THIS IS MITIGATED VIA THERMAL PROTECTION SYSTEMS (TPS) WHICH COMPRISES A SUBSTANTIAL FRACTION OF THE TOTAL VEHICLE MASS.,450 JANE STANFORD WAY,,STANFORD,CA,94305,16,STANFORD,CA,94305,16,229037.99,,2025-08-01,2025-08-01,2025-03-31,123,2025-03-31,7
80JSC024FA199,CONT_AWD_80JSC024FA199_8000_80JSC023DA011_8000,contract,C,SIERRA SPACE CORP,SCIENCE VERIFICATION TEST (SVT) FOR PH-08 WILL CONSIST OF 18 WEEKS OF OPERATIONS COMPRISING 2 TEST RUNS.,2000 TAYLOR AVE STE 100,,LOUISVILLE,CO,80027,02,LOUISVILLE,CO,80027,02,166397.00,166397.00,2025-09-30,2025-09-30,2025-05-31,122,2025-05-13,2
80NSSC25C0506,CONT_AWD_80NSSC25C0506_8000_-NONE-_-NONE-,contract,D,CONVERGENT MANUFACTURING TECHNOLOGIES US INC,STTR PHASE III - PROCESS SIMULATION & OPTIMIZATION FOR THIN-PLY COMPOSITES,1101 N NORTHLAKE WAY STE 200,,SEATTLE,WA,98103,07,SEATTLE,WA,98103,07,267500.00,267500.00,2026-04-29,2026-10-29,2026-06-29,122,2026-06-10,5
80SSC024F0023,CONT_AWD_80SSC024F0023_8000_80SSC018D0014_8000,contract,C,DRACE CONSTRUCTION CORP,"SEWER SYSTEM AND CONVEYANCE, PHASE 2 AT STENNIS SPACE CENTER, MS",922 PORTER AVE STE 101,,OCEAN SPRINGS,MS,39564,04,STENNIS SPACE CENTER,MS,39529,04,6536077.83,6536077.83,2026-12-31,2026-12-31,2026-09-02,120,2026-06-24,4
80NSSC21K1247,ASST_NON_80NSSC21K1247_080,grant,04,REGENTS OF THE UNIVERSITY OF MICHIGAN,I PROPOSE TO APPLY A NOVEL COMBINATION OF PHYSICS-BASED MODELING OPTIMAL DESIGN AND RAPID PROTOTYPING TO INCREASE THE STATE OF THE ART (SOA) POWER LEVEL OF ELECTROSPRAY THRUSTERS BY AN ORDER OF MAGNITUDE FROM 10 W TO 200 W. 100-200,503 THOMPSON ST,,ANN ARBOR,MI,48109,06,ANN ARBOR,MI,48109,06,285698.79,,2025-08-29,2025-08-29,2025-05-02,119,2026-04-21,9
80AFRC24FA012,CONT_AWD_80AFRC24FA012_8000_80AFRC24DA001_8000,contract,C,ASTRO DIGITAL US INC,MINIMUM GUARANTEED,3171 JAY ST,,SANTA CLARA,CA,95054,06,SANTA CLARA,CA,95054,17,6950872.50,6950872.50,2029-02-28,2029-02-28,2028-11-01,119,2026-07-22,3
80NSSC25K7620,ASST_NON_80NSSC25K7620_080,grant,04,AUBURN UNIVERSITY,IT IS THE INTENTION OF AUBURN UNIVERSITY COMBUSTION PHYSICS LAB TO DEMONSTRATE SIMULTANEOUSLY INTEGRATED METHANE RICH AND OXYGEN RICH PRE-BURNERS WITH CONTINUOUS DETONATION ENGINES (CDES). THIS WOULD BE AN INAUGURAL STEP TOWARDS ROCKET ENGINE POWER CYCLE INTEGRATION. IDEALIZED FLIGHT VEHICLES REQUIRE HIGH PRESSURE RATIO NOZZLES TO MAXIMIZE ENGINE THRUST PRODUCTION. TURBOMACHINERY WILL BE NEEDED TO DRIVE PUMPS TO MEET THESE PRESSURE DEMANDS. THE MOST EFFICIENT MEANS OF DELIVERING POWER TO THIS TURBOMACHINERY IS THROUGH PRE-BURNERS. PRE-BURNERS EXTRACT CHEMICAL POTENTIAL ENERGY WITHIN THE PROPELLANT TO DRIVE TURBOMACHINERY. THE LOW TEMPERATURE BURNING OF THE PROPELLANT THROUGH THE PREBURNERS RELEASES SMALL QUANTITIES OF THE PROPELLANT S CHEMICAL POTENTIAL ENERGY. THIS IS RELEASED AS HEAT AND PRESSURIZATION OF THE PROPELLANT FLOW. THIS ENERGY RELEASE CAN THEN BE CAPTURED WITHIN THE POWER CYCLE SYSTEM AND CONVERTED INTO MECHANICAL WORK. THIS ENABLES THE MAXIMUM EXTRACTION OF USEFUL WORK FROM THE PROPELLANTS.,321-A INGRAM HALL,,AUBURN UNIVERSITY,AL,36849,03,AUBURN UNIVERSITY,AL,36849,03,184097.27,,2026-01-08,2026-07-08,2026-03-13,117,2026-04-09,3
80JSC024F0037,CONT_AWD_80JSC024F0037_8000_80JSC020D0042_8000,contract,C,"ENSEMBLE GOVERNMENT SERVICES, LLC",NASA OPEN INNOVATION SERVICES 2 (NOIS2) UNCREWED AIRCRAFT SYSTEMS (UAS) CHALLENGE IMPLEMENTATION,4005 BUCHANAN ST,,HYATTSVILLE,MD,20781,04,HOUSTON,TX,77058,36,374000.00,374000.00,2025-09-30,2025-09-30,2025-06-05,117,2025-04-01,3
80JSC020D0035,CONT_IDV_80JSC020D0035_8000,idv,IDV_B_B,AGORIZE INNOVATION INC,NOIS2-WORK WITH COMPANIES WHO CONDUCT COMPETITIONS AND RELY ON OTHER CROWDSOURCING APPROACHES TO DELIVER SOLUTIONS OR STIMULATE INNOVATION. NOIS2 WILL UTILIZE A BROADER USE OF CROWDSOURCING AS A TOOL TO HELP NASA MEET ITS MISSION.,201 RUE NOTRE-DAME O BUREAU 500,,MONTREAL,,,,,,,,0.00,24900000.00,2025-06-03,2025-06-03,2025-02-06,117,2025-02-06,4
80NSSC24CA004,CONT_AWD_80NSSC24CA004_8000_-NONE-_-NONE-,contract,D,"RESILIENX, INC.",PHASE III - COMMERCIALIZATION OF WEATHER SENSOR DATA MONITORING THROUGH A COMPREHENSIVE IN-TIME AVIATION SAFETY MGMT SYSTEM & IMPLEMENTATION IN AN UNCREWED AIRCRAFT SYSTEM TRAFFIC MGMT OPS CTR,235 HARRISON ST STE 209,,SYRACUSE,NY,13202,22,SYRACUSE,NY,13202,22,4807692.00,4807692.00,2025-10-23,2025-10-23,2025-07-01,114,2025-06-25,6
80NSSC24FA979,CONT_AWD_80NSSC24FA979_8000_80NSSC24AA010_8000,contract,A,"BRYCE SPACE AND TECHNOLOGY, LLC","TO PROVIDE NASA LEADERSHIP WITH INDEPENDENT DIAGNSOTICS AND STRATEGIC ADVISORY WORK ON MATTERS INVOLVING, TECHNOLOGY POLICY AND ECONOMICS THROUGH INDEPENDENT RESEARCH AND ANALYSIS THAT ANSWERS SPECIFIC QUESTIONS ON TOPICS OF INTEREST.",1737 KING ST STE 601,,ALEXANDRIA,VA,22314,08,ALEXANDRIA,VA,22314,08,645125.14,645125.14,2025-07-31,2025-07-31,2025-04-10,112,2025-09-12,5
80JSC022DA012,CONT_IDV_80JSC022DA012_8000,idv,IDV_B_B,COMMUNO CORP,THE PURPOSE OF THIS REQUIREMENT IS TO ACQUIRE CROWDSOURCING AND RELATED SERVICES FOR NASA AND OTHER GOVERNMENT AGENCIES. THE CONTRACTOR SHALL USE CROWDSOURCING METHODOLOGIES.,1025 10 ST SE,,CALGARY,,,,,,,,0.00,175000000.00,2025-06-03,2025-06-03,2025-02-11,112,2025-02-11,4
80JSC020D0043,CONT_IDV_80JSC020D0043_8000,idv,IDV_B_B,"FREELANCE LABS, INC.",WORK WITH COMPANIES WHO CONDUCT COMPETITIONS AND RELY ON OTHER CROWDSOURCING APPROACHES TO DELIVER SOLUTIONS OR STIMULATE INNOVATION. NOIS2 WILL UTILIZE A BROADER USE OF CROWDSOURCING AS A TOOL TO HELP NASA MEET ITS MISSION.,410 E SANTA CLARA ST STE 767,UNIT 767,SAN JOSE,CA,95113,19,,,,,0.00,175000000.00,2025-06-03,2025-06-03,2025-02-11,112,2025-02-11,8
80NSSC21K1264,ASST_NON_80NSSC21K1264_080,grant,04,TEXAS A&M ENGINEERING EXPERIMENT STATION,A NOVEL APPROACH TO THE ESTIMATION OF DYNAMIC SYSTEMS OPERATING IN HIGH-UNCERTAINTY ENVIRONMENTS IS PROPOSED.,7607 EASTMARK DR,,COLLEGE STATION,TX,77840,10,COLLEGE STATION,TX,77840,10,286885.12,,2025-08-29,2025-08-29,2025-05-10,111,2026-04-30,8
80HQTR24F0002,CONT_AWD_80HQTR24F0002_8000_80GSFC19D0011_8000,contract,C,THE AEROSPACE CORPORATION,"""CONSORTIUM FOR SPACE MOBILITY AND .ISAM CAPABILITIES (COSMIC) MANAGEMENT .AND SYSTEMS ENGINEERING SUPPORT.FOR SPACE TECHNOLOGY MISSION DIRECTORATE (STMD)"".",2310 EAST EL SEGUNDO BLVD,,EL SEGUNDO,CA,90245,36,EL SEGUNDO,CA,90245,36,7681581.33,7681581.33,2024-11-08,2026-02-27,2025-11-08,111,2026-06-25,7
80NSSC22M0221,ASST_NON_80NSSC22M0221_080,grant,05,WICHITA STATE UNIVERSITY,EO14042 MULTIFUNCTIONAL ADDITIVELY MANUFACTURED CERAMICS FOR AEROSPACE APPLICATIONS,1845 FAIRMOUNT ST,,WICHITA,KS,67260,04,WICHITA,KS,67260,04,388501.84,,2025-07-14,2025-07-14,2025-03-25,111,2025-09-22,5
80NSSC23K0490,ASST_NON_80NSSC23K0490_080,grant,04,"ASSOCIATION OF UNIVERSITIES FOR RESEARCH IN ASTRONOMY, INC.",22-XMMNC21-0001 ORIGIN AND ROLE OF DUST IN AGN: REVEALING THE DUSTY WIND IN NGC 6860,3700 SAN MARTIN DR,,BALTIMORE,MD,21218,07,BALTIMORE,MD,21218,07,25629.95,,2024-01-05,2026-05-31,2026-02-11,109,2026-02-11,5
80NSSC23K1376,ASST_NON_80NSSC23K1376_080,grant,04,MICHIGAN STATE UNIVERSITY,ISOTOPIC FRACTIONATION DUE TO MULTI-STAGE CORE FORMATION,426 AUDITORIUM RD RM 360,,EAST LANSING,MI,48824,07,EAST LANSING,MI,48824,07,107361.14,,2026-08-15,2026-08-15,2026-04-30,107,2026-04-30,4
80LARC24F0039,CONT_AWD_80LARC24F0039_8000_80GSFC19D0011_8000,contract,C,THE AEROSPACE CORPORATION,"NASA ENGINEERING AND SAFETY CENTER'S (NESC) TEAM TO GUIDE FUTURE HUMAN-RATED SPACECRAFT FIRE SAFETY SYSTEM IN ACCORDANCE WITH THE STATEMENT OF WORK TITLED ""TI-21-01651 SPACECRAFT FIRE SAFETY STANDARD.""",2310 EAST EL SEGUNDO BLVD,,EL SEGUNDO,CA,90245,36,EL SEGUNDO,CA,90245,36,0.00,0.00,2025-07-31,2025-07-31,2025-04-15,107,2026-03-17,3
80HQTR24F0036,CONT_AWD_80HQTR24F0036_8000_80GSFC19D0011_8000,contract,C,THE AEROSPACE CORPORATION,"TO PROVIDE TECHNICAL SUPPORT AND PROGRAMMATIC ANALYSIS, CONSULTATION AND EVALUATION. .THIS SUPPORT SHALL PROVIDE ASSESSMENT AND ENGINEERING SUPPORT ACROSS M2M PROGRAM MATTERS.",2310 EAST EL SEGUNDO BLVD,,EL SEGUNDO,CA,90245,36,EL SEGUNDO,CA,90245,36,373414.24,393296.55,2025-03-14,2025-09-10,2025-05-28,105,2025-05-22,7
80KSC019F0128,CONT_AWD_80KSC019F0128_8000_80KSC019D0012_8000,contract,C,"HYDROGEOLOGIC, INC.","REMEDIATION TEAM MEETINGS AT KENNEDY SPACE CENTER, FLORIDA",11107 SUNSET HILLS RD STE 400,,RESTON,VA,20190,11,ORLANDO,FL,32899,08,151868.35,151868.35,2024-01-31,2025-06-30,2025-03-18,104,2025-04-17,11
80NSSC24K0051,ASST_NON_80NSSC24K0051_080,grant,04,THE REGENTS OF THE UNIVERSITY OF COLORADO,22-CSDSA22_2-0057 WATER SURFACE GRADIENT MEASUREMENT USING GNSS-R FROM SMALLSAT,3100 MARINE ST STE 481,,BOULDER,CO,80303,02,BOULDER,CO,80309,02,193486.92,,2025-10-04,2026-10-04,2026-06-23,103,2026-06-23,4
80NSSC23K1430,ASST_NON_80NSSC23K1430_080,grant,04,PRESIDENT AND FELLOWS OF HARVARD COLLEGE,RODENT RESEARCH STANDARD HOUSING MISSION: MULTIDISCIPLINARY APPROACH TO UNDERSTANDING SPACEFLIGHT RESPONSES,25 SHATTUCK ST,,BOSTON,MA,02115,07,BOSTON,MA,02115,07,79364.00,,2026-08-31,2026-08-31,2026-05-20,103,2026-05-21,6
80SSC021FA001,CONT_AWD_80SSC021FA001_8000_GS00P13BSD0947_4740,contract,C,CENTERPOINT ENERGY RESOURCES CORP.,"NATURAL GAS SERVICES TO NORTH SIDE OF STENNIS SPACE CENTER, MS","1111, LOUISIANA STREET",,HOUSTON,TX,77002,18,STENNIS SPACE CENTER,MS,39529,04,997703.77,2705854.08,2022-06-30,2026-06-30,2026-03-19,103,2026-05-22,73
80NSSC21K1261,ASST_NON_80NSSC21K1261_080,grant,04,"OHIO STATE UNIVERSITY, THE",ENSURING LONG-TERM PHYSICAL HEALTH OF ASTRONAUTS IS ESSENTIAL TO MAINTAIN OPTIMAL PERFORMANCE THROUGHOUT THE MISSION. THUS TECHNOLOGIES TO SCREEN DIAGNOSE AND TREAT MEDICAL CONDITIONS IN SPACE ARE OF CRITICAL IMPORTANCE.,1960 KENNY RD,,COLUMBUS,OH,43210,03,COLUMBUS,OH,43210,03,275443.12,,2025-08-15,2025-08-15,2025-05-07,100,2026-04-30,9
80NSSC25K7307,ASST_NON_80NSSC25K7307_080,grant,04,BAE SYSTEMS SPACE & MISSION SYSTEMS INC.,THE COMPACT HYPERSPECTRAL PRISM SPECTROMETER FOR SPACE SPACE CHPS ADVANCING SPACEBORNE PRISM BASED IMAGING SPECTROSCOPY OF THE EARTH,1600 COMMERCE ST UNIT 1,,BOULDER,CO,80301,02,BOULDER,CO,80301,02,4500000.00,,2026-11-06,2027-02-13,2026-11-06,99,2025-11-19,4
80NSSC24PB720,CONT_AWD_80NSSC24PB720_8000_-NONE-_-NONE-,contract,B,R3 UNIQ INC,OMNEST NETWORK SIMULATION SOFTWARE LICENSES AND SUPPORT,2535 TECH DR,STE 300,BETTENDORF,IA,52722,01,BETTENDORF,IA,52722,01,71648.90,71648.90,2025-07-14,2025-07-14,2025-04-08,97,2025-04-08,2
80NSSC24FB277,CONT_AWD_80NSSC24FB277_8000_47QTCA19D00ER_4732,contract,C,"TECHNOLOGY PROJECT MANAGERS, INC.",THIS TASK SHALL REQUIRE THE WRITING OF SECTION E SCIENCE IMPLEMENTATION SECTION FOR THE ALICE INSTRUMENT WITHIN THE STRIVE MISSION CONCEPT STUDY REPORT (CSR).,13006 DISNEY LN,,SILVER SPRING,MD,20906,08,SILVER SPRING,MD,20906,08,140250.00,140250.00,2025-09-17,2025-09-17,2025-06-13,96,2025-04-09,2
80NSSC24PB717,CONT_AWD_80NSSC24PB717_8000_-NONE-_-NONE-,contract,B,"COSTAR REALTY INFORMATION, INC.",COSTAR,1313 L ST NW,,WASHINGTON,DC,20005,08,WASHINGTON,DC,20546,98,49050.00,49050.00,2025-07-12,2025-07-12,2025-04-08,95,2025-04-08,3
80NSSC21K1258,ASST_NON_80NSSC21K1258_080,grant,04,UNIVERSITY OF ILLINOIS,THE RESEARCH OUTLINED IN THIS PROPOSAL WILL INVESTIGATE THE USE OF DIRECT FORCE CONTROL (DFC) TO ENHANCE HYPERSONIC AND SUPERSONIC ENTRY CONTROL FOR MARS ENTRY VEHICLES.,352 HENRY ADMINISTRATION BLDG,,URBANA,IL,61801,13,URBANA,IL,61801,13,239739.46,,2025-08-16,2025-08-16,2025-05-15,93,2026-05-04,9
80NSSC24K1879,ASST_NON_80NSSC24K1879_080,grant,04,TRUSTEES OF THE COLORADO SCHOOL OF MINES,DESIGN AND PROTOTYPING OF A 9-PHASE DUAL-ROTOR MOTOR FOR SUPERSONIC ELECTRIC TURBOFAN,1500 ILLINOIS ST,,GOLDEN,CO,80401,07,GOLDEN,CO,80401,07,36772.89,,2025-08-14,2026-08-14,2026-05-13,93,2026-05-13,3
80MSFC21F0242,CONT_AWD_80MSFC21F0242_8000_80MSFC20D0004_8000,contract,C,THE JOHNS HOPKINS UNIVERSITY APPLIED PHYSICS LABORATORY LLC,"THE PAYLOADS AND RESEARCH INVESTIGATIONS ON THE SURFACE OF THE MOON (PRISM) TASK ORDER UNDER AEROSPACE RESEARCH, DEVELOPMENT AND ENGINEERING SUPPORT (ARDES) II 80MSFC20D0004.",11100 JOHNS HOPKINS RD,,LAUREL,MD,20723,03,LAUREL,MD,20723,03,35970693.00,37767543.00,2024-07-31,2027-09-30,2027-06-30,92,2026-06-24,19
80MSFC21F0072,CONT_AWD_80MSFC21F0072_8000_80GRC021D0002_8000,contract,C,"CEPEDA SYSTEMS & SOFTWARE ANALYSIS, INC.",SUPPORT FOR SOFTWARE IMPROVEMENT INITIATIVE AND THE SOFTWARE ENGINEERING RESOURCES AT MSFC,"2225 DRAKE AVENUE SW, SUITE 8",,HUNTSVILLE,AL,35805,05,HUNTSVILLE,AL,35812,05,1838723.00,1838723.00,2021-12-16,2025-12-31,2025-09-30,92,2025-09-30,36
80JSC021DA006,CONT_IDV_80JSC021DA006_8000,idv,IDV_B_B,AMERICAN SYSTEMS CORPORATION,"SPECIALIZED ENGINEERING, AERONAUTICS, AND MANUFACTURING SERVICES.",8260 GREENSBORO DR STE 600,,MCLEAN,VA,22102,11,,,,,0.00,9500000.00,2026-06-30,2026-09-30,2026-06-30,92,2025-12-17,10
80NSSC24K1459,ASST_NON_80NSSC24K1459_080,grant,04,UNIVERSITY OF WASHINGTON,24-TWSC24-0042 DESIGNING LIFE DETECTION MISSIONS: TRAINING THROUGH SIMULATED DATA AND INTERPRETATION,4333 BROOKLYN AVE NE,,SEATTLE,WA,98195,07,SEATTLE,WA,98195,07,49960.09,,2025-10-31,2025-10-31,2025-07-31,92,2025-05-20,4
80NSSC24K1907,ASST_NON_80NSSC24K1907_080,grant,04,RESEARCH FOUNDATION OF THE CITY UNIVERSITY OF NEW YORK,REMOTE SENSING OF FLOOD RISK AND WATER QUALITY AND IMPLICATIONS FOR ENVIRONMENTAL JUSTICE IN A VULNERABLE URBAN COASTAL SYSTEM,160 CONVENT AVE,,NEW YORK,NY,10031,13,NEW YORK,NY,10031,13,95900.00,,2026-12-31,2026-12-31,2026-09-30,92,2025-07-31,3
80AFRC21F0063,CONT_AWD_80AFRC21F0063_8000_80AFRC18D0012_8000,contract,C,"BLUE ORIGIN TEXAS, LLC",INTEGRATION AND FLIGHT OF LUNAR GRAVITATIONAL ACCELERATION PAYLOADS,35961 STATE HWY 54,,VAN HORN,TX,79855,23,VAN HORN,TX,79855,23,3803787.00,3803787.00,2023-02-28,2025-09-30,2025-06-30,92,2025-06-10,13
80HQTR24FA032,CONT_AWD_80HQTR24FA032_8000_80NSSC24AA016_8000,contract,A,"SEVENTH SENSE, LLC","THE CONTRACTOR SHALL PROVIDE SERVICES TO THE NASA OFFICE OF SMALL BUSINESS PROGRAMS OSBP AT NASAS KENNEDY SPACE CENTER KSC IN CAPE CANAVERAL, FL.",14626 CROSSFIELD WAY,,WOODBRIDGE,VA,22191,07,ORLANDO,FL,32899,08,223959.47,223959.47,2024-09-30,2025-12-31,2025-09-30,92,2025-06-12,8
80GSFC26F7030,CONT_AWD_80GSFC26F7030_8000_80HQTR20A0002_8000,contract,A,WASHINGTON METROPOLITAN AREA TRANSIT AUTHORITY,WASHINGTON METROPOLITAN AREA TRANSIT AUTHORITY (WMATA) SMARTBENEFITS FOR FEDERAL EMPLOYEES,600 5TH ST NW,,WASHINGTON,DC,20001,98,WASHINGTON,DC,20001,98,0.01,0.01,2026-09-30,2026-09-30,2026-06-30,92,2026-06-10,2
80ARC024F0055,CONT_AWD_80ARC024F0055_8000_80GSFC19D0011_8000,contract,C,THE AEROSPACE CORPORATION,"THE CONTRACTOR SHALL PROVIDE SPECIALIZED ENG SERVICES TO INCLUDE TRADE STUDIES, DESIGN, AND SYSTEMS ENG SUPPORT FOR THE SPINSAT SPACECRAFT TO MATURE THE DEVELOPMENT OF THIS EXPERIMENTAL PLATFORM TOWARDS A POINT DESIGN LEVEL OF MATURITY.",2310 EAST EL SEGUNDO BLVD,,EL SEGUNDO,CA,90245,36,EL SEGUNDO,CA,90245,36,599275.42,599275.42,2025-02-21,2025-09-30,2025-06-30,92,2025-04-04,5
80GRC024F0038,CONT_AWD_80GRC024F0038_8000_80GRC020D0016_8000,contract,C,WICHITA STATE UNIVERSITY,SINGLE LAP SHEAR (SLS) TESTS SHALL BE PERFORMED ON MATERIALS WHICH WERE RESISTANCE WELDED IN-HOUSE AT NASA. PHOTOMICROGRAPHS AND DSC MEASUREMENTS SHALL ALSO BE MADE.,1845 FAIRMOUNT ST,,WICHITA,KS,67260,04,WICHITA,KS,67260,04,0.00,0.00,2024-10-30,2025-07-31,2025-04-30,92,2025-05-27,4
80NSSC21M0180,ASST_NON_80NSSC21M0180_080,grant,05,CATHOLIC UNIVERSITY OF AMERICA (THE),WE PROPOSE TO SUPPORT THE SCIENTIFIC AND TECHNICAL PROGRAM OF NASA GODDARD SPACE FLIGHT CENTER S HELIOPHYSICS SCIENCE DIVISION (HSD) THROUGH A SIX-MEMBER PARTNERSHIP THAT BUILDS ON CURRENT COLLABORATIONS AND EXTENSIVE LOCAL EXPERIENCE IN ALL THE CORE,620 MICHIGAN AVE NE,,WASHINGTON,DC,20064,98,WASHINGTON,DC,20064,98,96343236.62,,2026-06-30,2027-06-30,2027-03-31,91,2026-07-14,51
80NSSC22K1175,ASST_NON_80NSSC22K1175_080,grant,04,THE REGENTS OF THE UNIVERSITY OF COLORADO,21-NSTGRO22-0032 TOUCHLESS CHARGE SENSING OF NEIGHBORING SPACECRAFT IN CISLUNAR SPACE,3100 MARINE ST STE 481 572 UCB,,BOULDER,CO,80309,02,BOULDER,CO,80309,02,260268.00,,2026-08-14,2026-08-14,2026-05-15,91,2026-05-13,5
80NSSC24AA014,CONT_IDV_80NSSC24AA014_8000,idv,IDV_E,"RIOS PARTNERS, LLC",THIS BLANKET PURCHASE AGREEMENT (BPA) IS FOR NASA CHANGE MANAGEMENT SUPPORT SERVICES,3100 CLARENDON BLVD STE 200,,ARLINGTON,VA,22201,08,,,,,0.00,15000000.00,2029-07-15,2029-07-15,2029-04-15,91,2025-06-09,5
80GRC023CA027,CONT_AWD_80GRC023CA027_8000_-NONE-_-NONE-,contract,D,GENERAL ELECTRIC COMPANY,"UHT STUDY II - IF MORE INFORMATION IS NEEDED, PLEASE CONTACT THE CO DIRECTLY.",1 NEUMANN WAY,,CINCINNATI,OH,45215,01,CINCINNATI,OH,45215,01,986549.79,986549.79,2024-09-05,2025-06-30,2025-03-31,91,2025-04-14,8
80NSSC21C0512,CONT_AWD_80NSSC21C0512_8000_-NONE-_-NONE-,contract,D,ALPHACORE INC,20 GSPS ADC FOR SPECTROMETER BACKENDS IN MICROWAVE RADIOMETERS,304 S ROCKFORD DR,,TEMPE,AZ,85281,04,TEMPE,AZ,85288,04,759993.00,759993.00,2023-07-26,2026-05-30,2026-02-28,91,2025-12-03,8
