Award ID,source_type,recipient,value,savings,status,source_url,description,agency,claim_date
80JSC024FA083,Contract,BOOZ ALLEN HAMILTON INC,-1384035.00,,Terminate-for-convenience action P00002 on 2025-01-24; Termination-language transaction P00002 on 2025-01-24; End date truncated 221 days by mod P00002 on 2025-01-24,https://www.usaspending.gov/award/CONT_AWD_80JSC024FA083_8000_80JSC023AA001_8000/,TERMINATION FOR CONVENIENCE AGREEMENT - SPEACII - TASK ORDER 84 - NASA ODEO DEIA DATA ANALYTICS AND ASSESSMENT,NASA,
80JSC024FA135,Contract,BOOZ ALLEN HAMILTON INC,0.00,,Terminate-for-convenience action P00002 on 2025-01-27; Termination-language transaction P00002 on 2025-01-27,https://www.usaspending.gov/award/CONT_AWD_80JSC024FA135_8000_80JSC023AA001_8000/,STOP WORK NOTICE ISSUED WITH NOTIFICATION OF INTENT TO TERMINATE FOR CONVENIENCE TERMINATED IAW EO 14151-STRATEGIC PROFESSIONAL ENGINEERING ASSESSMENT CONTRACT II (SPEAC II),NASA,
80NSSC24PA590,Contract,"ELI GROUP, LLC",0.00,,Terminate-for-convenience action P00001 on 2025-01-31; Termination-language transaction P00001 on 2025-01-31,https://www.usaspending.gov/award/CONT_AWD_80NSSC24PA590_8000_-NONE-_-NONE-/,STOP WORK NOTICE ISSUED WITH NOTIFICATION OF INTENT TO TERMINATE FOR CONVENIENCE - 2024 LEADERSHIP LAB FOR WOMEN,NASA,
80NSSC24PA723,Contract,"POLITICO, LLC",0.00,,Terminate-for-convenience action P00001 on 2025-02-18; Termination-language transaction P00001 on 2025-02-18,https://www.usaspending.gov/award/CONT_AWD_80NSSC24PA723_8000_-NONE-_-NONE-/,TERMINATION FOR CONVENIENCE AGREEMENT - RENEWAL FOR POLITICO PRO SERVICE FOR OLIA,NASA,
80NSSC24PA609,Contract,"POLITICO, LLC",0.00,,Terminate-for-convenience action P00001 on 2025-02-18; Termination-language transaction P00001 on 2025-02-18,https://www.usaspending.gov/award/CONT_AWD_80NSSC24PA609_8000_-NONE-_-NONE-/,TERMINATION FOR CONVENIENCE AGREEMENT - POLITICO PRO AGREEMENT FOR OCFO,NASA,
80NSSC24PC331,Contract,"ELI GROUP, LLC",0.00,,Terminate-for-convenience action P00001 on 2025-02-19; Termination-language transaction P00001 on 2025-02-19,https://www.usaspending.gov/award/CONT_AWD_80NSSC24PC331_8000_-NONE-_-NONE-/,TERMINATION FOR CONVENIENCE AGREEMENT - EXECUTIVE LEADERSHIP IMPACT,NASA,
80NSSC23FA279,Contract,CREATIVE SOLUTIONS INTERNATIONAL COPORATION,-6154.45,,Terminate-for-convenience action P00003 on 2025-02-20; Termination-language transaction P00003 on 2025-02-20; End date truncated 222 days by mod P00003 on 2025-02-20,https://www.usaspending.gov/award/CONT_AWD_80NSSC23FA279_8000_GS10F0331M_4730/,TERMINATION FOR CONVENIENCE AGREEMENT - CREATIVE SOLUTIONS CONSULTING SERVICES (DEBORAH KLOTZ) IN SUPPORT OF THE OCIO TRANSFORMATION PROJECT.,NASA,
80TECH25PA010,Contract,BRUKER SCIENTIFIC LLC,-368683.92,,Terminate-for-convenience action P00001 on 2025-02-26,https://www.usaspending.gov/award/CONT_AWD_80TECH25PA010_8000_-NONE-_-NONE-/,VERTEX 80V SPECTROMETER,NASA,
80HQTR23FA044,Contract,"CHENEGA GLOBAL PROTECTION, LLC",-136103.40,,Terminate-for-convenience action P00005 on 2025-02-27; Termination-language transaction P00005 on 2025-02-27; End date truncated 365 days by mod P00005 on 2025-02-27,https://www.usaspending.gov/award/CONT_AWD_80HQTR23FA044_8000_80GSFC23DA004_8000/,TERMINATION FOR CONVENIENCE AGREEMENT- EARTH INFORMATION CENTER (EIC) SUPPORT FOR NASA OFFICE OF PROTECTIVE SERVICES,NASA,
80NSSC23PB368,Contract,PACIFIC RESEARCH & EVALUATION LLC,0.00,,Terminate-for-convenience action P00001 on 2025-03-06; Termination-language transaction P00001 on 2025-03-06,https://www.usaspending.gov/award/CONT_AWD_80NSSC23PB368_8000_-NONE-_-NONE-/,TERMINATION FOR CONVENIENCE AGREEMENT -- AUDIENCE EVALUATION OF ENGAGEMENT CONTENT AND MATERIALS,NASA,
80NSSC24PB679,Contract,"GARTNER, INC.",0.00,,Terminate-for-convenience action P00001 on 2025-03-06; Termination-language transaction P00001 on 2025-03-06; Termination-language transaction P00002 on 2025-04-30,https://www.usaspending.gov/award/CONT_AWD_80NSSC24PB679_8000_-NONE-_-NONE-/,"TERMINATION FOR CONVENIENCE AGREEMENT --NASA HUMAN CAPITAL AND LEARNING & DEVELOPMENT ADVISORY, RESEARCH AND BENCHMARKING SERVICES.",NASA,
80NSSC24PC049,Contract,SOCIETY OF WOMEN ENGINEERS,0.00,,Terminate-for-convenience action P00002 on 2025-03-06; Termination-language transaction P00002 on 2025-03-06,https://www.usaspending.gov/award/CONT_AWD_80NSSC24PC049_8000_-NONE-_-NONE-/,TERMINATION FOR CONVENIENCE AGREEMENT - SOCIETY OF WOMEN ENGINEERS (SWE) CORPORATE PARTNERSHIP COUNCIL AND PARTICIPATION IN ASSOCIATED RECRUITING EVENTS,NASA,
80NSSC25FA034,Contract,"TECHPRIDE, INC.",-174236.00,,Terminate-for-convenience action P00002 on 2025-03-10; Termination-language transaction P00002 on 2025-03-10; End date truncated 225 days by mod P00002 on 2025-03-10,https://www.usaspending.gov/award/CONT_AWD_80NSSC25FA034_8000_47QRAA19D006N_4732/,"TERMINATION FOR CONVENIENCE AGREEMENT - CONSULTING SERVICES TO FACILITATE PROGRAM ALIGNMENT TO LONG-TERM STRATEGIC VISION, ORGANIZATIONAL DEVELOPMENT, AND SKILL BUILDING",NASA,
80HQTR21AA001,Contract,AIRBUS DS GEO INC.,0.00,,Terminate-for-convenience action P00004 on 2025-03-11,https://www.usaspending.gov/award/CONT_IDV_80HQTR21AA001_8000/,CANCELLATION - NO LONGER REQUIRED COMMERCIAL SMALLSAT DATA ACQUISITION PROGRAM (CSDAP)THE CONTRACTOR SHALL BE RESPONSIBLE FOR DELIVERY OF A COMPREHENSIVE CATALOGUE OF THE SYNTHETIC APERTURE RADAR (SAR) EARTH OBSERVATION DATA PRODUCTS.,NASA,
80HQTR23AA002,Contract,CAPELLA SPACE CORPORATION,0.00,,Legal-contract-cancellation action P00005 on 2025-03-11; Termination-language transaction P00005 on 2025-03-11,https://www.usaspending.gov/award/CONT_IDV_80HQTR23AA002_8000/,LEGAL CONTRACT CANCELLATION - NO LONGER REQUIRED COMMERCIAL SMALLEST DATA ACQUISITION (CSDA) PROGRAM - EARTH SCIENCES DIVISION,NASA,
80HQTR23AA003,Contract,"ICEYE US, INC",0.00,,Legal-contract-cancellation action P00003 on 2025-03-11; Termination-language transaction P00003 on 2025-03-11,https://www.usaspending.gov/award/CONT_IDV_80HQTR23AA003_8000/,LEGAL CONTRACT CANCELLATION - NO LONGER REQUIRED COMMERCIAL SMALLSAT DATA ACQUISITION (CSDA) PROGRAM - EARTH SCIENCES DIVISION,NASA,
80HQTR22AA009,Contract,GHGSAT INCORPORATED,0.00,,Terminate-for-convenience action P00003 on 2025-03-11,https://www.usaspending.gov/award/CONT_IDV_80HQTR22AA009_8000/,CANCELLATION - NO LONGER REQUIRED COMMERCIAL SMALLSAT DATA ACQUISITION (CSDA) PROGRAM - EARTH SCIENCES DIVISION,NASA,
80HQTR23AA001,Contract,"GEOOPTICS, INC.",0.00,,Legal-contract-cancellation action P00006 on 2025-03-11; Termination-language transaction P00006 on 2025-03-11,https://www.usaspending.gov/award/CONT_IDV_80HQTR23AA001_8000/,LEGAL CONTRACT CANCELLATION - NO LONGER REQUIRED COMMERCIAL SMALLSAT DATA ACQUISITION (CSDA) PROGRAM - EARTH SCIENCES DIVISION,NASA,
80NSSC24PC394,Contract,PARTNERSHIP FOR PUBLIC SERVICE INC,0.00,,Terminate-for-convenience action P00001 on 2025-03-11; Termination-language transaction P00001 on 2025-03-11,https://www.usaspending.gov/award/CONT_AWD_80NSSC24PC394_8000_-NONE-_-NONE-/,TERMINATION FOR CONVENIENCE AGREEMENT - PARTNERSHIP FOR PUBLIC SERVICE. MEMBERSHIP IN THE FEDERAL HUMAN CAPITAL COLLABORATIVE,NASA,
80HQTR21AA002,Contract,"BLACKSKY GEOSPATIAL SOLUTIONS, LLC",0.00,,Legal-contract-cancellation action P00005 on 2025-03-11; Termination-language transaction P00005 on 2025-03-11,https://www.usaspending.gov/award/CONT_IDV_80HQTR21AA002_8000/,LEGAL CONTRACT CANCELLATION - NO LONGER REQUIRED COMMERCIAL SMALLSAT DATA ACQUISITION PROGRAM (CSDAP) EARTH SCIENCES DIVISION,NASA,
80NSSC24AA015,Contract,BOOZ ALLEN HAMILTON INC,0.00,,Terminate-for-convenience action P00004 on 2025-03-13; Termination-language transaction P00004 on 2025-03-13,https://www.usaspending.gov/award/CONT_IDV_80NSSC24AA015_8000/,TERMINATION FOR CONVENIENCE AGREEMENT - CHANGE MANAGEMENT SUPPORT SERVICE BPSS FOR NASA ADMINISTRATIVE SUITE.,NASA,
80NSSC24AA013,Contract,"MCKINSEY & COMPANY, INC. WASHINGTON D.C.",0.00,,Terminate-for-convenience action P00004 on 2025-03-13; Termination-language transaction P00004 on 2025-03-13,https://www.usaspending.gov/award/CONT_IDV_80NSSC24AA013_8000/,TERMINATION FOR CONVENIENCE AGREEMENT - CHANGE MANAGEMENT SUPPORT SERVICE BPA'S FOR NASA ADMINISTRATIVE SUITE.,NASA,
80NSSC24AA011,Contract,DELOITTE CONSULTING LLP,0.00,,Terminate-for-convenience action P00004 on 2025-03-13; Termination-language transaction P00004 on 2025-03-13,https://www.usaspending.gov/award/CONT_IDV_80NSSC24AA011_8000/,TERMINATION FOR CONVENIENCE AGREEMENT - CHANGE MANAGEMENT SUPPORT SERVICE BPAS FOR NASA ADMINISTRATIVE SUITE.,NASA,
80NSSC24AA012,Contract,GUIDEHOUSE INC.,0.00,,Terminate-for-convenience action P00004 on 2025-03-13; Termination-language transaction P00004 on 2025-03-13,https://www.usaspending.gov/award/CONT_IDV_80NSSC24AA012_8000/,TERMINATION FOR CONVENIENCE AGREEMENT - CHANGE MANAGEMENT SUPPORT SERVICE BPAS FOR NASA ADMINISTRATIVE SUITE.,NASA,
80NSSC24PA710,Contract,"EMP CONSULTANTS, LLC",0.00,,Terminate-for-convenience action P00001 on 2025-03-17; Termination-language transaction P00001 on 2025-03-17,https://www.usaspending.gov/award/CONT_AWD_80NSSC24PA710_8000_-NONE-_-NONE-/,TERMINATION FOR CONVENIENCE AGREEMENT - NOVICE LICENSE RENEWAL,NASA,
80NSSC24PA923,Contract,KEYSIGHT TECHNOLOGIES INC,0.00,,Terminate-for-convenience action P00001 on 2025-03-17; Termination-language transaction P00001 on 2025-03-17,https://www.usaspending.gov/award/CONT_AWD_80NSSC24PA923_8000_-NONE-_-NONE-/,TERMINATION FOR CONVENIENCE AGREEMENT - RENEW SOFTWARE LICENSE FOR ADS,NASA,
80NSSC23AA019,Contract,JONES AND COMPANY PROFESSIONAL CORPORATION,0.00,,Terminate-for-convenience action P00001 on 2025-03-18; Termination-language transaction P00001 on 2025-03-18,https://www.usaspending.gov/award/CONT_IDV_80NSSC23AA019_8000/,TERMINATION FOR CONVENIENCE AGREEMENT - AUDIT SERVICES,NASA,
80NSSC24PA753,Contract,KEYSIGHT TECHNOLOGIES INC,0.00,,Terminate-for-convenience action P00001 on 2025-03-19; Termination-language transaction P00001 on 2025-03-19,https://www.usaspending.gov/award/CONT_AWD_80NSSC24PA753_8000_-NONE-_-NONE-/,TERMINATION FOR CONVENIENCE AGREEMENT ---- LICENSE MAINTENANCE FOR GENESYS,NASA,
80ARC023CA004,Contract,THE TRUSTEES OF COLUMBIA UNIVERSITY IN THE CITY OF NEW YORK,0.00,,Terminate-for-convenience action P00004 on 2025-03-21; Termination-language transaction P00002 on 2025-03-21; Termination-language transaction P00004 on 2025-03-21,https://www.usaspending.gov/award/CONT_AWD_80ARC023CA004_8000_-NONE-_-NONE-/,TERMINATION FOR CONVENIENCE - CONTRACT TO EXTEND LONGEVITY OF 3D TISSUES AND MICROPHYSIOLOGICAL SYSTEMS FOR MODELING OF ACUTE AND CHRONIC EXPOSURES TO STRESSORS IN SUPPORT OF HQ/SMD.,NASA,
80KSC021A0007,Contract,"THE PERFORMANCE KNOWLEDGE GROUP, LLC",0.00,,Terminate-for-convenience action P00006 on 2025-03-21; Termination-language transaction P00006 on 2025-03-21,https://www.usaspending.gov/award/CONT_IDV_80KSC021A0007_8000/,TERMINATE FOR CONVENIENCE AGREEMENT - STRATEGIC MANAGEMENT SUPPORT SERVICES FOR MULTIPLE CUSTOMERS.,NASA,
80NSSC22PB703,Contract,HO-CHUNK SHARED SERVICES COMPANY,0.00,,Terminate-for-convenience action P00003 on 2025-03-24; Termination-language transaction P00003 on 2025-03-24,https://www.usaspending.gov/award/CONT_AWD_80NSSC22PB703_8000_-NONE-_-NONE-/,STOP WORK NOTICE ISSUED WITH NOTIFICATION OF INTENT TO TERMIATE FOR CONVEINCE - GSFC STRATEGIC ASSESSMENT SUPPORT (GSAS),NASA,
80NSSC24PC269,Contract,KPMG LLP,-24000.00,,Terminate-for-convenience action P00001 on 2025-03-24; Termination-language transaction P00001 on 2025-03-24; Termination-language transaction P00002 on 2025-06-10,https://www.usaspending.gov/award/CONT_AWD_80NSSC24PC269_8000_-NONE-_-NONE-/,STOP WORK NOTICE ISSUED WITH NOTIFICATION OF INTENT TO TERMINATE FOR CONVENIENCE - KPMG ASPIRE IMMERSION,NASA,
80NSSC24FA979,Contract,"BRYCE SPACE AND TECHNOLOGY, LLC",-124874.86,,Terminate-for-convenience action P00003 on 2025-03-27; Termination-language transaction P00003 on 2025-03-27; Termination-language transaction P00004 on 2025-09-12,https://www.usaspending.gov/award/CONT_AWD_80NSSC24FA979_8000_80NSSC24AA010_8000/,"TERMINATION FOR CONVENIENCE AGREEMENT - CHANGE MANAGEMENT SUPPORT SERVICE BPA CALL FOR OFFICE OF TECHNOLOGY, POLICY, AND STRATEGY INDEPENDENT DIAGNOSTIC AND STRATEGIC ADVISORY SUPPORT (OTPS-IDSAS).",NASA,
80NSSC24PA210,Contract,UNIBAP SPACE SOLUTIONS AB (PUBL),-70000.00,,Terminate-for-convenience action P00002 on 2025-03-28; Termination-language transaction P00002 on 2025-03-28; End date truncated 246 days by mod P00002 on 2025-03-28,https://www.usaspending.gov/award/CONT_AWD_80NSSC24PA210_8000_-NONE-_-NONE-/,STOP WORK NOTICE ISSUED WITH NOTIFICATION OF INTENT TO TERMINATE FOR CONVENIENCE - UNIBAP - OSE-SAT IN-SPACE AUTONOMY TESTBED,NASA,
80HQTR22AA003,Contract,RMA ASSOCIATES LLC,0.00,,Legal-contract-cancellation action P00005 on 2025-04-03; Termination-language transaction P00005 on 2025-04-03,https://www.usaspending.gov/award/CONT_IDV_80HQTR22AA003_8000/,LEGAL CONTRACT CANCELLATION - NASA'S ANNUAL FISMA EVALUATION SUPPORT FOR OIG DIRECTORATE,NASA,
80NSSC25PA014,Contract,SPACE EXPLORATION TECHNOLOGIES CORP,0.00,,Terminate-for-convenience action P00001 on 2025-04-08; Termination-language transaction P00001 on 2025-04-08,https://www.usaspending.gov/award/CONT_AWD_80NSSC25PA014_8000_-NONE-_-NONE-/,"TERMINATION FOR CONVENIENCE AGREEMENT - ASPIRE PUBLIC-PRIVATE TALENT PROGRAM, SPACEX IMMERSION",NASA,
80NSSC24PC363,Contract,QUALCOMM TECHNOLOGIES INC,-6000.00,,Terminate-for-convenience action P00002 on 2025-04-08; Termination-language transaction P00002 on 2025-04-08,https://www.usaspending.gov/award/CONT_AWD_80NSSC24PC363_8000_-NONE-_-NONE-/,TERMINATE FOR CONVENIENCE AGREEMENT - QUALCOMM 5G LEARNING - FOUR SUBSCRIPTIONS,NASA,
80NSSC25PA641,Contract,"MESSE DUSSELDORF NORTH AMERICA, INC.",-15200.00,,Terminate-for-convenience action P00001 on 2025-04-08; Termination-language transaction P00001 on 2025-04-08; Termination-language transaction P00002 on 2025-06-17,https://www.usaspending.gov/award/CONT_AWD_80NSSC25PA641_8000_-NONE-_-NONE-/,TERMINATION FOR CONVENIENCE AGREEMENT - BOOTH SPACE FOR NASA AT AUVSI 2025,NASA,
80KSC020D0016,Contract,"AECOM TECHNICAL SERVICES, INC.",0.00,,Terminate-for-convenience action P00007 on 2025-04-08; Termination-language transaction P00007 on 2025-04-08,https://www.usaspending.gov/award/CONT_IDV_80KSC020D0016_8000/,"TERMINATION FOR CONVENIENCE (COMPLETE) - PROFESSIONAL CIVIL DESIGN SERVICES AT KENNEDY SPACE CENTER (KSC), AND VARIOUS NASA LOCATIONS, ASSETS, LAUNCH OR LANDING SITES WORLDWIDE.",NASA,
80NSSC24PB139,Contract,"DATADOG, INC.",0.00,,Terminate-for-convenience action P00002 on 2025-04-08; Termination-language transaction P00002 on 2025-04-08,https://www.usaspending.gov/award/CONT_AWD_80NSSC24PB139_8000_-NONE-_-NONE-/,TERMINATION FOR CONVENIENCE AGREEMENT - DATADOG SUBSCRIPTION,NASA,
80NSSC25PA068,Contract,UNIVERSITY CORPORATION FOR ATMOSPHERIC RESEARCH,0.00,,Terminate-for-convenience action P00003 on 2025-04-08; Termination-language transaction P00003 on 2025-04-08,https://www.usaspending.gov/award/CONT_AWD_80NSSC25PA068_8000_-NONE-_-NONE-/,TERMINATION FOR CONVENIENCE AGREEMENT - OT DYNAMICAL NEUTRAL ATMOSPHERE-IONOSPHERE COUPLING-X (DYNAMIC-X),NASA,
80NSSC23PA010,Contract,BUSINESS CLASS AVIATION INC.,-38680.00,,Terminate-for-convenience action P00004 on 2025-04-08; Termination-language transaction P00004 on 2025-04-08; End date truncated 905 days by mod P00004 on 2025-04-08,https://www.usaspending.gov/award/CONT_AWD_80NSSC23PA010_8000_-NONE-_-NONE-/,TERMINATE FOR CONVENIENCE OF AGREEMENT-DC-8 AND SOFIA AIRCRAFT STORAGE AND PARTS REMOVAL,NASA,
80NSSC24PB720,Contract,R3 UNIQ INC,0.00,,Terminate-for-convenience action P00001 on 2025-04-08; Termination-language transaction P00001 on 2025-04-08,https://www.usaspending.gov/award/CONT_AWD_80NSSC24PB720_8000_-NONE-_-NONE-/,TERMINATE FOR CONVENIENCE - OMNEST NETWORK SIMULATION SOFTWARE LICENSES AND SUPPORT,NASA,
80NSSC24PB717,Contract,"COSTAR REALTY INFORMATION, INC.",0.00,,Terminate-for-convenience action P00002 on 2025-04-08,https://www.usaspending.gov/award/CONT_AWD_80NSSC24PB717_8000_-NONE-_-NONE-/,TERMINATION FOR CONNIVENCE AGREEMENT - COSTAR,NASA,
80KSC020D0018,Contract,"JONES, EDMUNDS & ASSOCIATES, INC.",0.00,,Terminate-for-convenience action P00009 on 2025-04-08; Termination-language transaction P00009 on 2025-04-08,https://www.usaspending.gov/award/CONT_IDV_80KSC020D0018_8000/,"TERMINATION FOR CONVENIENCE (COMPLETE) - PROFESSIONAL CIVIL DESIGN SERVICES AT KENNEDY SPACE CENTER (KSC), AND VARIOUS NASA LOCATIONS, ASSETS, LAUNCH OR LANDING SITES WORLDWIDE.",NASA,
80NSSC20P1795,Contract,HOWARD WERSHBALE & CO,0.00,,Terminate-for-convenience action P00008 on 2025-04-08; Termination-language transaction P00008 on 2025-04-08,https://www.usaspending.gov/award/CONT_AWD_80NSSC20P1795_8000_-NONE-_-NONE-/,TERMINATION FOR CONVENIENCE AGREEMENT EXERCISE OPTION YR 4,NASA,
80NSSC24PC064,Contract,THE JANDOR GROUP LLC,0.00,,Terminate-for-convenience action P00001 on 2025-04-08; Termination-language transaction P00001 on 2025-04-08,https://www.usaspending.gov/award/CONT_AWD_80NSSC24PC064_8000_-NONE-_-NONE-/,TERMINATE FOR CONVENIENCE AGREEMENT,NASA,
80NSSC24PC475,Contract,ZUKEN USA INC,-44325.00,,Terminate-for-convenience action P00002 on 2025-04-08; Termination-language transaction P00002 on 2025-04-08,https://www.usaspending.gov/award/CONT_AWD_80NSSC24PC475_8000_-NONE-_-NONE-/,TERMINATION FOR CONVENIENCE AGREEMENT - ZUKEN DS.E3 LICENSE DATA AND CONFIGURATION MANAGEMENT POP: 10/1/24 - 9/30/25,NASA,
80GSFC24CA024,Contract,"A3L FEDERAL WORKS,LLC",0.00,,Terminate-for-convenience action P00007 on 2025-04-08; Termination-language transaction P00006 on 2025-03-14; Termination-language transaction P00007 on 2025-04-08; Termination-language transaction P00008 on 2025-05-28,https://www.usaspending.gov/award/CONT_AWD_80GSFC24CA024_8000_-NONE-_-NONE-/,"TERMINATION FOR CONVENIENCE AGREEMENT-PARTIAL- IV&V PROGRAM OFFICE OF SAFETY & MISSION ASSURANCE (OSMA)  KNOWLEDGE MANAGEMENT, EVENTS AND COMMUNICATIONS SUPPORTS (KMECS) IVV CONTRACT",NASA,
80NSSC22PA482,Contract,"DIVERSIFIED SERVICES GROUP, INC.",0.00,,Terminate-for-convenience action P00006 on 2025-04-08; Termination-language transaction P00006 on 2025-04-08,https://www.usaspending.gov/award/CONT_AWD_80NSSC22PA482_8000_-NONE-_-NONE-/,TERMINATION FOR CONVENIENCE AGREEMENT - LIVE PLANT MAINTENANCE SERVICES,NASA,
80NSSC23PB058,Contract,"FLORIDA FIRST ROBOTICS EDUCATION FOUNDATION, INC",0.00,,Terminate-for-convenience action P00002 on 2025-04-08; Termination-language transaction P00002 on 2025-04-08,https://www.usaspending.gov/award/CONT_AWD_80NSSC23PB058_8000_-NONE-_-NONE-/,TERMINATION FOR CONVENIENCE AGREEMENT - SPONSORSHIP OF THE FIRST ORLANDO REGIONAL,NASA,
80LARC25F7003,Contract,THE AEROSPACE CORPORATION,0.00,,Terminate-for-convenience action P00001 on 2025-04-15; Termination-language transaction P00001 on 2025-04-15; Termination-language transaction P00002 on 2026-03-17,https://www.usaspending.gov/award/CONT_AWD_80LARC25F7003_8000_80GSFC19D0011_8000/,TERMINATION FOR CONVENIENCE AGREEMENT- NASA ENGINEERING AND SAFETY CENTER'S (NESC) ENVIRONMENTAL CONTROL AND LIFE SUPPORT (ECLSS) TECHNICAL DISCIPLINE TEAM (TDT).,NASA,
80GRC022AA006,Contract,"AXIAL GLOBAL, LLC.",0.00,,Terminate-for-convenience action P00002 on 2025-04-15; Termination-language transaction P00001 on 2025-04-08; Termination-language transaction P00002 on 2025-04-15,https://www.usaspending.gov/award/CONT_IDV_80GRC022AA006_8000/,"TERMINATION FOR CONVENIENCE - NASA GLENN RESEARCH CENTER BLANKET PURCHASE AGREEMENT. EACH ORDER MAY INCLUDE, BUT IS NOT LIMITED TO, MACHINING, FABRICATION, WELDING/METAL JOINING, INSTRUMENTATION, INSPECTION AND NON-DESTRUCTIVE TESTING (NDT).",NASA,
80GRC022AA021,Contract,"UNIPAK AVIATION, LLC",0.00,,Terminate-for-convenience action P00003 on 2025-04-15; Termination-language transaction P00002 on 2025-04-08; Termination-language transaction P00003 on 2025-04-15,https://www.usaspending.gov/award/CONT_IDV_80GRC022AA021_8000/,"TERMINATION FOR CONVENIENCE - NASA GLENN RESEARCH CENTER BLANKET PURCHASE AGREEMENT. EACH ORDER MAY INCLUDE, BUT IS NOT LIMITED TO, MACHINING, FABRICATION, WELDING/METAL JOINING, INSTRUMENTATION, INSPECTION AND NON-DESTRUCTIVE TESTING (NDT).",NASA,
80GRC022AA014,Contract,KCS PROTOTYPE AND DESIGN LLC,0.00,,Terminate-for-convenience action P00003 on 2025-04-15; Termination-language transaction P00002 on 2025-04-08; Termination-language transaction P00003 on 2025-04-15,https://www.usaspending.gov/award/CONT_IDV_80GRC022AA014_8000/,"TERMINATION FOR CONVENIENCE - NASA GLENN RESEARCH CENTER BLANKET PURCHASE AGREEMENT. EACH ORDER MAY INCLUDE, BUT IS NOT LIMITED TO, MACHINING, FABRICATION, WELDING/METAL JOINING, INSTRUMENTATION, INSPECTION AND NON-DESTRUCTIVE TESTING (NDT).",NASA,
80GRC022AA023,Contract,NORTH WIND SYSTEMS LLC,0.00,,Terminate-for-convenience action P00002 on 2025-04-15; Termination-language transaction P00001 on 2025-04-08; Termination-language transaction P00002 on 2025-04-15,https://www.usaspending.gov/award/CONT_IDV_80GRC022AA023_8000/,"TERMINATION FOR CONVENIENCE - NASA GLENN RESEARCH CENTER BLANKET PURCHASE AGREEMENT. EACH ORDER MAY INCLUDE, BUT IS NOT LIMITED TO, MACHINING, FABRICATION, WELDING/METAL JOINING, INSTRUMENTATION, INSPECTION AND NON-DESTRUCTIVE TESTING (NDT).",NASA,
80GRC022AA005,Contract,"APPLIED FAB & MACHINING, INC.",0.00,,Terminate-for-convenience action P00002 on 2025-04-15; Termination-language transaction P00001 on 2025-04-08; Termination-language transaction P00002 on 2025-04-15,https://www.usaspending.gov/award/CONT_IDV_80GRC022AA005_8000/,"TERMINATION FOR CONVENIENCE - NASA GLENN RESEARCH CENTER BLANKET PURCHASE AGREEMENT. EACH ORDER MAY INCLUDE, BUT IS NOT LIMITED TO, MACHINING, FABRICATION, WELDING/METAL JOINING, INSTRUMENTATION, INSPECTION AND NON-DESTRUCTIVE TESTING (NDT)",NASA,
80GRC022AA017,Contract,"MSP AVIATION, INC.",0.00,,Terminate-for-convenience action P00003 on 2025-04-15; Termination-language transaction P00002 on 2025-04-08; Termination-language transaction P00003 on 2025-04-15,https://www.usaspending.gov/award/CONT_IDV_80GRC022AA017_8000/,"TERMINATION FOR CONVENIENCE - NASA GLENN RESEARCH CENTER BLANKET PURCHASE AGREEMENT. EACH ORDER MAY INCLUDE, BUT IS NOT LIMITED TO, MACHINING, FABRICATION, WELDING/METAL JOINING, INSTRUMENTATION, INSPECTION AND NON-DESTRUCTIVE TESTING (NDT).",NASA,
80GRC022AA024,Contract,"KESSINGTON, LLC",0.00,,Terminate-for-convenience action P00002 on 2025-04-15; Termination-language transaction P00001 on 2025-04-08; Termination-language transaction P00002 on 2025-04-15,https://www.usaspending.gov/award/CONT_IDV_80GRC022AA024_8000/,"TERMINATION FOR CONVENIENCE - NASA GLENN RESEARCH CENTER BLANKET PURCHASE AGREEMENT. EACH ORDER MAY INCLUDE, BUT IS NOT LIMITED TO, MACHINING, FABRICATION, WELDING/METAL JOINING, INSTRUMENTATION, INSPECTION AND NON-DESTRUCTIVE TESTING (NDT).",NASA,
80LARC24F0039,Contract,THE AEROSPACE CORPORATION,0.00,,Terminate-for-convenience action P00001 on 2025-04-15; Termination-language transaction P00001 on 2025-04-15; Termination-language transaction P00002 on 2026-03-17,https://www.usaspending.gov/award/CONT_AWD_80LARC24F0039_8000_80GSFC19D0011_8000/,TERMINATION FOR CONVENIENCE AGREEMENT - NASA ENGINEERING AND SAFETY CENTER'S (NESC) TEAM TO GUISE FUTURE HUMAN-RATED SPACECRAFT PROVIDERS ON DESIGNING AND VERIFYING A SPACECRAFT FIRE SYSTEM.,NASA,
80GRC022AA018,Contract,"PRECISION FABRICATING & CLEANING COMPANY, INC.",0.00,,Terminate-for-convenience action P00003 on 2025-04-15; Termination-language transaction P00002 on 2025-04-08; Termination-language transaction P00003 on 2025-04-15,https://www.usaspending.gov/award/CONT_IDV_80GRC022AA018_8000/,"TERMINATION FOR CONVENIENCE - NASA GLENN RESEARCH CENTER BLANKET PURCHASE AGREEMENT. EACH ORDER MAY INCLUDE, BUT IS NOT LIMITED TO, MACHINING, FABRICATION, WELDING/METAL JOINING, INSTRUMENTATION, INSPECTION AND NON-DESTRUCTIVE TESTING (NDT).",NASA,
80NSSC25FA078,Contract,COLOSSAL CONTRACTING LLC,0.00,,Terminate-for-convenience action P00001 on 2025-04-16; Termination-language transaction P00001 on 2025-04-16,https://www.usaspending.gov/award/CONT_AWD_80NSSC25FA078_8000_NNG15SD72B_8000/,TERMINATION FOR CONVENIENCE AGREEMENT PRISMA CLOUD RENEWAL,NASA,
80NSSC24PB891,Contract,"CAREER COMMUNICATIONS GROUP, INC.",0.00,,Terminate-for-convenience action P00003 on 2025-04-16; Termination-language transaction P00003 on 2025-04-16,https://www.usaspending.gov/award/CONT_AWD_80NSSC24PB891_8000_-NONE-_-NONE-/,TERMINATION FOR CONVENIENCE: WOMEN OF COLOR IN STEM SILVER PARTNERSHIP AND PARTICIPATION IN THEIR NATIONAL CONVENTION,NASA,
80NSSC24PA660,Contract,"LMI CONSULTING, LLC",0.00,,Terminate-for-convenience action P00002 on 2025-04-16; Termination-language transaction P00002 on 2025-04-16,https://www.usaspending.gov/award/CONT_AWD_80NSSC24PA660_8000_-NONE-_-NONE-/,TERMINATE FOR CONVENIENCE: BRIDGE PROGRAM RETREAT,NASA,
80NSSC24FA558,Contract,"THREE WIRE SYSTEMS, LLC",0.00,,Terminate-for-convenience action P00001 on 2025-04-16; Termination-language transaction P00001 on 2025-04-16,https://www.usaspending.gov/award/CONT_AWD_80NSSC24FA558_8000_NNG15SD25B_8000/,TERMINATION FOR CONVENIENCE AGREEMENT TOR- ONE SOFTWARE RENEWAL,NASA,
80NSSC23F0002,Contract,"FOUR POINTS TECHNOLOGY, L.L.C.",0.00,,Terminate-for-convenience action P00001 on 2025-04-21; Termination-language transaction P00001 on 2025-04-21,https://www.usaspending.gov/award/CONT_AWD_80NSSC23F0002_8000_NNG15SD22B_8000/,TERMINATE FOR CONVENIENCE AGREEMENT SECURID AUTHENTICATOR TOKENS,NASA,
80NSSC23FA528,Contract,IBEX IT BUSINESS EXPERTS LLC,-136672.81,,Terminate-for-convenience action P00007 on 2025-04-23; Termination-language transaction P00007 on 2025-04-23; End date truncated 334 days by mod P00007 on 2025-04-23,https://www.usaspending.gov/award/CONT_AWD_80NSSC23FA528_8000_80NSSC23DA001_8000/,"STOP WORK NOTICE ISSUED WITH NOTIFICATION OF INTENT TO TERMINATE FOR CONVENIENCE - NEHCSS - IBEX IT BUSINESS EXPERTS, LLC TASK ORDER 80NSSC23FA528 ORGANIZATION DEVELOPMENT SUPPORT SERVICES",NASA,
80GSFC23CA001,Contract,THE TRUSTEES OF COLUMBIA UNIVERSITY IN THE CITY OF NEW YORK,-986502.82,,Terminate-for-convenience action P00009 on 2025-05-01; Termination-language transaction P00008 on 2025-03-18; Termination-language transaction P00009 on 2025-05-01; Termination-language transaction P00010 on 2025-05-28; Termination-language transaction P00011 on 2025-09-04; Termination-language transaction P00012 on 2026-04-15,https://www.usaspending.gov/award/CONT_AWD_80GSFC23CA001_8000_-NONE-_-NONE-/,TERMINATE FOR CONVENIENCE NOTICE ISSUED UNDER THE THE SOCIOECONOMIC DATA AND APPLICATIONS DISTRIBUTED ACTIVE ARCHIVE CENTER (SDAAC)FOR SMD DIRECTORATE.,NASA,
80NSSC25FA315,Contract,"NATIONAL QUALITY ASSURANCE - U.S.A., INC.",-28832.00,,Terminate-for-convenience action P00001 on 2025-05-05; Termination-language transaction P00001 on 2025-05-05,https://www.usaspending.gov/award/CONT_AWD_80NSSC25FA315_8000_80NSSC24AA005_8000/,TERMINATION FOR CONVENIENCE-AS9100 AUDIT AT AFRC'S NASA FACILITY,NASA,
80NSSC24AA014,Contract,"RIOS PARTNERS, LLC",0.00,,Terminate-for-convenience action P00004 on 2025-06-09; Termination-language transaction P00004 on 2025-06-09,https://www.usaspending.gov/award/CONT_IDV_80NSSC24AA014_8000/,TERMINATION FOR CONVENIENCE AGREEMENT - CHANGE MANAGEMENT SUPPORT SERVICE BPAS FOR NASA ADMINISTRATIVE SUITE.,NASA,
80GSFC22CA021,Contract,NEWTON LLC,-31752.64,,Terminate-for-convenience action P00015 on 2025-06-17; Termination-language transaction P00015 on 2025-06-17,https://www.usaspending.gov/award/CONT_AWD_80GSFC22CA021_8000_-NONE-_-NONE-/,"TERMINATION FOR CONVENIENCE AGREEMENT - CAPTURE, CONTAINMENT RETURN SYSTEM (CCRS) CAPTURE LID MECHANISM (CLM)",NASA,
80GSFC23PA006,Contract,"MALIN SPACE SCIENCE SYSTEMS, INC",0.00,,Terminate-for-convenience action P00003 on 2025-06-18; Termination-language transaction P00003 on 2025-06-18,https://www.usaspending.gov/award/CONT_AWD_80GSFC23PA006_8000_-NONE-_-NONE-/,"TERMINATION FOR CONVENIENCE AGREEMENT - MARS SAMPLE RETURN CAMPAIGN CAPTURE, CONTAINMENT, AND RETURN SAMPLE (CCRS) CAMERA",NASA,
80NM0019F0075,Contract,CALIFORNIA INSTITUTE OF TECHNOLOGY,0.00,,Terminate-for-convenience action P00007 on 2025-06-25; Termination-language transaction P00006 on 2025-03-03; Termination-language transaction P00007 on 2025-06-25; Termination-language transaction P00008 on 2026-06-01; Termination-language transaction P00009 on 2026-06-17,https://www.usaspending.gov/award/CONT_AWD_80NM0019F0075_8000_80NM0018D0004_8000/,TERMINATION FOR CONVENIENCE AGREEMENT - MARS TO MOON ENGINEERING SUPPORT FOR XYZ DIRECTORATE,NASA,
80GSFC21C0057,Contract,SCHLUMBERGER TECHNOLOGY CORPORATION,20402.80,,Terminate-for-convenience action P00013 on 2025-08-18; Termination-language transaction P00012 on 2025-04-09; Termination-language transaction P00013 on 2025-08-18,https://www.usaspending.gov/award/CONT_AWD_80GSFC21C0057_8000_-NONE-_-NONE-/,"TERMINATION FOR CONVENIENCE AGREEMENT - PULSED NEUTRON GENERATORS FOR THE NASA DRAGONFLY AND DRAGONFLY TITAN LANDER AND THE DEVELOPMENT AND ADVANCEMENT OF LUNAR INSTRUMENTATION (DALI), BULK ELEMENTAL COMPOSITION ANALYZER (BECA) INSTRUMENT.",NASA,
80GSFC23CA005,Contract,SOUTHWEST RESEARCH INSTITUTE,40788.00,,Terminate-for-convenience action P00006 on 2025-09-11; Termination-language transaction P00006 on 2025-09-11,https://www.usaspending.gov/award/CONT_AWD_80GSFC23CA005_8000_-NONE-_-NONE-/,COMPLETE TERMINATION FOR CONVENIENCE OF NASA GEOSPACE DYNAMICS CONSTELLATION (GDC) COMPREHENSIVE AURORAL PRECIPITATION EXPERIMENT (CAPE),NASA,
80GSFC25P0001,Contract,ARES TECHNICAL SERVICES CORPORATION,-144118.00,,Terminate-for-convenience action P00001 on 2025-09-24,https://www.usaspending.gov/award/CONT_AWD_80GSFC25P0001_8000_-NONE-_-NONE-/,"SMAS III PHASE-IN - SUPPORTS DEVELOPMENT OF SAFETY AND MISSION ASSURANCE REQUIREMENTS AND THE INDEPENDENT SURVEILLANCE, AUDIT, REVIEW AND ASSESSMENT OF DESIGN, DEVELOPMENT, TEST, AND MISSION OPERATIONS ACTIVITIES.",NASA,
80GSFC23CA030,Contract,HONEYBEE ROBOTICS LLC,343290.45,,Terminate-for-convenience action P00010 on 2025-09-29; Termination-language transaction P00009 on 2025-04-08; Termination-language transaction P00010 on 2025-09-29,https://www.usaspending.gov/award/CONT_AWD_80GSFC23CA030_8000_-NONE-_-NONE-/,"TERMINATE FOR CONVENIENCE AGREEMENT - MARS SAMPLE RETURN (MSR) CAPTURE, CONTAINMENT AND RETURN SYSTEMS (CCRS) EARTH ENTRY SYSTEM (EES) SPIN EJECT MECHANISM (SEM) FOR SMD DIRECTORATE.",NASA,
80MSFC22CA005,Contract,LOCKHEED MARTIN CORP,0.00,,Terminate-for-convenience action P00032 on 2025-09-30,https://www.usaspending.gov/award/CONT_AWD_80MSFC22CA005_8000_-NONE-_-NONE-/,MARS ASCENT VEHICLE INTEGRATED SYSTEM (MAVIS),NASA,
80MSFC21C0010,Contract,NORTHROP GRUMMAN SYSTEMS CORPORATION,0.00,,Terminate-for-convenience action P00042 on 2025-09-30,https://www.usaspending.gov/award/CONT_AWD_80MSFC21C0010_8000_-NONE-_-NONE-/,MARS ASCENT PROPULSION SYSTEM (MAPS),NASA,
80NSSC26P0115,Contract,CRESCENT ELECTRIC SUPPLY CO,-18065.00,,Legal-contract-cancellation action P00001 on 2026-01-21,https://www.usaspending.gov/award/CONT_AWD_80NSSC26P0115_8000_-NONE-_-NONE-/,SCHNEIDER ELECTRIC SOFTWARE SUPPORT RENEWAL,NASA,
80GSFC22CA011,Contract,UNIVERSITY OF TEXAS AT ARLINGTON,0.00,,Terminate-for-convenience action P00009 on 2026-01-30,https://www.usaspending.gov/award/CONT_AWD_80GSFC22CA011_8000_-NONE-_-NONE-/,INTERDISCIPLINARY SCIENTIST SUPPORT FOR THE GEOSPACE DYNAMICS CONSTELLATION (GDC) PROGRAM.,NASA,
80GSFC22CA013,Contract,THE AEROSPACE CORPORATION,0.00,,Terminate-for-convenience action P00006 on 2026-02-09,https://www.usaspending.gov/award/CONT_AWD_80GSFC22CA013_8000_-NONE-_-NONE-/,INTERDISCIPLINARY SCIENTIST SUPPORT FOR THE GEOSPACE DYNAMICS CONSTELLATION (GDC) PROGRAM.,NASA,
80NSSC23FB052,Contract,"BRYCE SOLUTIONS, LLC",0.00,,Terminate-for-convenience action P00017 on 2026-02-10,https://www.usaspending.gov/award/CONT_AWD_80NSSC23FB052_8000_80NSSC23DA002_8000/,"P00017 - TERMINATION - NASA ENTERPRISE-WIDE HUMAN CAPITAL SUPPORT SERVICES (NEHCSS) BRYCE SOLUTIONS, LLC CONTRACT #80NSSC23DA002 -TASK ORDER 80NSSC23FB052 LEADERSHIP AND EXECUTIVE LEVEL ONE-ON-ONE COACHING SERVICES",NASA,
80GSFC22CA012,Contract,THE REGENTS OF THE UNIVERSITY OF COLORADO,0.00,,Terminate-for-convenience action P00009 on 2026-02-12,https://www.usaspending.gov/award/CONT_AWD_80GSFC22CA012_8000_-NONE-_-NONE-/,INTERDISCIPLINARY SCIENTIST SUPPORT FOR THE GEOSPACE DYNAMICS CONSTELLATION (GDC) PROGRAM.,NASA,
80NSSC26P0009,Contract,SILVERBACK ASSOCIATES LLC,-14184.00,,Terminate-for-convenience action P00001 on 2026-02-18,https://www.usaspending.gov/award/CONT_AWD_80NSSC26P0009_8000_-NONE-_-NONE-/,BARD AC UNIT,NASA,
80NSSC25PA844,Contract,VOLAIRE ENERGY LLC,0.00,,Terminate-for-convenience action P00001 on 2026-02-20,https://www.usaspending.gov/award/CONT_AWD_80NSSC25PA844_8000_-NONE-_-NONE-/,GEER MASS FLOW METER,NASA,
80NSSC25PB602,Contract,FED CREW INC,-48900.00,,Terminate-for-convenience action P00002 on 2026-02-23,https://www.usaspending.gov/award/CONT_AWD_80NSSC25PB602_8000_-NONE-_-NONE-/,SPHERICAL HEA ALLOY POWDER,NASA,
80NSSC26FA089,Contract,GOTHAM GOVERNMENT SERVICES LLC,-78106.00,,Legal-contract-cancellation action P00001 on 2026-02-23,https://www.usaspending.gov/award/CONT_AWD_80NSSC26FA089_8000_80NSSC24AA007_8000/,P00001 - DEOBLIGATION - CANCEL -FY26 FAC-COR FUNDING FOR BPA CALL #9,NASA,
80HQTR21D0004,Contract,"ICF INCORPORATED, L.L.C.",0.00,,Terminate-for-convenience action P00031 on 2026-03-03; Termination-language transaction P00028 on 2025-04-08; Termination-language transaction P00029 on 2025-09-16; Termination-language transaction P00031 on 2026-03-03,https://www.usaspending.gov/award/CONT_IDV_80HQTR21D0004_8000/,SUPPORT FOR THE UNITED STATES .GLOBAL CHANGE RESEARCH PROGRAM (USGCRP).NATIONAL COORDINATION OFFICE (NCO). T4C AGREEMENT FINALIZATION FOR EARTH SCIENCES GROUP.,NASA,
80HQTR22F0076,Contract,"ICF INCORPORATED, L.L.C.",0.00,,Terminate-for-convenience action P00010 on 2026-03-18; Termination-language transaction P00009 on 2025-04-08,https://www.usaspending.gov/award/CONT_AWD_80HQTR22F0076_8000_80HQTR21D0004_8000/,SUPPORT FOR U.S.PARTICIPATION IN THEINTERGOVERNMENTALPANEL ON CLIMATECHANGE AND RELATEDINTERNATIONALASSESSMENTS,NASA,
80HQTR22F0109,Contract,"ICF INCORPORATED, L.L.C.",0.00,,Terminate-for-convenience action P00005 on 2026-03-18; Termination-language transaction P00004 on 2025-04-08,https://www.usaspending.gov/award/CONT_AWD_80HQTR22F0109_8000_80HQTR21D0004_8000/,SPECIALIZED SUPPORT SERVICES FOR A CARBON CYCLE INTERAGENCY WORKING GROUP (CCIWG) COORDINATOR TO THE U.S. GLOBAL CHANGE RESEARCH PROGRAM (USGCRP) NATIONAL COORDINATION OFFICE (NCO).,NASA,
80MSFC21CA001,Contract,LOCKHEED MARTIN CORP,0.00,,Terminate-for-convenience action P00019 on 2026-04-03; Termination-language transaction P00019 on 2026-04-03,https://www.usaspending.gov/award/CONT_AWD_80MSFC21CA001_8000_-NONE-_-NONE-/,"TIPPING POINT CRYOGENIC DEMONSTRATION MISSION (CDM) ESTABLISH THE FINAL SETTLEMENT BETWEEN THE GOVERNMENT AND CONTRACTOR RESULTING FROM THE TERMINATION FOR CONVENIENCE OF CONTRACT NO. 80MSFC21CA001 ISSUED ON AUGUST 8, 2024.",NASA,
80NM0024F0047,Contract,CALIFORNIA INSTITUTE OF TECHNOLOGY,0.00,,Terminate-for-convenience action P00003 on 2026-04-06; Termination-language transaction P00003 on 2026-04-06; Termination-language transaction P00004 on 2026-04-13,https://www.usaspending.gov/award/CONT_AWD_80NM0024F0047_8000_80NM0018D0004_8000/,TERMINATION FOR CONVENIENCE AGREEMENT - ADVANCING VIETNAM'S MARINE SPATIAL PLANNING FOR OFFSHORE WIND ENERGY DEVELOPMENT (82-222737),NASA,
80HQTR23F0042,Contract,"ICF INCORPORATED, L.L.C.",0.00,,Terminate-for-convenience action P00001 on 2026-04-14,https://www.usaspending.gov/award/CONT_AWD_80HQTR23F0042_8000_80HQTR21D0004_8000/,THIS TASK ORDER #4 IS HEREBY ISSUED TO PROVIDE SUPPORT FOR U.S. PARTICIPATION IN AN ALL-HANDS MEETING FOR THE 5TH NATIONAL CLIMATE ASSESSMENT IN ACCORDANCE THE ATTACHED STATEMENT OF WORK,NASA,
80HQTR25F7019,Contract,"ICF INCORPORATED, L.L.C.",0.00,,Terminate-for-convenience action P00002 on 2026-04-14; Termination-language transaction P00001 on 2025-04-08,https://www.usaspending.gov/award/CONT_AWD_80HQTR25F7019_8000_80HQTR21D0004_8000/,"ASSIST WITH PLANNING ACTIVITIES INVOLVING A LARGE INTERNATIONAL AUTHOR TEAM COORDINATE IN-PERSON AND REMOTE MEETINGS, TRACK THE STATUS OF AUTHORS' WORK",NASA,
80HQTR24F0037,Contract,"ICF INCORPORATED, L.L.C.",0.00,,Terminate-for-convenience action P00003 on 2026-04-14; Termination-language transaction P00002 on 2025-04-08,https://www.usaspending.gov/award/CONT_AWD_80HQTR24F0037_8000_80HQTR21D0004_8000/,TO PROVIDE A SCOPE FOR SPECIALIZED SUPPORT SERVICES FOR TWO CLIMATE SERVICES PERSONNEL TO THE U.S. GLOBAL CHANGE RESEARCH PROGRAM (USGCRP) NATIONAL COORDINATION OFFICE (NCO) FOR CLIMATE SERVICES.,NASA,
80HQTR24F0012,Contract,"ICF INCORPORATED, L.L.C.",0.00,,Terminate-for-convenience action P00004 on 2026-04-14; Termination-language transaction P00003 on 2025-03-14,https://www.usaspending.gov/award/CONT_AWD_80HQTR24F0012_8000_80HQTR21D0004_8000/,SUPPORT FOR THE TECHNICAL SUPPORT UNIT FOR THE SEVENTH ASSESSMENT OF THE INTERGOVERNMENTAL PANEL ON CLIMATE CHANGE: WORKING GROUP III,NASA,
80NSSC26P0407,Contract,PRIME PROPERTY SCANS LLC,-26000.00,,Terminate-for-convenience action P00001 on 2026-04-21; End date truncated 374 days by mod P00001 on 2026-04-21,https://www.usaspending.gov/award/CONT_AWD_80NSSC26P0407_8000_-NONE-_-NONE-/,SPIRAL TECHNOLOGY SOFTWARE SUPPORT RENEWAL,NASA,
80NM0018F0566,Contract,CALIFORNIA INSTITUTE OF TECHNOLOGY,0.00,,Terminate-for-convenience action P00028 on 2026-04-30; Termination-language transaction P00026 on 2025-04-03; Termination-language transaction P00027 on 2025-08-12; Termination-language transaction P00028 on 2026-04-30; Termination-language transaction P00029 on 2026-05-01,https://www.usaspending.gov/award/CONT_AWD_80NM0018F0566_8000_80NM0018D0004_8000/,STOP WORK NOTICE ISSUED WITH NOTIFICATION OF INTENT TO TERMINATE FOR CONVENIENCE - OFFICE OF CHIEF TECHNOLOGIST (OCT) STRATEGIC INTEGRATION FOR SMD DIRECTORATE,NASA,
80NSSC26P0289,Contract,AANTILIA LLC,-26425.00,,Terminate-for-convenience action P00001 on 2026-05-04,https://www.usaspending.gov/award/CONT_AWD_80NSSC26P0289_8000_-NONE-_-NONE-/,INSTRUMENT & LAB EQPT - 16 INCH DIAMETER FLAT MIRROR,NASA,
80KSC019C0013,Contract,"BECHTEL NATIONAL, INC.",0.00,,Terminate-for-convenience action P00180 on 2026-05-06,https://www.usaspending.gov/award/CONT_AWD_80KSC019C0013_8000_-NONE-_-NONE-/,DESIGN AND CONSTRUCTION OF NASA SPACE LAUNCH SYSTEM (SLS) MOBILE LAUNCHER 2 (ML2).,NASA,
80NSSC24AA010,Contract,"BRYCE SPACE AND TECHNOLOGY, LLC",0.00,,Terminate-for-convenience action P00004 on 2026-05-21; Termination-language transaction P00004 on 2026-05-21,https://www.usaspending.gov/award/CONT_IDV_80NSSC24AA010_8000/,TERMINATION FOR CONVENIENCE AGREEMENT - CHANGE MANAGEMENT SUPPORT SERVICE BPSS FOR NASA ADMINISTRATIVE SUITE.,NASA,
80NSSC25PB270,Contract,LINDE ADVANCED MATERIAL TECHNOLOGIES INC.,-18775.00,,Terminate-for-convenience action P00001 on 2026-05-22,https://www.usaspending.gov/award/CONT_AWD_80NSSC25PB270_8000_-NONE-_-NONE-/,"ALLOY Z, CHEM/SIZING POWDER",NASA,
80NSSC26P0347,Contract,MINCO PRODUCTS INC,-13199.00,,Terminate-for-convenience action P00001 on 2026-05-28,https://www.usaspending.gov/award/CONT_AWD_80NSSC26P0347_8000_-NONE-_-NONE-/,PURCHASE OF CUSTOMIZED HEATERS,NASA,
80MSFC24F0067,Contract,THE JOHNS HOPKINS UNIVERSITY APPLIED PHYSICS LABORATORY LLC,-246619.51,,Termination-language transaction P00002 on 2025-01-23; End date truncated 1346 days by mod P00003 on 2025-04-21,https://www.usaspending.gov/award/CONT_AWD_80MSFC24F0067_8000_80MSFC20D0004_8000/,DE-SCOPE ACTION FOR FINAL COSTS ON THE HERE TO OBSERVE (H2O) SUPPORT FOR PLANETARY SCIENCE DIVISION (PSD) MISSIONS,NASA,
80MSFC24CA008,Contract,"UNIVERSITY OF CALIFORNIA, LOS ANGELES",0.00,,Termination-language transaction P00003 on 2025-01-23,https://www.usaspending.gov/award/CONT_AWD_80MSFC24CA008_8000_-NONE-_-NONE-/,"STOP WORK NOTICE ISSUED WITH NOTIFICATION OF INTENT TO DESCOPE - THE GOAL OF NEO SURVEYOR IS TO FIND, TRACK, AND CHARACTERIZE THE ASTEROIDS AND COMETS THAT COULD POTENTIALLY THREATEN THE EARTH.",NASA,
NNM16AA08C,Contract,SOUTHWEST RESEARCH INSTITUTE,0.00,,Termination-language transaction 44 on 2025-01-23,https://www.usaspending.gov/award/CONT_AWD_NNM16AA08C_8000_-NONE-_-NONE-/,"STOP WORK NOTICE ISSUED WITH NOTIFICATION OF INTENT TO DESCOPE - LUCY IS A PLANNED NASA SPACE PROBE THAT WILL TOUR FIVE JUPITER TROJANS, ASTEROIDS WHICH SHARE JUPITER'S ORBIT AROUND THE SUN, ORBITING EITHER AHEAD OF OR BEHIND THE PLANET AND ONE MAIN BELT ASTEROID. ALL TARGET ENCOUNTERS WILL BE FLY-BY ENCOUNTERS.",NASA,
80MSFC20C0050,Contract,SPATIAL INFORMATICS GROUP LLC,0.00,,Termination-language transaction P00011 on 2025-02-07,https://www.usaspending.gov/award/CONT_AWD_80MSFC20C0050_8000_-NONE-_-NONE-/,STOP WORK NOTICE ISSUED WITH NOTIFICATION OF INTENT TO DE-SCOPE - SERVIR GLOBAL NETWORK CAPABILITY PROGRAM,NASA,
80LARC25F7014,Contract,CORNELL TECHNICAL SERVICES LLC,0.00,,Termination-language transaction 0 on 2025-02-07; Termination-language transaction P00001 on 2025-08-29,https://www.usaspending.gov/award/CONT_AWD_80LARC25F7014_8000_80LARC20D0007_8000/,"SURFACE MANAGEMENT, COST, AND SCHEDULE EVALUATION SUPPORT FOR THE RADIATION BUDGET INSTRUMENT (RBI) TERMINATION SETTLEMENT COST PROPOSAL",NASA,
80JSC024F0025,Contract,"STRAUGHAN ENVIRONMENTAL, INC.",0.00,,Termination-language transaction P00006 on 2025-02-18; Termination-language transaction P00007 on 2025-02-20,https://www.usaspending.gov/award/CONT_AWD_80JSC024F0025_8000_80JSC018A0012_8000/,"CANCELLATION OF PARTIAL STOP WORK NOTICE AS NON-APPLICABLE - CALL 29 (NON-CORE SUPPORT), JSC ENVIRONMENTAL SERVICES TEAM I (JEST I)",NASA,
80JSC025FA077,Contract,"STRAUGHAN ENVIRONMENTAL, INC.",0.00,,Termination-language transaction P00003 on 2025-02-18; Termination-language transaction P00001 on 2025-02-18,https://www.usaspending.gov/award/CONT_AWD_80JSC025FA077_8000_80JSC024AA029_8000/,"CANCELLATION OF PARTIAL STOP WORK NOTICE AS NON-APPLICABLE - CALL 03 (NON-CORE SUPPORT), JSC ENVIRONMENTAL SERVICES TEAM II (JEST II)",NASA,
80JSC025FA076,Contract,"STRAUGHAN ENVIRONMENTAL, INC.",0.00,,Termination-language transaction P00003 on 2025-02-18; Termination-language transaction P00004 on 2025-02-24,https://www.usaspending.gov/award/CONT_AWD_80JSC025FA076_8000_80JSC024AA029_8000/,"CANCELLATION OF PARTIAL STOP WORK NOTICE AS NON-APPLICABLE - CALL 02 (T&M SUPPORT), JSC ENVIRONMENTAL SERVICES TEAM II (JEST II)",NASA,
80JSC024F0024,Contract,"STRAUGHAN ENVIRONMENTAL, INC.",0.00,,Termination-language transaction P00014 on 2025-02-18; Termination-language transaction P00015 on 2025-02-20,https://www.usaspending.gov/award/CONT_AWD_80JSC024F0024_8000_80JSC018A0012_8000/,"CANCELLATION OF PARTIAL STOP WORK NOTICE AS NON-APPLICABLE - CALL 28 (CORE SUPPORT), JSC ENVIRONMENTAL SERVICES TEAM I (JEST I)",NASA,
80JSC024F0026,Contract,"STRAUGHAN ENVIRONMENTAL, INC.",0.00,,Termination-language transaction P00012 on 2025-02-20; Termination-language transaction P00011 on 2025-02-20,https://www.usaspending.gov/award/CONT_AWD_80JSC024F0026_8000_80JSC018A0012_8000/,"CANCELLATION OF PARTIAL STOP WORK NOTICE AS NON-APPLICABLE - CALL 30 (T&M SUPPORT), JSC ENVIRONMENTAL SERVICES TEAM I (JEST I)",NASA,
80HQTR24F0070,Contract,"BARRIOS TECHNOLOGY, LLC",0.00,,Termination-language transaction P00001 on 2025-03-13,https://www.usaspending.gov/award/CONT_AWD_80HQTR24F0070_8000_80MSFC21D0009_8000/,"STOP WORK NOTICE ISSUED WITH NOTIFICATION OF INTENT TO TERMINATE FOR CONVENIENCE- ODEO MISSION SUPPORT ENTERPRISE OFFICES.  SUPPORTING THE CIVIL RIGHTS COMPLAINT PROCESS, ADJUDICATION PROCEDURES, COMPLIANCE ACTIVITIES, A CIVIL RIGHTS COMPLIANCE.",NASA,
80HQTR24F0074,Contract,"BARRIOS TECHNOLOGY, LLC",0.00,,Termination-language transaction P00001 on 2025-03-13,https://www.usaspending.gov/award/CONT_AWD_80HQTR24F0074_8000_80MSFC21D0009_8000/,STOP WORK NOTICE ISSUED WITH NOTIFICATION OF INTENT TO TERMINATE FOR CONVENIENCE- ODEO MISSION SUPPORT ENTERPRISE OFFICES.       WILL BE RESPONSIBLE FOR OVERSEEING AND MANAGING THE SUCCESSFUL EXECUTION OF THE FOLLOWING SPECIAL PROJECTS:,NASA,
80HQTR24F0072,Contract,"BARRIOS TECHNOLOGY, LLC",0.00,,Termination-language transaction P00001 on 2025-03-13,https://www.usaspending.gov/award/CONT_AWD_80HQTR24F0072_8000_80MSFC21D0009_8000/,"STOP WORK NOTICE ISSUED WITH NOTIFICATION OF INTENT TO TERMINATE FOR CONVENIENCE-PROVIDES DATA AND EVIDENCE-DRIVEN ADVICE TO NASA LEADERSHIP TO ASSURE AN INTEGRATED ENTERPRISE APPROACH TO TECHNOLOGY, POLICY, AND STRATEGY.",NASA,
80HQTR24F0071,Contract,"BARRIOS TECHNOLOGY, LLC",0.00,,Termination-language transaction P00001 on 2025-03-13,https://www.usaspending.gov/award/CONT_AWD_80HQTR24F0071_8000_80MSFC21D0009_8000/,STOP WORK NOTICE ISSUED WITH NOTIFICATION OF INTENT TO TERMINATE FOR CONVENIENCE-ODEO MISSION SUPPORT ENTERPRISE OFFICES. ..LEVERAGING THE EXPERTISE OF AN ..ADMINISTRATIVE OPERATIONS SPECIALIST.,NASA,
80HQTR24F0046,Contract,"BARRIOS TECHNOLOGY, LLC",0.00,,Termination-language transaction P00002 on 2025-03-13,https://www.usaspending.gov/award/CONT_AWD_80HQTR24F0046_8000_80MSFC21D0009_8000/,"STOP WORK NOTICE ISSUED WITH NOTIFICATION OF INTENT TO TERMINATE FOR CONVENIENCE - STRATEGIC PLANNING, ANALYSIS, AND PROGRAMMATIC SUPPORT FOR.PLANETARY SCIENCES DIVISION.HQ SCIENCE MISSION DIRECTORATE",NASA,
80GSFC23CA041,Contract,AUTONOMIC INTEGRA LLC,0.00,,Termination-language transaction P00017 on 2025-03-14; Termination-language transaction P00018 on 2025-03-21,https://www.usaspending.gov/award/CONT_AWD_80GSFC23CA041_8000_-NONE-_-NONE-/,REMOVAL OF CLAUSES/DRDS IAW EO 14148 - STOP WORK NOTICE ISSUED WITH NOTIFICATION OF INTENT TO DE-SCOPE- THE CLIMATE CHANGE RESEARCH INITIATIVE (CCRI) UNDER THE GODDARD INSTITUTE FOR SPACE STUDIES (GISS) CONTRACT FOR THE EARTH SCIENCES DIRECTORATE.,NASA,
80HQTR25FA007,Contract,SCIENCE APPLICATIONS INTERNATIONAL CORPORATION,0.00,,Termination-language transaction P00003 on 2025-03-14,https://www.usaspending.gov/award/CONT_AWD_80HQTR25FA007_8000_80HQTR24AA005_8000/,"STOP WORK NOTICE ISSUED WITH NOTIFICATION OF INTENT TO TERMINATE FOR CONVIENCE - REVIEW, VALIDATE, AND ADVISE ON DRAFT PLAN, MESSAGING AND BRANDING OF THE PLAN, PLAN IMPLEMENTATION ANALYSIS AND RECOMMENDATIONS, ROLLOUT & METRICS",NASA,
80HQTR21F0124,Contract,"OVERLOOK SYSTEMS TECHNOLOGIES, INC.",0.00,,Termination-language transaction P00022 on 2025-03-17,https://www.usaspending.gov/award/CONT_AWD_80HQTR21F0124_8000_GS10F0100T_4730/,STOP WORK NOTICE ISSUED WITH NOTIFICATION OF INTENT TO TERMINATE FOR CONVENIENCE - POLICY AND STRATEGIC COMMUNICATIONS (PSC) SUPPORT FOR NASA SPACE COMMUNICATIONS AND NAVIGATION (SCAN) PROGRAM.,NASA,
80HQTR24FA038,Contract,"CROWN INNOVATIONS, INC.",0.00,,Termination-language transaction P00002 on 2025-03-20,https://www.usaspending.gov/award/CONT_AWD_80HQTR24FA038_8000_80HQTR24AA006_8000/,"STOP WORK NOTICE ISSUED WITH NOTIFICATION OF INTENT TO TERMINATE FOR CONVIENCE - DATA VISUALIZATION OF PERFORMANCE RATINGS AERONAUTICS RESEARCH MISSION DIRECTORATE, OFFICE OF THE ASSOCIATE ADMINISTRATOR",NASA,
80NSSC21M0005,Grant,OKLAHOMA STATE UNIVERSITY,-839920.81,,Termination-language transaction P00007 on 2025-03-21; Termination-language transaction P00008 on 2025-07-22; End date truncated 285 days by mod P00008 on 2025-07-22,https://www.usaspending.gov/award/ASST_NON_80NSSC21M0005_080/,TERMINATION FOR CONVENIENCE AGREEMENT  - SCIENCE ACTIVATION PROGRAM INTEGRATION/ SCIENCE ENGAGEMENT & PARTNERSHIPS DIVISION FOR SUPPORT FOR SCIENCE MISSION DIRECTORATE (SMD),NASA,
80NSSC25K7045,Grant,KUTZTOWN UNIVERSITY OF PENNSYLVANIA,0.00,,Termination-language transaction P00002 on 2025-03-21; Termination-language transaction P00001 on 2025-03-21,https://www.usaspending.gov/award/ASST_NON_80NSSC25K7045_080/,"TERMINATION FOR CONVENIENCE AGREEMENT - THE KUTZTOWN UNIVERSITY'S H2O+H2S ""HERE TO OBSERVE + HERE TO STORYTELL"" PROGRAM WILL USE MISSION SCIENCE AND SCIENTIFIC STORYTELLING AS A STUDENT EXPERIENTIAL LEARNING TOOL TO SCAFFOLD WORKFORCE SKILLS. EACH YEAR  THE 10-12 STUDENT OBSERVER COHORT WILL BE COMPOSED OF STEM AND STEM-INTERESTED FRESHMEN  SOPHOMORES AND INCOMING TRANSFER STUDENTS FROM INTRODUCTORY COURSES. THE PROGRAM WILL FOCUS ON THOSE STUDENTS NOT TYPICALLY SERVED BY OUTREACH AND ENGAGEMENT PROGRAMS. KUTZTOWN UNIVERSITY HAS AN ESTABLISHED 'LEARNING COMMUNITY' APPROACH  WHERE A GROUP OF STUDENTS IS PAIRED WITH FACULTY MENTORS AND MEET ONCE A WEEK AS A PART OF THEIR SCHEDULE. H2O+H2S WILL USE THIS PROGRAM SO STUDENTS ARE SUPPORTED WITH A 1-CREDIT COURSE (1 HOUR PER WEEK)  PRESERVING DEDICATED TIME FOR THE STUDENT OBSERVER TO FULFILL THE PROGRAM WITHOUT DISRUPTION TO THEIR ACADEMIC CLASSES OR OVERBURDENING SCHEDULES. THE COURSE WILL INTEGRATE THE HERE TO EXPLORE PROGRAM ACTIVITIES WITH A STUDENT-CREATED SCIENTIFIC NARRATIVE PROJECT BASED ON SHARING THE MISSION SCIENCE. THE STUDENTS OBSERVERS WILL DEVELOP A SHORT AUDIO/VIDEO STORYTELLING PROJECT ABOUT THE NASA MISSION. RESEARCH SHOWS THAT INTEGRATING STORYTELLING  OR NARRATIVE TECHNIQUES  PROVIDES POWERFUL ACCESS FOR STUDENTS OF DIVERSE BACKGROUNDS TO CONNECT WITH SCIENCE. TWO STUDENTS FROM PREVIOUS COHORTS WILL SERVE AS PEER MENTORS. SCAFFOLDING EXPERIENCES WILL INCLUDE THE NASA-LED H2O ACTIVITIES  FIELDTRIPS  PROFESSIONAL MEETING ATTENDANCE  AND MENTORSHIP THROUGH-OUT THE YEAR. THE H2O + H2S PROGRAM FOCUSES ON CREATING PRODUCTS THAT ARTICULATE WORKFORCE SKILLS ON STUDENT RESUMES. THIS DIRECTLY SUPPORTS ENHANCED STUDENT SUCCESS WHEN APPLYING FOR FUTURE INTERNSHIPS  GRADUATE SCHOOL  AND INDUSTRY JOBS.",NASA,
80LARC19F0086,Contract,CORNELL TECHNICAL SERVICES LLC,-786.08,,Termination-language transaction P00003 on 2025-03-21,https://www.usaspending.gov/award/CONT_AWD_80LARC19F0086_8000_NNL15AA02B_8000/,"MANAGEMENT, COST AND SCHEDULE EVALUATION SUPPORT FOR THE RADIATION BUDGET INSTRUMENT (RBI) TERMINATION SETTLEMENT COST PROPOSAL.",NASA,
80NSSC24K0176,Grant,VIRGINIA POLYTECHNIC INSTITUTE & STATE UNIVERSITY,-373255.31,,Termination-language transaction P00003 on 2025-03-21; Termination-language transaction P00004 on 2025-08-12; End date truncated 582 days by mod P00004 on 2025-08-12,https://www.usaspending.gov/award/ASST_NON_80NSSC24K0176_080/,TERMINATION FOR CONVENIENCE AGREEMENT - INTERDISCIPLINARY RESEARCH IN EARTH SCIENCE SUPPORT FOR SCIENCE MISSION DIRECTORATE (SMD/ESD),NASA,
80NSSC24K1612,Grant,UNIVERSITY OF TEXAS AT AUSTIN,-18766.40,,Termination-language transaction P00001 on 2025-03-21; End date truncated 877 days by mod P00002 on 2026-03-11,https://www.usaspending.gov/award/ASST_NON_80NSSC24K1612_080/,23-EARTH23-0422 CLIMATE HARMONY: STUDYING AND INFORMING URBAN CLIMATE EFFORTS IN CENTRAL TEXAS THROUGH THE.DEVELOPMENT OF A REGIONAL CLIMATE ATLAS,NASA,
80NSSC24K1845,Grant,"NATIONAL SOCIETY OF BLACK PHYSICISTS, INC.",-232118.00,,Termination-language transaction P00003 on 2025-03-21; End date truncated 937 days by mod P00004 on 2026-03-20,https://www.usaspending.gov/award/ASST_NON_80NSSC24K1845_080/,NSBP/NSHP: JOINT ANNUAL CONFERENCES 2024-26,NASA,
80NSSC24K0114,Grant,OHIO AEROSPACE INSTITUTE,-53065.91,,Termination-language transaction P00002 on 2025-03-21; End date truncated 1306 days by mod P00003 on 2026-03-20,https://www.usaspending.gov/award/ASST_NON_80NSSC24K0114_080/,HERE TO OBSERVE (H2O) - OHIO AND PUERTO RICO SPACE GRANT CONSORTIUMS,NASA,
80NSSC24K1193,Grant,CORNELL UNIVERSITY,-164732.25,,Termination-language transaction P00001 on 2025-03-21; Termination-language transaction P00002 on 2025-09-25; End date truncated 831 days by mod P00002 on 2025-09-25,https://www.usaspending.gov/award/ASST_NON_80NSSC24K1193_080/,TERMINATION FOR CONVENIENCE AGREEMENT  - TOPICAL WORKSHOPS  SYMPOSIUMS  AND CONFERENCES  SCIENCE MISSION DIRECTORATE (SMD/PLANETARY),NASA,
80KSC024F0045,Contract,"THE PERFORMANCE KNOWLEDGE GROUP, LLC",0.00,,Termination-language transaction P00001 on 2025-03-21,https://www.usaspending.gov/award/CONT_AWD_80KSC024F0045_8000_80KSC021A0007_8000/,"STOP WORK NOTICE ISSUED WITH NOTIFICATION OF INTENT TO TERMINATE FOR CONVENIENCE - STRATEGIC MANAGEMENT SUPPORT SERVICES (SMSS) TASK ORDER FOR CENTER ENGINEERING, SAFETY AND OPERATIONS (CESO)",NASA,
80HQTR24F0073,Contract,"BARRIOS TECHNOLOGY, LLC",0.00,,Termination-language transaction P00001 on 2025-03-21,https://www.usaspending.gov/award/CONT_AWD_80HQTR24F0073_8000_80MSFC21D0009_8000/,STOP WORK NOTICE ISSUED WITH NOTIFICATION OF INTENT TO TERMINATE FOR CONVENIENCE - ESDMD INTEGRATION AND ADMINISTRATIVE SUPPORT.,NASA,
80NSSC22K1675,Grant,UNIVERSITY OF TEXAS AT AUSTIN,0.00,,Termination-language transaction P00003 on 2025-03-21,https://www.usaspending.gov/award/ASST_NON_80NSSC22K1675_080/,TERMINATION FOR CONVENIENCE AGREEMENT - EARTH SCIENCE APPLICATIONS: EQUITY AND ENVIRONMENTAL JUSTICE SUPPORT FOR SMD/ESD MISSION DIRECTORATE,NASA,
80NSSC22K1673,Grant,MASSACHUSETTS INSTITUTE OF TECHNOLOGY,0.00,,Termination-language transaction P00003 on 2025-03-21,https://www.usaspending.gov/award/ASST_NON_80NSSC22K1673_080/,TERMINATION FOR CONVENIENCE AGREEMENT - EARTH SCIENCE APPLICATIONS: EQUITY AND ENVIRONMENTAL JUSTICE SUPPORT FOR SCIENCE MISSION DIRECTORATE (SMD/ESD),NASA,
80NSSC24K0178,Grant,BROWN UNIVERSITY,-400605.72,,Termination-language transaction P00002 on 2025-03-21; Termination-language transaction P00003 on 2025-08-12; End date truncated 589 days by mod P00003 on 2025-08-12,https://www.usaspending.gov/award/ASST_NON_80NSSC24K0178_080/,TERMINATION FOR CONVENIENCE AGREEMENT - INTERDISCIPLINARY RESEARCH IN EARTH SCIENCES FOR SCIENCE MISSION DIRECTORATE (SMD/ESD),NASA,
80NSSC24K0115,Grant,VIRGINIA STATE UNIVERSITY,-149900.00,,Termination-language transaction P00002 on 2025-03-21; Termination-language transaction P00003 on 2025-09-25; End date truncated 1306 days by mod P00003 on 2025-09-25,https://www.usaspending.gov/award/ASST_NON_80NSSC24K0115_080/,TERMINATION FOR CONVENIENCE AGREEMENT - HERE TO OBSERVE SUPPORT FOR SCIENCE MISSION DIRECTORATE (SMD/ESD),NASA,
80NSSC22K1681,Grant,THE UNIVERSITY OF TEXAS RIO GRANDE VALLEY,-29778.36,,Termination-language transaction P00004 on 2025-03-21; Termination-language transaction P00005 on 2025-09-10; End date truncated 254 days by mod P00005 on 2025-09-10,https://www.usaspending.gov/award/ASST_NON_80NSSC22K1681_080/,TERMINATION FOR CONVENIENCE AGREEMENT - EARTH SCIENCE APPLICATIONS: EQUITY AND ENVIRONMENTAL JUSTICE SUPPORT FOR SMD/ESD,NASA,
80NSSC21M0003,Grant,UNIVERSITIES SPACE RESEARCH ASSOCIATION,-553617.77,,Termination-language transaction P00010 on 2025-03-21; Termination-language transaction P00011 on 2025-08-27,https://www.usaspending.gov/award/ASST_NON_80NSSC21M0003_080/,TERMINATION FOR CONVENIENCE AGREEMENT  - SCIENCE ACTIVATION PROGRAM INTEGRATION/ SCIENCE ENGAGEMENT & PARTNERSHIPS DIVISION FOR SUPPORT FOR SCIENCE MISSION DIRECTORATE (SMD),NASA,
80KSC024F0044,Contract,"THE PERFORMANCE KNOWLEDGE GROUP, LLC",0.00,,Termination-language transaction P00001 on 2025-03-21,https://www.usaspending.gov/award/CONT_AWD_80KSC024F0044_8000_80KSC021A0007_8000/,STOP WORK NOTICE ISSUED WITH NOTIFICATION OF INTENT TO TERMINATE FOR CONVENIENCE _STRATEGIC MANAGEMENT SUPPORT SERVICES (SMSS) TASK ORDER FOR LAUNCH SERVICES PROGRAM (EGS),NASA,
80NSSC24K1232,Grant,TRUSTEES OF TUFTS COLLEGE,-319899.08,,Termination-language transaction P00001 on 2025-03-21; End date truncated 1211 days by mod P00002 on 2025-08-12,https://www.usaspending.gov/award/ASST_NON_80NSSC24K1232_080/,23-PIMOVE23-0018  ENVIRONMENTAL JUSTICE & PUBLIC HEALTH: CLIMATE  LAND  & (HEALTH) OUTCOME OF DENGUE FEVER (CLOUD),NASA,
80NSSC25K7034,Grant,UNIVERSITY OF OKLAHOMA,-242615.17,,Termination-language transaction P00001 on 2025-03-21; Termination-language transaction P00002 on 2025-08-15; End date truncated 924 days by mod P00002 on 2025-08-15,https://www.usaspending.gov/award/ASST_NON_80NSSC25K7034_080/,TERMINATION FOR CONVENIENCE AGREEMENT - 23-EEJ23-0046  BUILDING CO-DESIGN AND CO-LEARNING DIGITAL TWINS AGAINST FLOODS ON TRIBAL LANDS IN SUPPORT OF INDIGENOUS COMMUNITIES,NASA,
80HQTR24F0064,Contract,"BARRIOS TECHNOLOGY, LLC",0.00,,Termination-language transaction P00003 on 2025-03-21,https://www.usaspending.gov/award/CONT_AWD_80HQTR24F0064_8000_80MSFC21D0009_8000/,STOP WORK NOTICE ISSUED WITH NOTIFICATION OF INTENT TO TERMINATE FOR CONVENIENCE - MSD RISK MANAGEMENT,NASA,
80NSSC24K1264,Grant,UNIVERSITY OF ALASKA FAIRBANKS,-177900.37,,Termination-language transaction P00002 on 2025-03-21; End date truncated 194 days by mod P00003 on 2026-03-11,https://www.usaspending.gov/award/ASST_NON_80NSSC24K1264_080/,BRINGING EDIA TO THE PLANETARY SCIENCES COMMUNITY: A TWO-DAY AG-STYLE MEETING OF THE CROSS-AG EDIA WORKING GROUP,NASA,
80NSSC24K0892,Grant,GEORGE MASON UNIVERSITY,-529129.00,,Termination-language transaction P00001 on 2025-03-21; Termination-language transaction P00002 on 2025-08-14,https://www.usaspending.gov/award/ASST_NON_80NSSC24K0892_080/,TERMINATION FOR CONVENIENCE AGREEMENT  - INTERDISCIPLINARY RESEARCH IN EARTH SCIENCES SUPPORT FOR SCIENCE MISSION DIRECTORATE (SMD/ESD),NASA,
80NSSC24K0944,Grant,"NATIONAL SOCIETY OF BLACK PHYSICISTS, INC.",0.00,,Termination-language transaction P00001 on 2025-03-21,https://www.usaspending.gov/award/ASST_NON_80NSSC24K0944_080/,TERMINATION FOR CONVENIENCE AGREEMENT  - TOPICAL WORKSHOPS  SYMPOSIUMS  AND CONFERENCES  SCIENCE MISSION DIRECTORATE (SMD/PLANETARY),NASA,
80NSSC24K0113,Grant,UNIVERSITY OF ARKANSAS SYSTEM,-149998.00,,Termination-language transaction P00003 on 2025-03-21; Termination-language transaction P00004 on 2026-05-12,https://www.usaspending.gov/award/ASST_NON_80NSSC24K0113_080/,TERMINATION FOR CONVENIENCE AGREEMENT - HERE TO OBSERVE UAB SUPPORT FOR SMD/ESD,NASA,
80NSSC22K1658,Grant,CLEVELAND STATE UNIVERSITY,0.00,,Termination-language transaction P00003 on 2025-03-21,https://www.usaspending.gov/award/ASST_NON_80NSSC22K1658_080/,TERMINATION FOR CONVENIENCE AGREEMENT- 22-CSDSA22_2-0014  COMMERCIAL SATELLITE DATA ANALYSIS CHARACTERIZING CANOPY CHLOROPHYLL AND PHOTOSYNTHETIC PRODUCTIVITY FOR AGRICULTURAL CROPS AND FOREST MONITORING SUPPORT FOR SMD/ESD DIRECTORATE,NASA,
80KSC024F0043,Contract,"THE PERFORMANCE KNOWLEDGE GROUP, LLC",0.00,,Termination-language transaction P00003 on 2025-03-21,https://www.usaspending.gov/award/CONT_AWD_80KSC024F0043_8000_80KSC021A0007_8000/,STOP WORK NOTICE ISSUED WITH NOTIFICATION OF INTENT TO TERMINATE FOR CONVENIENCE - STRATEGIC MANAGEMENT SUPPORT SERVICES (SMSS) TASK ORDER FOR LAUNCH SERVICES PROGRAM (LSP).,NASA,
80NSSC24K0520,Grant,NATURAL AREAS CONSERVANCY INC,-170395.18,,Termination-language transaction P00001 on 2025-03-21; Termination-language transaction P00002 on 2025-08-15; End date truncated 740 days by mod P00002 on 2025-08-15,https://www.usaspending.gov/award/ASST_NON_80NSSC24K0520_080/,TERMINATION FOR CONVENIENCE AGREEMENT - INTERDISCIPLINARY RESEARCH IN EARTH SCIENCES FOR SUPPORT FOR SCIENCE MISSION DIRECTORATE (SMD/ESD),NASA,
80NSSC24K0177,Grant,THE JOHNS HOPKINS UNIVERSITY,-461708.78,,Termination-language transaction P00003 on 2025-03-21; End date truncated 582 days by mod P00004 on 2026-03-11,https://www.usaspending.gov/award/ASST_NON_80NSSC24K0177_080/,22-IDS22-0055  RESOLVING INTRA-URBAN VARIABILITY IN HEAT AND AIR QUALITY FROM SPACE AND THE GROUND: LEVERAGING DIVERSE OBSERVATIONS TO SUPPORT ENVIRONMENTAL JUSTICE,NASA,
80NSSC25FA145,Contract,"B/W COLOR PRINTS, LLC",0.00,,Termination-language transaction P00001 on 2025-03-25,https://www.usaspending.gov/award/CONT_AWD_80NSSC25FA145_8000_GS07F216BA_4732/,STOP WORK NOTICE ISSUED - SERVICE FOR INSTALLATION OF THE SCIENCE ON THE SPHERE SYSTEM,NASA,
80NM0018F0669,Contract,CALIFORNIA INSTITUTE OF TECHNOLOGY,0.00,,Termination-language transaction P00007 on 2025-04-07,https://www.usaspending.gov/award/CONT_AWD_80NM0018F0669_8000_80NM0018D0004_8000/,STOP WORK ORDER ISSUED WITH NOTIFICATION OF INTENT TO TERMINATE FOR CONVENIENCE - GEOSTATIONARY CARBON CYCLE OBSERVATORY (GEOCARB) PRE-PHASE A AND PHASE A (87-700073) FOR SMD DIRECTORATE,NASA,
80GRC024CA008,Contract,CASE WESTERN RESERVE UNIVERSITY,0.00,,Termination-language transaction P00002 on 2025-04-08,https://www.usaspending.gov/award/CONT_AWD_80GRC024CA008_8000_-NONE-_-NONE-/,STOP WORK NOTICE ISSUED WITH NOTICE OF INTENT TO DE-SCOPE. CENTRIFUGAL ACCELERATION TESTING - NASA GRC IS PURSUING THE DEVELOPMENT OF DYNAMIC CONVERSION TECHNOLOGIES TO SUPPORT SCIENCE MISSION POWER SYSTEM DEVELOPMENT.,NASA,
80NSSC19K0748,Grant,THE PINHEAD INSTITUTE INC,0.00,,Termination-language transaction P00005 on 2025-04-08; Termination-language transaction P00006 on 2025-05-14,https://www.usaspending.gov/award/ASST_NON_80NSSC19K0748_080/,TERMINATION FOR CONVENIENCE AGREEMENT - AN ANALYSIS OF LADEE UVS DATA FOR METALLIC SPECIES - SUPPORT FOR SMD DIRECTORATE,NASA,
80NSSC25K7029,Grant,RESEARCH TRIANGLE INSTITUTE,-222175.04,,Termination-language transaction P00001 on 2025-04-08; Termination-language transaction P00002 on 2025-05-14; End date truncated 877 days by mod P00003 on 2026-05-04,https://www.usaspending.gov/award/ASST_NON_80NSSC25K7029_080/,PROJECT GREEN: GREENSPACE AND REMOTE SENSING FOR THE ENVIRONMENT AND EQUITY IN NEIGHBORHOODS.,NASA,
80HQTR24F0096,Contract,THE AEROSPACE CORPORATION,0.00,,Termination-language transaction P00002 on 2025-04-08,https://www.usaspending.gov/award/CONT_AWD_80HQTR24F0096_8000_80GSFC19D0011_8000/,STOP WORK NOTICE ISSUED WITH NOTIFICATION OF INTENT TO TERMINATE FOR CONVENIENCE - STRATEGIC COMMUNICATIONS AND INTEGRATION SUPPORT FOR MISSION SUPPORT DIRECTORATE,NASA,
80HQTR20D0005,Contract,SETI INSTITUTE,0.00,,Termination-language transaction P00005 on 2025-04-08,https://www.usaspending.gov/award/CONT_IDV_80HQTR20D0005_8000/,STOP WORK NOTICE ISSUED WITH NOTIFICATION OF INTENT TO TERMINATE FOR CONVENIENCE - PPSS IDIQ PROVIDES MULTIDISCIPLINE TECHNICAL SUPPORT SERVICES THROUGHOUT THE PRODUCT LIFECYCLE OF SPACE FLIGHT HARDWARE.,NASA,
80NSSC22K0223,Grant,AMERICAN GEOPHYSICAL UNION,-82614.13,,Termination-language transaction P00004 on 2025-04-08; Termination-language transaction P00005 on 2025-05-14; Termination-language transaction P00006 on 2025-08-27,https://www.usaspending.gov/award/ASST_NON_80NSSC22K0223_080/,TERMINATION FOR CONVENIENCE AGREEMENT - AGU  AAS  ASGSR TO NASA: SUPPORTING EARLY CAREER RESEARCHERS POST PANDEMIC - SUPPORT FOR SMD DIRECTORATE,NASA,
80LARC25F7011,Contract,CORNELL TECHNICAL SERVICES LLC,0.00,,Termination-language transaction P00003 on 2025-04-08,https://www.usaspending.gov/award/CONT_AWD_80LARC25F7011_8000_80LARC20D0007_8000/,STOP WORK NOTICE ISSUED WITH NOTIFICATION OF INTENT TO TERMINATE FOR CONVENIENCE - 2025 ASTROPHYSICS DIVISION SENIOR REVIEW,NASA,
80NSSC19K1666,Grant,"IMEC USA NANOELECTRONICS DESIGN CENTER, INC",-4219.53,,Termination-language transaction P00001 on 2025-04-08; Termination-language transaction P00002 on 2025-05-14; Termination-language transaction P00003 on 2025-08-05,https://www.usaspending.gov/award/ASST_NON_80NSSC19K1666_080/,TERMINATION FOR CONVENIENCE AGREEMENT - RODENT HINDLIMB SUSPENSION  RODENT CSF  AND DIRECT ICP & BIOMARKERS - SUPPORT FOR SOMD DIRECTORATE,NASA,
80LARC21F0083,Contract,CORNELL TECHNICAL SERVICES LLC,0.00,,Termination-language transaction P00006 on 2025-04-08,https://www.usaspending.gov/award/CONT_AWD_80LARC21F0083_8000_80LARC20D0007_8000/,STOP WORK NOTICE ISSUED WITH NOTIFICATION OF INTENT TO TERMINATE FOR CONVENIENCE - SOMA VAULT ADMINISTRATION,NASA,
80NSSC23M0020,Grant,BLUE MARBLE SPACE,0.00,,Termination-language transaction P00003 on 2025-04-08; Termination-language transaction P00004 on 2025-05-14,https://www.usaspending.gov/award/ASST_NON_80NSSC23M0020_080/,TERMINATION FOR CONVENIENCE AGREEMENT - THREE-DIMENSIONAL MODELING OF OBSERVABLE TERRESTRIAL WORLDS - SUPPORT FOR SMD DIRECTORATE,NASA,
80HQTR24F0019,Contract,"ICF INCORPORATED, L.L.C.",0.00,,Termination-language transaction P00002 on 2025-04-08,https://www.usaspending.gov/award/CONT_AWD_80HQTR24F0019_8000_80HQTR21D0004_8000/,STOP WORK AND TERMINATION FOR CONVENIENCE NOTICE ISSUED. ENGAGEMENT SPECIALIST TO THE U.S. GLOBAL CHANGE RESEARCH PROGRAM (USGCRP) NATIONAL COORDINATION OFFICE (NCO),NASA,
80SSC021F0001,Contract,TRILOGY MEDICAL RESOURCES LLC,0.00,,Termination-language transaction P00004 on 2025-04-08,https://www.usaspending.gov/award/CONT_AWD_80SSC021F0001_8000_80SSC021A0001_8000/,STOP WORK NOTICE ISSUED WITH NOTIFICATION OF INTENT TO TERMINATE FOR CONVENIENCE - PROVIDE COVID-19 RAPID TESTING FOR STENNIS SPACE CENTER.,NASA,
80NSSC25PA845,Contract,SINEQUA CORP,-220565.99,,Termination-language transaction P00001 on 2025-04-08,https://www.usaspending.gov/award/CONT_AWD_80NSSC25PA845_8000_-NONE-_-NONE-/,TERMINATION FOR CONVENIENCE AGREEMENT - SINEQUA CUSTOMER SUCCESS ENGINEERS,NASA,
80LARC21F0153,Contract,CORNELL TECHNICAL SERVICES LLC,0.00,,Termination-language transaction P00006 on 2025-04-08,https://www.usaspending.gov/award/CONT_AWD_80LARC21F0153_8000_80LARC20D0007_8000/,"STOP WORK NOTICE ISSUED WITH NOTIFICATION OF INTENT TO TERMINATE FOR CONVENIENCE - MARS EXPLORATION PROGRAM (MEP) ASSESSMENT FOR MANAGEMENT, PLANNING, TECHNICAL, SCIENTIFIC, RISK, COST, AND SCHEDULE SUPPORT",NASA,
80MSFC22F0153,Contract,THE JOHNS HOPKINS UNIVERSITY APPLIED PHYSICS LABORATORY LLC,0.00,,Termination-language transaction P00004 on 2025-04-08,https://www.usaspending.gov/award/CONT_AWD_80MSFC22F0153_8000_80MSFC20D0004_8000/,STOP WORK NOTICE ISSUED WITH NOTIFICATION OF INTENT TO TERMINATE FOR CONVENIENCE - NESC AVIONICS PACKAGING ENGINEERING PROCESSES AND BEST PRACTICES,NASA,
80NSSC25K7031,Grant,TRUSTEES OF TUFTS COLLEGE,-157417.75,,Termination-language transaction P00001 on 2025-04-09; Termination-language transaction P00002 on 2025-06-06; End date truncated 849 days by mod P00003 on 2026-05-11,https://www.usaspending.gov/award/ASST_NON_80NSSC25K7031_080/,INTEGRATING EARTH OBSERVATIONS TOWARD ADVANCING EQUITABLE RESILIENCE TO GEOHAZARDS IN A CHANGING CLIMATE,NASA,
80NSSC25K7036,Grant,UNIVERSITY OF RICHMOND,-248049.00,,Termination-language transaction P00001 on 2025-04-09; Termination-language transaction P00002 on 2025-05-14; Termination-language transaction P00003 on 2026-04-30; End date truncated 876 days by mod P00003 on 2026-04-30,https://www.usaspending.gov/award/ASST_NON_80NSSC25K7036_080/,TERMINATION FOR CONVENIENCE AGREEMENT - BUILDING CAPACITY FOR RESILIENCY  EDUCATION  AND ENVIRONMENTAL JUSTICE ACROSS THE CHANGING INDIGENOUS LANDSCAPES OF VIRGINIA - SUPPORT FOR SMD DIRECTORATE,NASA,
80NSSC25K7030,Grant,UNIVERSITY OF TEXAS HEALTH SCIENCE CENTER AT HOUSTON,-168492.87,,Termination-language transaction P00001 on 2025-04-09; Termination-language transaction P00002 on 2025-05-14; End date truncated 876 days by mod P00003 on 2026-04-30,https://www.usaspending.gov/award/ASST_NON_80NSSC25K7030_080/,LIGHT POLLUTION IS AN EMERGING PUBLIC HEALTH HAZARD THAT HAS BEEN LINKED TO ELEVATED RISK OF MANY DISEASES  INCLUDING SLEEP DISORDERS  CANCER  CARDIOMETABOLIC DISEASES  DEMENTIA AND MENTAL DISORDERS. MOREOVER  LIGHT POLLUTION IS ALSO AN IMPORTANT ENVIRONMENTAL JUSTICE ISSUE. IT HAS BEEN SHOWN THAT MARGINALIZED COMMUNITIES HAVE A DISPROPORTIONATELY HIGH BURDEN OF ARTIFICIAL LIGHT AT NIGHT (ALAN)  AND ARE MORE SUSCEPTIBLE TO DEVELOPE ADVERSE HEALTH EFFECTS RELATED TO ALAN. AMONG AMERICAN CITIES  CHICAGO NOT ONLY HAS ONE OF THE HIGHEST LEVELS OF LIGHT POLLUTION  BUT ALSO DISPLAYS PROFOUND INJUSTICE IN LIGHT POLLUTION. THE LITTLE VILLAGE NEIGHBORHOOD IN CHICAGO  A PREDOMINANTLY MEXICAN IMMIGRANT COMMUNITY  EXEMPLIFIES THE DUAL BURDEN OF HIGH LEVELS OF LIGHT POLLUTION AND SOCIAL VULNERABILITY. THANKS TO YEARS OF COLLABORATIVE WORK WITH OUR COMMUNITY PARTNERS  THERE IS NOW GROWING AWARENESS ABOUT LIGHT POLLUTION AND ITS DETRIMENTAL EFFECTS AMONG THE LITTLE VILLAGE RESIDENTS. IN ADDITION  THE COMMUNITY MEMBERS EXPRESSED PRESSING NEEDS IN LEARNING MORE ABOUT LIGHT POLLUTION IN THEIR NEIGHBORHOOD AND TAKING ACTIONS TO PROMOTE APPROPRIATE LIGHTING AND MITIGATE ADVERSE HEALTH EFFECTS. IN PARTICULAR  THERE ARE CRITICAL NEEDS FOR 1) AN INTERFACE THAT PROVIDE HIGH QUALITY DATA AND VISUALIZATION AND ANALYSIS TOOLS TO CHARACTERIZE THE BURDEN OF ALAN 2) A PLATFORM THAT CROSSLINKS ALAN MEASURES WITH DEMOGRAPHIC AND SOCIOECONOMIC INDICATORS AND HEALTH STATISTICS TO DEMONSTRATE THE SCALE OF LIGHT POLLUTION INJUSTICE AND HIGHLIGHT ITS PUBLIC HEALTH IMPLICATIONS AND 3) AN EXPANDED EDUCATION PROGRAM THAT TEACH STUDENTS ABOUT LIGHT POLLUTION AND ITS CONSEQUENCES AND CULTIVATE NEXT-GENERATION ACTIVISTS TO TAKE DATA-INFORMED ACTIONS.,NASA,
80NSSC24K0913,Grant,UNIVERSITY OF TEXAS HEALTH SCIENCE CENTER AT HOUSTON,0.00,,Termination-language transaction P00001 on 2025-04-09; Termination-language transaction P00002 on 2025-05-14,https://www.usaspending.gov/award/ASST_NON_80NSSC24K0913_080/,TERMINATION FOR CONVENIENCE - USING NASA EARTH OBSERVATIONS TO SUPPORT ENVIRONMENTAL JUSTICE COMMUNITIES IN ATLANTA  GEORGIA  - SUPPORT FOR SMD DIRECTORATE,NASA,
80NSSC25K7032,Grant,EMORY UNIVERSITY,-209014.09,,Termination-language transaction P00001 on 2025-04-09; Termination-language transaction P00002 on 2025-05-14; Termination-language transaction P00003 on 2025-09-25; End date truncated 876 days by mod P00003 on 2025-09-25,https://www.usaspending.gov/award/ASST_NON_80NSSC25K7032_080/,TERMINATION FOR CONVENIENCE AGREEMENT - ADVANCING ENVIRONMENTAL JUSTICE IN ATLANTA THROUGH GIS-ENABLED COMMUNITY ENGAGEMENT - SUPPORT FOR SMD DIRECTORATE,NASA,
80NSSC21K1443,Grant,PRESIDENT AND FELLOWS OF HARVARD COLLEGE,0.00,,Termination-language transaction P00004 on 2025-05-12,https://www.usaspending.gov/award/ASST_NON_80NSSC21K1443_080/,TERMINATION FOR CONVENIENCE AGREEMENT - IMPROVED UNDERSTANDING OF OXYGENATED VOLATILE ORGANIC COMPOUNDS (OVOCS) IN POLLUTED AND REMOTE ATMOSPHERES USING KORUS-AQ AND ATOM DATA: IMPLICATIONS FOR INTERPRETING SATELLITE OBSERVATIONS OF FORMALDEHYDE AND GLYOXAL - SUPPORT FOR SMD DIRECTORATE,NASA,
80NSSC19K0326,Grant,PRESIDENT AND FELLOWS OF HARVARD COLLEGE,0.00,,Termination-language transaction P00019 on 2025-05-12,https://www.usaspending.gov/award/ASST_NON_80NSSC19K0326_080/,TERMINATION FOR CONVENIENCE AGREEMENT - DYNAMICS AND CHEMISTRY OF SUMMER STRATOSPHERE - SUPPORT FOR SMD DIRECTORATE,NASA,
80NSSC23K1430,Grant,PRESIDENT AND FELLOWS OF HARVARD COLLEGE,0.00,,Termination-language transaction P00003 on 2025-05-12,https://www.usaspending.gov/award/ASST_NON_80NSSC23K1430_080/,TERMINATION FOR CONVENIENCE AGREEMENT -RODENT RESEARCH STANDARD HOUSING MISSION: MULTIDISCIPLINARY APPROACH TO UNDERSTANDING SPACEFLIGHT RESPONSES  - SUPPORT FOR SMD DIRECTORATE,NASA,
80NSSC24M0193,Grant,PRESIDENT AND FELLOWS OF HARVARD COLLEGE,-177915.07,,Termination-language transaction P00003 on 2025-05-12; Termination-language transaction P00004 on 2025-08-12,https://www.usaspending.gov/award/ASST_NON_80NSSC24M0193_080/,TERMINATION FOR CONVENIENCE AGREEMENT - NASA OPEN INNOVATION RESEARCH -SUPPORT FOR STMD DIRECTORATE,NASA,
80NSSC21M0002,Grant,PRESIDENT AND FELLOWS OF HARVARD COLLEGE,0.00,,Termination-language transaction P00010 on 2025-05-12,https://www.usaspending.gov/award/ASST_NON_80NSSC21M0002_080/,TERMINATION FOR CONVENIENCE AGREEMENT - COSMIC STORYTELLING WITH NASA DATA: TOOLS FOR EXPLORING DATA SCIENCE - SUPPORT FOR SMD DIRECTORATE,NASA,
80NSSC24K0503,Grant,GEORGE WASHINGTON UNIVERSITY (THE),-301033.02,,Termination-language transaction P00002 on 2025-06-11; End date truncated 611 days by mod P00004 on 2026-03-03,https://www.usaspending.gov/award/ASST_NON_80NSSC24K0503_080/,22-IDS22-0007  ASSESSING ENVIRONMENTAL JUSTICE  AIR QUALITY  AND HEALTH CO-BENEFITS OF TRANSPORT INTERVENTIONS IN U.S. URBAN AREAS,NASA,
80NSSC21K1069,Grant,PRESIDENT AND FELLOWS OF HARVARD COLLEGE,0.00,,Termination-language transaction P00004 on 2025-06-20,https://www.usaspending.gov/award/ASST_NON_80NSSC21K1069_080/,TERMINATION FOR CONVENIENCE AGREEMENT -20-OCOST20-0009  APPLICATION OF CONTINUOUS GROUND-BASED REMOTE SENSING TO ANALYSIS OF OCO-2/3 XCO2 AND SIF DATA IN MOSAIC LANDSCAPES -SUPPORT FOR SMD EARTH SCIENCE DIRECTORATE,NASA,
80KSC020C0012,Contract,SPACE EXPLORATION TECHNOLOGIES CORP.,0.00,,Termination-language transaction P00032 on 2026-06-15,https://www.usaspending.gov/award/CONT_AWD_80KSC020C0012_8000_-NONE-_-NONE-/,"THE PURPOSE OF THIS CONTRACT MODIFICATION IS TO EXTEND THE STOP WORK ORDER BY 90 DAYS, THROUGH SEPTEMBER 27, 2026.",NASA,
80NSSC23K1164,Grant,ARIZONA STATE UNIVERSITY,-16128.87,,End date truncated 2692 days by mod P00003 on 2025-02-26,https://www.usaspending.gov/award/ASST_NON_80NSSC23K1164_080/,22-MMXPSP22-0030 DETERMINING PHOBOS ORIGIN VIA THE OPAQUE MINERALOGY OF RETURNED SAMPLES,NASA,
80NSSC25K0024,Grant,HOWARD UNIVERSITY,-200000.00,,End date truncated 1726 days by mod P00001 on 2025-09-10,https://www.usaspending.gov/award/ASST_NON_80NSSC25K0024_080/,EXECUTE A BALANCED SCIENCE PROGRAM BASED ON DISCIPLINE-SPECIFIC GUIDANCE FROM THE NATIONAL ACADEMIES OF SCIENCES  ENGINEERING  AND MEDICINE  ADMINISTRATION PRIORITIES  AND DIRECTION FROM CONGRESS.   PARTICIPATE AS A KEY PARTNER AND ENABLER IN THE AGE,NASA,
80NSSC26M0002,Grant,UNIVERSITY OF WASHINGTON,-440000.00,,End date truncated 1652 days by mod P00001 on 2026-06-10,https://www.usaspending.gov/award/ASST_NON_80NSSC26M0002_080/,THE GOAL OF THE NASA'S ASTROBIOLOGY PROGRAM IS THE STUDY OF THE ORIGINS  EVOLUTION  AND DISTRIBUTION OF LIFE IN THE UNIVERSE. IT IS CENTRAL TO NASA'S CONTINUED EXPLORATION OF OUR SOLAR SYSTEM AND BEYOND. RESEARCH IS CENTERED ON THE ORIGIN AND EARLY E,NASA,
80NSSC25K0045,Grant,THE REGENTS OF THE UNIVERSITY OF COLORADO,-132748.00,,End date truncated 1379 days by mod P00001 on 2025-09-10,https://www.usaspending.gov/award/ASST_NON_80NSSC25K0045_080/,EXECUTE A BALANCED SCIENCE PROGRAM BASED ON DISCIPLINE-SPECIFIC GUIDANCE FROM THE NATIONAL ACADEMIES OF SCIENCES  ENGINEERING  AND MEDICINE  ADMINISTRATION PRIORITIES  AND DIRECTION FROM CONGRESS.   PARTICIPATE AS A KEY PARTNER AND ENABLER IN THE AGE,NASA,
80NM0022F0008,Contract,CALIFORNIA INSTITUTE OF TECHNOLOGY,-20505.00,,End date truncated 1279 days by mod P00013 on 2025-06-10,https://www.usaspending.gov/award/CONT_AWD_80NM0022F0008_8000_80NM0018D0004_8000/,FY2022 4TH QUARTER FIXED FEE THE FIXED FEE IS FOR THE CONTRACT/SPONSORING AGREEMENT BETWEEN THE NASA AND THE CALTECH OPERATION OF THE FFRDC KNOWN AS THE JPL.,NASA,
80NSSC24K1854,Grant,"OHIO STATE UNIVERSITY, THE",-26574.67,,End date truncated 1244 days by mod P00002 on 2026-03-18,https://www.usaspending.gov/award/ASST_NON_80NSSC24K1854_080/,SINGLE SOURCE  COMMERCIAL IMAGERY ELEVATION RETRIEVAL SUPPORT FOR NASA/GSFC,NASA,
80NSSC24K1345,Grant,PURDUE UNIVERSITY,-30940.44,,End date truncated 1181 days by mod P00002 on 2026-04-30,https://www.usaspending.gov/award/ASST_NON_80NSSC24K1345_080/,THE MYSTERIES OF OUR EARTH  LIFE  AND FUTURE ARE INTRICATELY LINKED WITH PRIMITIVE BODIES LIKE ASTEROIDS AND COMETS.,NASA,
80NSSC21K1488,Grant,SPACE HAZARDS APPLICATIONS LLC,-312946.53,,End date truncated 1171 days by mod P00005 on 2025-06-17,https://www.usaspending.gov/award/ASST_NON_80NSSC21K1488_080/,UNDERSTANDING  SPECIFICATION  AND PREDICTION OF LUNAR SPACE WEATHER,NASA,
80LARC25C0002,Contract,UNIVERSITY OF UTAH,-198003.00,,End date truncated 1095 days by mod P00004 on 2026-05-01,https://www.usaspending.gov/award/CONT_AWD_80LARC25C0002_8000_-NONE-_-NONE-/,"THE DIFFRACTIVE FILTER ARRAY (DFA) IS A CRITICAL COMPONENT FOR THE HYPERPIX INSTRUMENT CONCEPT, WHICH ALLOWS IMAGING A SCIENTIFIC SCENE AT MULTIPLE SPECTRAL BANDS SIMULTANEOUSLY USING A SINGLE SNAPSHOT.",NASA,
80NSSC23K0033,Grant,UNIVERSITY OF ALASKA FAIRBANKS,-92231.11,,End date truncated 958 days by mod P00003 on 2025-02-19,https://www.usaspending.gov/award/ASST_NON_80NSSC23K0033_080/,VENSAR RADIOMETRY OBSERVATIONS OF VENUS CHARACTERIZING SURFACE DIELECTRIC PROPERTIES AND POTENTIAL VOLCANIC ACTIVITY,NASA,
80KSC020F0042,Contract,"TETRA TECH, INC.",-0.01,,End date truncated 945 days by mod P00010 on 2026-05-19,https://www.usaspending.gov/award/CONT_AWD_80KSC020F0042_8000_80KSC019D0011_8000/,INTERIM MEASURE ACTIVITIES AT LC39A,NASA,
80AFRC25FA003,Contract,"BLUE ORIGIN TEXAS, LLC",-25000.00,,End date truncated 942 days by mod P00001 on 2025-07-30,https://www.usaspending.gov/award/CONT_AWD_80AFRC25FA003_8000_80AFRC25DA001_8000/,UNIQUE VEHICLE CAPABILITY ASSESSMENT AND FUTURE SPACE TECHNOLOGY INTEGRATION STUDY DEMONSTRATING ALIGNMENT WITH FLIGHT OPPORTUNITIES PROGRAM OBJECTIVES AND GOALS. INCLUDES PAYLOAD SUITABILITY AND THE END-TO-END PAYLOAD INTEGRATION PROCESS.,NASA,
80NSSC23K1211,Grant,UNIVERSITY OF ARIZONA,-94410.45,,"End date truncated 913 days by mod P00002 on 2025-02-11; Clawback of 59% ($94,410) on 2025-02-11",https://www.usaspending.gov/award/ASST_NON_80NSSC23K1211_080/,TOWARD UNIVERSAL QUANTUM OPTIMAL PHOTONIC PROCESSING USING QUANTUM COMPUTATION,NASA,
80NSSC23FA107,Contract,"GUARDIANS OF HONOR, LLC",-1435837.37,,End date truncated 913 days by mod P00091 on 2026-02-12,https://www.usaspending.gov/award/CONT_AWD_80NSSC23FA107_8000_80NSSC22DA010_8000/,"NASA'S SCIENCE, TECHNOLOGY, ENGINEERING AND MATHEMATICS (NSTEM) CLIN 2 - P00091 DE-OBLIGATION",NASA,
80GSFC21M0002,Grant,"UNIVERSITY OF MARYLAND, COLLEGE PARK",-942702.32,,End date truncated 912 days by mod P00035 on 2025-03-03,https://www.usaspending.gov/award/ASST_NON_80GSFC21M0002_080/,THE GODDARD CENTER FOR RESEARCH AND EXPLORATION IN SPACE SCIENCE AND TECHNOLOGY (CRESSTII) WILL CARRY OUT OBSERVATIONAL  EXPERIMENTAL  AND THEORETICAL RESEARCH IN SUPPORT OF NASA.,NASA,
80NSSC25K0030,Grant,BROWN UNIVERSITY,-448257.00,,End date truncated 893 days by mod P00001 on 2026-01-20,https://www.usaspending.gov/award/ASST_NON_80NSSC25K0030_080/,EXECUTE A BALANCED SCIENCE PROGRAM BASED ON DISCIPLINE-SPECIFIC GUIDANCE FROM THE NATIONAL ACADEMIES OF SCIENCES  ENGINEERING  AND MEDICINE  ADMINISTRATION PRIORITIES  AND DIRECTION FROM CONGRESS.   PARTICIPATE AS A KEY PARTNER AND ENABLER IN THE AGE,NASA,
80NSSC25K7326,Grant,TRUSTEES OF DARTMOUTH COLLEGE,-118451.24,,End date truncated 890 days by mod P00001 on 2025-07-24,https://www.usaspending.gov/award/ASST_NON_80NSSC25K7326_080/,EXECUTE A BALANCED SCIENCE PROGRAM BASED ON DISCIPLINE-SPECIFIC GUIDANCE FROM THE NATIONAL ACADEMIES OF SCIENCES  ENGINEERING  AND MEDICINE  ADMINISTRATION PRIORITIES  AND DIRECTION FROM CONGRESS.   PARTICIPATE AS A KEY PARTNER AND ENABLER IN THE AGENCY S EXPLORATION INITIATIVE  FOCUSING ON SCIENTIFIC RESEARCH OF  ON  AND FROM THE MOON  LUNAR ORBIT  MARS  AND BEYOND.   ADVANCE DISCOVERY IN EMERGING FIELDS BY IDENTIFYING AND EXPLOITING CROSS-DISCIPLINARY OPPORTUNITIES BETWEEN TRADITIONAL SCIENCE DISCIPLINES   DEVELOP A DIRECTORATE-WIDE  TARGET-USER FOCUSED APPROACH TO APPLIED PROGRAMS  INCLUDING EARTH SCIENCE APPLICATIONS  SPACE WEATHER  PLANETARY DEFENSE  AND SPACE SITUATIONAL AWARENESS.,NASA,
80NSSC23K1200,Grant,"EMBRY-RIDDLE AERONAUTICAL UNIVERSITY, INC.",-41.32,,End date truncated 821 days by mod P00003 on 2026-05-04,https://www.usaspending.gov/award/ASST_NON_80NSSC23K1200_080/,NOVEL DUAL QUATERNION BASED MODEL AND CONTROL FOR GRAVITY RECOVERY MISSIONS,NASA,
80NSSC25K7833,Grant,TRUSTEES OF THE COLORADO SCHOOL OF MINES,-166563.00,,End date truncated 807 days by mod P00001 on 2026-03-03,https://www.usaspending.gov/award/ASST_NON_80NSSC25K7833_080/,THIS PROJECT PROPOSES DESIGN AND PROOF-OF-CONCEPT VALIDATION VIA SCALABLE LABORATORY PROTOTYPING OF A MEGAWATT (MW)-SCALE HIGH-VOLTAGE MULTIPHASE DUAL-ROTOR GENERATOR (DRG) INTEGRATED WITH A MULTIPHASE PASSIVE RECTIFIER FOR A POWER MANAGEMENT AND DISTRIBUTION (PMAD) SYSTEM IN A NUCLEAR ELECTRIC PROPULSION (NEP) SYSTEM. IN THE NEP UNDER STUDY A NUCLEAR REACTOR THROUGH A CLOSED BRAYTON CYCLE ACTING AS A PRIME MOVER SPINS A MULTIPHASE (GREATER THAN 3-PHASE) DRG WHOSE OUTPUT IS RECTIFIED WITH A PASSIVE RECTIFIER BEFORE CONNECTING TO SPACECRAFT'S HIGH-VOLTAGE DC (HVDC) BUS.,NASA,
80NSSC23K1175,Grant,"REGENTS OF THE UNIVERSITY OF CALIFORNIA, THE",-18892.28,,End date truncated 805 days by mod P00003 on 2026-05-19,https://www.usaspending.gov/award/ASST_NON_80NSSC23K1175_080/,LOW PRELOAD ICE ANCHORING GRIPPERS FOR ICY WORLDS MOBILITY,NASA,
80NSSC25K7254,Grant,SAN JOSE STATE UNIVERSITY RESEARCH FOUNDATION,-112044.14,,End date truncated 793 days by mod P00003 on 2025-12-31,https://www.usaspending.gov/award/ASST_NON_80NSSC25K7254_080/,24-24FLAG_2-0027  LESSENING IMPACT OF INTERFACE INCONSISTENCY THROUGH GOAL-DIRECTED CREW OPERATIONS..,NASA,
80NSSC25K0108,Grant,PURDUE UNIVERSITY,-6605.51,,End date truncated 763 days by mod P00001 on 2026-05-07,https://www.usaspending.gov/award/ASST_NON_80NSSC25K0108_080/,EXECUTE A BALANCED SCIENCE PROGRAM BASED ON DISCIPLINE-SPECIFIC GUIDANCE FROM THE NATIONAL ACADEMIES OF SCIENCES  ENGINEERING  AND MEDICINE  ADMINISTRATION PRIORITIES  AND DIRECTION FROM CONGRESS.   PARTICIPATE AS A KEY PARTNER AND ENABLER IN THE AGE,NASA,
80NSSC25K7684,Grant,"UNIVERSITY OF CALIFORNIA, LOS ANGELES",-144159.48,,End date truncated 743 days by mod P00001 on 2026-03-19,https://www.usaspending.gov/award/ASST_NON_80NSSC25K7684_080/,THE ROSES FUNDING OPPORTUNITY GOALS ARE: EXECUTE A BALANCED SCIENCE PROGRAM BASED ON DISCIPLINE-SPECIFIC GUIDANCE FROM THE NATIONAL ACADEMIES OF SCIENCES  ENGINEERING  AND MEDICINE  ADMINISTRATION PRIORITIES  AND DIRECTION FROM CONGRESS. PARTICIPATE AS A KEY PARTNER AND ENABLER IN THE AGENCY S EXPLORATION INITIATIVE  FOCUSING ON SCIENTIFIC RESEARCH OF  ON  AND FROM THE MOON  LUNAR ORBIT  MARS  AND BEYOND. ADVANCE DISCOVERY IN EMERGING FIELDS BY IDENTIFYING AND EXPLOITING CROSS-DISCIPLINARY OPPORTUNITIES BETWEEN TRADITIONAL SCIENCE DISCIPLINES DEVELOP A DIRECTORATE-WIDE  TARGET-USER FOCUSED APPROACH TO APPLIED PROGRAMS  INCLUDING EARTH SCIENCE APPLICATIONS  SPACE WEATHER  PLANETARY DEFENSE  AND SPACE SITUATIONAL AWARENESS.,NASA,
80NSSC22K0532,Grant,THE JOHNS HOPKINS UNIVERSITY,-12697.64,,End date truncated 731 days by mod P00004 on 2025-01-23,https://www.usaspending.gov/award/ASST_NON_80NSSC22K0532_080/,TRACING LUNAR VOLATILE SOURCES BASED ON COMPOSITION,NASA,
80ARC026F7015,Contract,"KBR WYLE SERVICES, LLC",-1536193.00,,End date truncated 729 days by mod P00001 on 2026-04-28,https://www.usaspending.gov/award/CONT_AWD_80ARC026F7015_8000_80ARC020D0010_8000/,"INTELLIGENT SYSTEMS RESEARCH AND DEVELOPMENT SUPPORT 3 - TASK ORDER 1 (CODE TI IDIQ WORK).  SUPPORTS: TECHNOLOGY RESEARCH AREAS, MISSION OPERATIONS, FLIGHT OPERATIONS, AND SOFTWARE SYSTEMS ENGINEERING AND SOFTWARE PROJECT MANAGEMENT.",NASA,
80NSSC25PA999,Contract,PROGRESS SOFTWARE CORPORATION,-18635.52,,End date truncated 729 days by mod P00001 on 2025-07-21,https://www.usaspending.gov/award/CONT_AWD_80NSSC25PA999_8000_-NONE-_-NONE-/,FY25 SITEFINITY RENEWAL,NASA,
80NSSC24K0677,Grant,"UNIVERSITY OF CALIFORNIA, LOS ANGELES",-210429.82,,End date truncated 711 days by mod P00003 on 2026-03-19,https://www.usaspending.gov/award/ASST_NON_80NSSC24K0677_080/,22-ECIP22_2-0023 THE GENERATION MECHANISMS OF FORESHOCK ULF WAVE HARMONICS,NASA,
80NSSC25K7862,Grant,VANDERBILT UNIVERSITY,-184546.58,,End date truncated 709 days by mod P00001 on 2026-04-22,https://www.usaspending.gov/award/ASST_NON_80NSSC25K7862_080/,24-ESI24-0029 VOLCANOLOGY FROM SPACE: COMBINING NASA'S EARTH OBSERVING SYSTEM (EOS) WITH LIGHTNING AND INFRASOUND OBSERVATIONS TO INVESTIGATE ACTIVE VOLCANISM,NASA,
80LARC17C0001,Contract,UNIVERSITY OF OKLAHOMA,-513219.48,,End date truncated 638 days by mod P00032 on 2025-09-02,https://www.usaspending.gov/award/CONT_AWD_80LARC17C0001_8000_-NONE-_-NONE-/,"GEOSTATIONARY CARBON CYCLE OBSERVATORY (GEOCARB) MISSION. NASA HAS SELECTED A FIRST-OF-ITS-KIND EARTH SCIENCE MISSION THAT WILL EXTEND OUR NATION'S LEAD IN MEASURING KEY GREENHOUSE GASES AND VEGETATION HEALTH FROM SPACE TO ADVANCE OUR UNDERSTANDING OF EARTH'S NATURAL EXCHANGES OF CARBON BETWEEN THE LAND, ATMOSPHERE AND OCEAN. THE PRINCIPAL INVESTIGATOR (PI)-LED MISSION WILL LAUNCH ON A COMMERCIAL COMMUNICATIONS SATELLITE TO MAKE OBSERVATIONS OVER THE AMERICAS FROM AN ORBIT OF APPROXIMATELY 22,000 MILES (35,400 KILOMETERS) ABOVE THE EQUATOR. THE MISSION WAS COMPETITIVELY SELECTED FROM 15 PROPOSALS SUBMITTED TO THE AGENCY'S SECOND EARTH VENTURE - MISSION ANNOUNCEMENT OF OPPORTUNITY FOR SMALL ORBITAL INVESTIGATIONS OF THE EARTH SYSTEM.  THE PRIMARY GOALS OF THE GEOCARB MISSION ARE TO MONITOR PLANT HEALTH AND VEGETATION STRESS THROUGHOUT THE AMERICAS, TO PROBE, IN UNPRECEDENTED DETAIL, THE NATURAL SOURCES, SINKS AND EXCHANGE PROCESSES THAT CONTROL CARBON DIOXIDE, CARBON MONOXIDE AND METHANE IN THE ATMOSPHERE, AND TO PROVIDE OBSERVATIONS AND DEMONSTRATE METHODS TO REALIZE A TRANSFORMATIONAL ADVANCE IN THE SCIENTIFIC UNDERSTANDING OF THE GLOBAL CARBON CYCLE.  THE GEOCARB MISSION, A CATEGORY 3 MISSION (PER NPR 7120.5E, NASA SPACE FLIGHT PROGRAM AND PROJECT MANAGEMENT REQUIREMENTS) WITH A CLASS D PAYLOAD (PER NPR 8705.4, RISK CLASSIFICATION FOR NASA PAYLOADS), IS A SCIENCE INVESTIGATION WITH THE PRIMARY OBJECTIVE OF SIGNIFICANTLY IMPROVING KNOWLEDGE OF TERRESTRIAL FLUXES OF CO2 AND CH4 AT SCIENCE- AND POLICY-RELEVANT SCALES. THE GEOCARB MISSION UTILIZES A MULTI-CHANNEL SLIT-SCAN SPECTROMETER BASED INSTRUMENT THAT WILL MEASURE ABSORPTION SPECTRA IN SUNLIGHT REFLECTED FROM THE GROUND TO INFER THE ATMOSPHERE-COLUMN CONCENTRATIONS OF CO2, CH4, AND CARBON MONOXIDE (CO). THE INSTRUMENT WILL ALSO MEASURE SOLAR-INDUCED FLUORESCENCE (SIF), WHICH PROVIDES DIRECT INFORMATION ABOUT PHOTOSYNTHESIS.  THE CONTRACTOR AND ITS TEAM MEMBERS WILL PERFORM THE FULL NASA LIFE CYCLE FORMULATION AND IMPLEMENTATION PHASES A THROUGH F. THE GEOCARB PROPOSAL WAS SELECTED UNDER THE NASA ANNOUNCEMENT OF OPPORTUNITY NNH15ZDA011O FOR THE EARTH VENTURE MISSION - 2 ELEMENT OF THE EARTH SYSTEM SCIENCE PATHFINDER PROGRAM OFFICES EARTH VENTURE LINE.",NASA,
80MSFC19C0042,Contract,CALIFORNIA INSTITUTE OF TECHNOLOGY,-933649.40,,End date truncated 608 days by mod P00045 on 2025-09-26,https://www.usaspending.gov/award/CONT_AWD_80MSFC19C0042_8000_-NONE-_-NONE-/,"FOR LUNAR TRAILBLAZER PHASES C/D EFFORT, THE CONTRACTOR SHALL BASELINE OPERATIONAL PROCEDURES, FLIGHT SYSTEM OPERATIONS MANUALS, KEY FLIGHT SEQUENCES, AND PREPARE FOR THE PROJECT LEVEL CRITICAL DESIGN REVIEW AND SYSTEM INTEGRATION REVIEW.",NASA,
80NSSC24K0927,Grant,THE REGENTS OF THE UNIVERSITY OF COLORADO,-16.84,,End date truncated 588 days by mod P00001 on 2026-01-20,https://www.usaspending.gov/award/ASST_NON_80NSSC24K0927_080/,23-SSW23-0034 - PROBING THE INTERIORS OF JUPITER AND GAS GIANTS THROUGH FLUID DYNAMICS SIMULATIONS: CHARACTERIZING THE MIXING EFFICIENCY OF CONVECTION AND THE NATURE OF DILUTE CORES,NASA,
80GRC019F0195,Contract,THE AEROSPACE CORPORATION,-6841.86,,End date truncated 579 days by mod P00029 on 2025-02-27,https://www.usaspending.gov/award/CONT_AWD_80GRC019F0195_8000_80GSFC19D0011_8000/,RESEARCH SUPPORT FOR THE NASA SPACE LAUNCH SYSTEM (SLS) UNIVERSAL STAGE ADAPTER (USA) AT THE NASA GLENN RESEARCH CENTER,NASA,
80LARC25F7010,Contract,THE REGENTS OF THE UNIVERSITY OF COLORADO,-9092.82,,End date truncated 548 days by mod P00005 on 2026-05-21,https://www.usaspending.gov/award/CONT_AWD_80LARC25F7010_8000_80LARC18C0001_8000/,CONDUCT 3 TOTAL DRESS REHEARSALS TO MITIGATE RISK ASSOCIATED WITH EXTENDED STORAGE PERIOD.,NASA,
80NSSC23K1269,Grant,MASSACHUSETTS INSTITUTE OF TECHNOLOGY,-86135.00,,"End date truncated 548 days by mod P00001 on 2025-02-11; Clawback of 100% ($86,135) on 2025-02-11",https://www.usaspending.gov/award/ASST_NON_80NSSC23K1269_080/,22-SSW22-0043  TESTING THE GIANT IMPACT ORIGIN OF THE MARS HEMISPHERIC DICHOTOMY: NOVEL MODELS OF IMPACT DYNAMICS AND POST-IMPACT CRUSTAL FLOW,NASA,
80NSSC23K1330,Grant,UNIVERSITY OF OREGON,-53124.41,,End date truncated 539 days by mod P00002 on 2025-03-10,https://www.usaspending.gov/award/ASST_NON_80NSSC23K1330_080/,22-ICESAT2_22-0042  RETRIEVAL OF GLACIER ICE AND SNOW PROPERTIES OVER THE GREENLAND ICE SHEET FROM ICESAT-2,NASA,
80JSC024F0086,Contract,"CROWDPLAT, INC.",-1300000.00,,End date truncated 527 days by mod P00001 on 2025-05-12,https://www.usaspending.gov/award/CONT_AWD_80JSC024F0086_8000_80JSC020D0040_8000/,PER- AND POLYFLUOROALKYL SUBSTANCES (PFAS) PRIZE COMPETITIONS,NASA,
80NSSC23K1496,Grant,REGENTS OF THE UNIVERSITY OF MINNESOTA,-461543.16,,End date truncated 508 days by mod P00004 on 2025-09-29,https://www.usaspending.gov/award/ASST_NON_80NSSC23K1496_080/,THIS PROJECT PROPOSES TO UTILIZE NOVEL TAILORED IONIC LIQUID (IL) MIXTURES AS COOLANTS FOR SPACECRAFT THERMAL MANAGEMENT. ILS ARE SALTLIKE MATERIALS WITH PURELY IONIC BONDS THAT HAVE MELTING POINTS BELOW ROOM TEMPERATURE  AND SOME CAN EVEN REMAIN IN LIQUID FORM WELL BELOW 0 C. THEIR LOW MELTING POINTS ARE DUE TO THEIR HIGHLY SYMMETRIC MOLECULAR STRUCTURES  LARGE ION SIZES  CATION-ANION SIZE MISMATCH  AND STRONG IONIC INTERACTIONS. ILS EXHIBIT EUTECTIC BEHAVIOR  ALLOWING MIXTURES OF ILS TO HAVE LOWER MELTING POINTS THAN THEIR INDIVIDUAL PURE COMPOUNDS. THE PROPOSAL AIMS TO LEVERAGE THE UNIQUE CHARACTERISTIC OF ILS AND DEVELOP A CUSTOMIZED BINARY OR TERTIARY EUTECTIC IL MIXTURE WITH A MELTING POINT LOWER THAN 150 K. CURRENT COOLANTS USED IN SPACE MISSIONS HAVE LIMITATIONS  AND FINDING A SINGLE-FLUID  SINGLE-PHASE HEAT TRANSFER COOLANT THAT COULD PERFORM EFFECTIVELY ACROSS ALL TEMPERATURE RANGES WOULD BE A GAME-CHANGER FOR FUTURE SPACE MISSIONS. THE PROPOSED PROJECT WILL DEVELOP A SYSTEMATIC PHYSICS-BASED APPROACH TO DESIGN TAILORED IL MIXTURES WITH EXTREMELY LOW MELTING POINTS DESIGNED SPECIFICALLY FOR SINGLE-PHASE THERMAL MANAGEMENT OF SPACECRAFT IN HARSH ENVIRONMENTS. THE PROJECT WILL A) IMPLEMENT A SYSTEMATIC PHYSICS-BASED QUANTITATIVE STRUCTURE-PROPERTY RELATIONSHIP (QSPR) MODELING FRAMEWORK TO IDENTIFY BINARY AND TERTIARY EUTECTIC IL MIXTURES  B) EMPLOY STATE-OF-THE-ART MEASUREMENT TECHNIQUES TO CHARACTERIZE THE RELEVANT THERMOPHYSICAL PROPERTIES  AND C) PERFORM PROOF-OF-CONCEPT PERFORMANCE VALIDATION OF THE SELECTED IL MIXTURES VIA LABSCALE EXPERIMENTS. THE PROJECT WILL BEGIN AT TRL 1  EMPLOYING PHYSICS-DRIVEN METHODS TO IDENTIFY  SELECT  SYNTHESIZE  AND CHARACTERIZE PROMISING IL MIXTURES  AND END AT TRL 4 WITH COMPONENT LEVEL AS WELL AS SYSTEM-LEVEL PROOF-OF-CONCEPT HEAT TRANSFER PERFORMANCE VALIDATION IN THE LABORATORY ENVIRONMENT. UPON COMPLETION OF OUR PROPOSED RESEARCH  WE AIM TO PROGRESS OUR PROJECT S TRL FROM 4 TO 5-6 BY PERFORMING A TECHNOLOGY DEMONSTRATION WITH OUR INDUSTRY PARTNER  ADVANCED COOLING TECHNOLOGIES  INC.  AND 3M. THE DISCOVERY OF A SUITABLE NOVEL IL FOR SPACECRAFT THERMAL MANAGEMENT COULD HAVE A SIGNIFICANT IMPACT ON THE EFFICIENCY  FLEXIBILITY  AND SAFETY OF FUTURE SPACE MISSIONS.,NASA,
NNM16AA29C,Contract,LANTERIS SPACE LLC,-29794.00,,End date truncated 489 days by mod 50 on 2025-06-02,https://www.usaspending.gov/award/CONT_AWD_NNM16AA29C_8000_-NONE-_-NONE-/,"REDUCE FIRM FIXED PRICE, DEOBLIGATE FUNDS, REVISE PERIOD OF PERFORMANCE.",NASA,
80NSSC23K0028,Grant,SPELMAN COLLEGE,-264264.99,,End date truncated 484 days by mod P00003 on 2026-06-03,https://www.usaspending.gov/award/ASST_NON_80NSSC23K0028_080/,21-IPMSI21-0011  ACQUISITION OF GROUND-BASED REMOTE SENSING MEASUREMENT NETWORKS FOR STEM RESEARCH AND RESEARCH EDUCATION IN SPELMAN COLLEGE,NASA,
80NSSC22K1186,Grant,THE REGENTS OF THE UNIVERSITY OF COLORADO,-42158.37,,End date truncated 477 days by mod P00004 on 2026-04-30,https://www.usaspending.gov/award/ASST_NON_80NSSC22K1186_080/,INTERDISCIPLINARY DEVELOPMENT OF ADVANCED AEROCAPTURE GUIDANCE ALGORITHMS USING HIGH-FIDELITY PHYSICS MODELING,NASA,
80NSSC23K1064,Grant,"UNIVERSITY OF CALIFORNIA, LOS ANGELES",-87157.47,,End date truncated 475 days by mod P00003 on 2026-02-02,https://www.usaspending.gov/award/ASST_NON_80NSSC23K1064_080/,SCIENCE GOALS AND OBJECTIVES: ONE OF THE MOST IMPORTANT FINDINGS MADE BY PARKER SOLAR PROBE (PSP) IS THE LARGE NUMBER OF MAGNETIC SWITCHBACKS (SWITCHBACKS FOR SHORT) IN THE NEAR-SUN SPACE. SWITCHBACKS  WITH TYPICAL TIME SCALES OF MINUTES TO TENS OF MINUTES  ARE LOCAL POLARITY-REVERSALS OF THE (RADIAL) MAGNETIC FIELD AND ARE TYPICALLY HIGHLY ALFV NIC  WITH CORRELATIONS BETWEEN VELOCITY AND MAGNETIC FIELD CORRESPONDING TO LARGE-AMPLITUDE OUTWARD-PROPAGATING ALFV N WAVES. MANY OBSERVATIONAL STUDIES SUGGEST THAT SWITCHBACKS PLAY AN IMPORTANT ROLE IN THE EVOLUTION OF SOLAR WIND. EVIDENCE OF MAGNETIC RECONNECTION AND WAVE ACTIVITIES WAS FOUND AT THE BOUNDARIES OF SWITCHBACKS  AND THESE PROCESSES MAY FACILITATE THE ENERGY DISSIPATION IN THE SWITCHBACKS. SIMULATIONS SHOW THAT THE SWITCHBACKS CAN BE DESTROYED BY PARAMETRIC DECAY  RELEASING ENERGY TO THE BACKGROUND PLASMA. THUS  SWITCHBACKS MAY CONTRIBUTE SIGNIFICANTLY TO THE HEATING AND ACCELERATION OF THE SOLAR WIND. HOWEVER  HOW AND WHERE THE SWITCHBACKS ARE GENERATED IS STILL A MYSTERY  AND A QUANTITATIVE ANALYSIS OF THEIR INFLUENCES ON THE BACKGROUND SOLAR WIND IS STILL NEEDED. THE APPEARANCE AND AMPLITUDE OF SWITCHBACKS ARE USUALLY MODULATED BY A LARGE TIME SCALE  TYPICALLY SEVERAL HOURS  SO THAT THE SWITCHBACKS APPEAR IN PATCHES. THESE PATCHES ARE BELIEVED TO BE REMNANTS OF SPATIAL AND/OR TEMPORAL EFFECTS IN THE CORONAL SOURCE REGION OF THE WIND  SO THAT STUDYING THE PATCHES MAY HELP TO UNDERSTAND THE ORIGINS OF SWITCHBACKS. THUS  WE PROPOSE TO ANALYZE IN-SITU SATELLITE MEASUREMENTS OF THE SOLAR WIND AND REMOTE-SENSING OBSERVATIONS OF THE SUN IN ORDER TO ANSWER THE FOLLOWING QUESTIONS: (1) HOW DO THE PROPERTIES OF SWITCHBACKS EVOLVE IN THE SOLAR WIND? WHAT CAN WE LEARN ABOUT THE GENERATION MECHANISMS OF THE SWITCHBACKS FROM THEIR PROPERTIES? (2) HOW MUCH DO THE SWITCHBACKS CONTRIBUTE TO THE ACCELERATION AND HEATING OF THE SOLAR WIND? (3) WHAT IS THE ORIGIN OF THE SWITCHBACK PATCHES? ARE THEY RELATED TO CERTAIN SPATIAL STRUCTURES OR TEMPORAL PROCESSES IN THE SOLAR CORONA? METHODOLOGY: WE WILL COMBINE IN-SITU MEASUREMENTS OF THE SOLAR WIND AND REMOTE SENSING MEASUREMENTS OF THE SOLAR ATMOSPHERE. WE WILL USE INSITU DATA FROM PSP  SOLAR ORBITER AND WIND TO IDENTIFY SWITCHBACKS AND SWITCHBACK PATCHES IN THE SOLAR WIND. THEN WE WILL CONDUCT ANALYSES OF THE PROPERTIES OF SWITCHBACKS AND SWITCHBACK PATCHES  INCLUDING HOW THEY EVOLVE AS THE SOLAR WIND PROPAGATES. WE WILL SELECT TIME INTERVALS WHEN PSP IS GOING THROUGH FAST RADIAL SCAN AND ESTIMATE THE CONTRIBUTION OF THE SWITCHBACKS TO THE ACCELERATION AND HEATING OF THE SOLAR WIND. THE REMOTE SENSING DATA WILL BE FROM HELIOSEISMIC AND MAGNETIC IMAGER (HMI) AND ATMOSPHERIC IMAGING ASSEMBLY (AIA) ONBOARD SOLAR DYNAMICS OBSERVATORY (SDO). WE WILL USE THE REMOTE SENSING DATA  COMBINED WITH TECHNIQUES SUCH AS THE POTENTIAL-FIELD-SOURCE-SURFACE MODEL  TO IDENTIFY SOURCE REGIONS OF THE SOLAR WIND STREAMS MEASURED IN-SITU BY PSP AND OTHER SATELLITES. RELEVANCE: KNOWLEDGE OF THE PROPERTIES AND ORIGINS OF MAGNETIC SWITCHBACKS WILL GREATLY IMPROVE OUR UNDERSTANDING OF THE ORIGINS OF THE SOLAR WIND AND HOW THE SOLAR WIND IS ACCELERATED AND HEATED. THUS  IT IS DIRECTLY RELATED TO ONE OF THE HELIOPHYSICS OVERARCHING GOALS:  EXPLORE AND CHARACTERIZE THE PHYSICAL PROCESSES IN THE SPACE ENVIRONMENT FROM THE SUN TO THE HELIOPAUSE AND THROUGHOUT THE UNIVERSE.  BESIDES  GENERATION OF THE SWITCHBACKS AND SWITCHBACK PATCHES IS A RESULT OF THE SUN S ACTIVITY  SO THE PROPOSED STUDY WILL ALSO CONTRIBUTE TO THE HELIOPHYSICS OVERARCHING GOAL:  ADVANCE OUR UNDERSTANDING OF THE SUN S ACTIVITY.  FURTHERMORE  AS THE SWITCHBACKS MAY PLAY AN IMPORTANT ROLE IN HEATING AND ACCELERATING THE SOLAR WIND AS WELL AS ENERGIZING PARTICLES  THE PROPOSED STUDY WILL HELP US DEVELOP THE KNOWLEDGE AND CAPABILITY TO DETECT AND PREDICT EXTREME CONDITIONS IN SPACE TO PROTECT LIFE AND SOCIETY AND TO SAFEGUARD HUMAN AND ROBOTIC EXPLORERS BEYOND EARTH.,NASA,
80NSSC21K1267,Grant,GEORGIA TECH RESEARCH CORP,-27507.34,,End date truncated 469 days by mod P00005 on 2025-04-01,https://www.usaspending.gov/award/ASST_NON_80NSSC21K1267_080/,3D PRINTING OF DENSE REGOLITH SUSPENSIONS FOR CONSTRUCTION AND WEATHERABILITY AT ULTRA LOW TEMPERATURES,NASA,
80NSSC23K1055,Grant,UNIVERSITY CORPORATION FOR ATMOSPHERIC RESEARCH,-163521.86,,End date truncated 468 days by mod P00004 on 2026-02-17,https://www.usaspending.gov/award/ASST_NON_80NSSC23K1055_080/,UNDERSTANDING AURORAL PRECIPITATION EFFECTS IN THE IONOSPHERE-THERMOSPHERE,NASA,
80NSSC21K1274,Grant,ARIZONA STATE UNIVERSITY,-24345.54,,End date truncated 465 days by mod P00005 on 2025-05-01,https://www.usaspending.gov/award/ASST_NON_80NSSC21K1274_080/,FUNCTIONALIZATION OF NANOPOROUS COVALENT ORGANIC FRAMEWORKS TO ENHANCE PROCESSABILITY AND BROADEN SEPARATION APPLICATIONS,NASA,
80NSSC21K1284,Grant,UNIVERSITY OF MISSOURI SYSTEM,-10001.25,,End date truncated 460 days by mod P00005 on 2025-04-28,https://www.usaspending.gov/award/ASST_NON_80NSSC21K1284_080/,MULTISCALE  MULTIPHYSICS  AND MULTIFIDELITY MODELING AND SIMULATION OF PLASMA SURFACE DUST INTERACTIONS FOR LUNAR EXPLORATION,NASA,
80NSSC23K0584,Grant,BOARD OF REGENTS OF THE UNIVERSITY OF NEBRASKA,-9.02,,End date truncated 454 days by mod P00004 on 2026-01-06,https://www.usaspending.gov/award/ASST_NON_80NSSC23K0584_080/,22-NIAC23B-0017  BIOMINERALIZATION-ENABLED SELF-GROWING BUILDING BLOCKS FOR HABITAT OUTFITTING ON MARS,NASA,
80NSSC23K1435,Grant,THE UNIVERSITY OF CENTRAL FLORIDA BOARD OF TRUSTEES,-37555.66,,End date truncated 445 days by mod P00002 on 2026-05-26,https://www.usaspending.gov/award/ASST_NON_80NSSC23K1435_080/,EXPLORING VARIABILITY IN THE ATMOSPHERES OF IMAGED GIANT EXOPLANETS AND BROWN DWARFS,NASA,
80NSSC21K1112,Grant,SMITHSONIAN INSTITUTION,-297085.95,,End date truncated 439 days by mod P00008 on 2025-04-22,https://www.usaspending.gov/award/ASST_NON_80NSSC21K1112_080/,THE ATMOSPHERES OF ABOUT 40 EXOPLANETS HAVE BEEN OBSERVED SO FAR WITH A STRIKING RESULT: EXOPLANET ATMOSPHERES APPEAR WIDELY DIVERSE  AND THERE IS NO CLEAR CORRELATION BETWEEN THEIR PROPERTIES AND ANY OTHER SYSTEM PARAMETERS. IT IS NOW CLEAR THAT WE WILL ONLY UNDERSTAND THE PHYSICAL AND CHEMICAL PROPERTIES OF EXOPLANET ATMOSPHERES BY COMPARING LARGE STATISTICALLY SAMPLES OF TARGETS. THIS WILL REQUIRE,NASA,
80NSSC23K1300,Grant,"UNIVERSITY OF CALIFORNIA, LOS ANGELES",-128921.23,,End date truncated 436 days by mod P00001 on 2025-05-13,https://www.usaspending.gov/award/ASST_NON_80NSSC23K1300_080/,EVALUATING GEOCHRONOLOGIC COMPLEXITY AND IMPACTOR DIVERSITY OF HIGHLAND IMPACTITES,NASA,
80NSSC24K0874,Grant,UNIVERSITY OF TEXAS AT ARLINGTON,-113154.62,,End date truncated 429 days by mod P00002 on 2026-01-26,https://www.usaspending.gov/award/ASST_NON_80NSSC24K0874_080/,SINGLE SOURCE THE MAGNETOSPHERIC MULTISCALE SCIENTIST IN THE LOOP,NASA,
80NSSC23K1372,Grant,PURDUE UNIVERSITY,-25384.61,,End date truncated 416 days by mod P00004 on 2026-06-05,https://www.usaspending.gov/award/ASST_NON_80NSSC23K1372_080/,PREDICTING RADAR OBSERVATIONS OF MIXED ICE/DUST LAYERS THROUGH GPR FORWARD MODELING AND LAB EXPERIMENTS,NASA,
80NSSC23K1592,Grant,THE UNIVERSITY OF ALABAMA IN HUNTSVILLE,-175497.29,,End date truncated 415 days by mod P00001 on 2025-06-11,https://www.usaspending.gov/award/ASST_NON_80NSSC23K1592_080/,23-NUP2023-0082 UNDERSTANDING THE ANOMALOUS EXPANSION OF CMES IN SOLAR CYCLE 24 USING MAGNETOHYDRODYNAMIC SIMULATIONS,NASA,
80NSSC23K0787,Grant,ARIZONA STATE UNIVERSITY,-217579.63,,End date truncated 414 days by mod P00002 on 2025-02-25,https://www.usaspending.gov/award/ASST_NON_80NSSC23K0787_080/,WE PROPOSE TO INVESTIGATE GRAIN MIGRATION IN THE PROTOPLANETARY DISK DURING THE ERA OF CHONDRULE FORMATION BY INVESTIGATING THE CHEMICAL AND O-ISOTOPE COMPOSITIONS OF CHONDRULE PRECURSORS. WHILE THE DISCOVERY OF CALCIUM-ALUMINUM RICH INCLUSIONS AND CHONDRULE-LIKE OBJECTS IN COMET WILD 2 SHOWED THAT OUTWARD MIGRATION OF SUB-MM SIZED-PARTICLES OCCURRED VERY EARLY IN THE SOLAR SYSTEM  THE EXTENT AND DIRECTION(S) OF MIGRATION AFTER THIS EARLY TIME IN SOLAR SYSTEM HISTORY IS NOT KNOWN. THE PROPOSED WORK IS RELEVANT TO THE SCOPE OF THE EMERGING WORLDS PROGRAM  AS ITS GOAL IS   TO ADVANCE SCIENTIFIC KNOWLEDGE OF THE SOLAR SYSTEM BY INVESTIGATING HOW IT FORMED AND EVOLVED  THROUGH THE ANALYSES OF EXTRATERRESTRIAL MATERIALS IN THE LABORATORY. EMERGING WORLDS IS MOST APPROPRIATE FOR THIS RESEARCH SINCE IT IS RELEVANT TO MULTIPLE TOPICS LISTED IN THE PROGRAM S SCOPE IN C.2.  INCLUDING  BUT NOT LIMITED TO:  STUDIES OF ALL ASPECTS OF MATERIALS PRESENT AND PROCESSES OCCURRING IN AND AFFECTING THE PROTOPLANETARY DISK  . WE WILL ACHIEVE THESE GOALS BY DETERMINING THE MORPHOLOGIES  ELEMENTAL  AND O-ISOTOPE COMPOSITIONS OF CHONDRULE PRECURSORS USING STATE-OF-THE-ART COORDINATED MICROANALYTICAL TECHNIQUES (FIELD EMISSION ELECTRON PROBE MICROANALYSIS AND SECONDARY ION MASS SPECTROMETRY). PARTIALLY MELTED CHONDRULES CONTAIN UNMELTED CHONDRULE PRECURSOR SILICATES THAT SURVIVED HEATING DURING CHONDRULE FORMATION  WHICH ARE TERMED RELICT GRAINS. THESE RELICT GRAINS MAY BE PRIMORDIAL SILICATES RELATED TO REFRACTORY INCLUSIONS  RECYCLED CHONDRULE FRAGMENTS FROM THE SAME METEORITE GROUP  XENOCRYSTS FROM ANOTHER CHONDRITE GROUP  OR DEBRIS FROM DIFFERENTIATED/ UNDIFFERENTIATED PLANETESIMALS. CHONDRULES FROM DISTINCT METEORITE GROUPS HAVE CHARACTERISTIC CHEMICAL AND/OR O-ISOTOPE COMPOSITIONS  ALLOWING US TO IDENTIFY THE ORIGIN(S) OF RELICT GRAINS. RELICT GRAINS IN CHONDRULES ARE IMPORTANT TO STUDY BECAUSE WE KNOW THEY WERE PRESENT DURING CHONDRULE FORMATION IN THE EARLY SOLAR SYSTEM. BY CONSTRAINING THE ORIGIN(S) OF RELICT GRAINS IN CHONDRULES FROM METEORITE GROUPS WITH DISTINCT ESTABLISHED FORMATION AGES THAT FORMED AT DISTINCT RADIAL LOCATIONS IN THE PROTOPLANETARY DISK  WE WILL INVESTIGATE GRAIN MIGRATION BETWEEN CHONDRITE GROUPS PRIOR TO AND DURING CHONDRULE FORMATION AND CONSTRAIN THEIR SOURCE(S). OUR PRELIMINARY DATA INDICATE THAT CHONDRULE FRAGMENTS MIGRATED BETWEEN DISTINCT CHONDRULE-FORMING REGIONS  FROM THE NON-CARBONACEOUS [NC] METEORITE REGION IN THE INNER SOLAR SYSTEM TO THE CARBONACEOUS CHONDRITE [CC] METEORITE REGION IN THE OUTER SOLAR SYSTEM REGION  IMPLYING OUTWARD MIGRATION OF GRAINS IN THE PROTOPLANETARY DISK. OUR DATA WILL HAVE SIGNIFICANT IMPLICATIONS FOR MIXING OF MATERIAL IN THE EARLY SOLAR SYSTEM  AND ASSUMING 26AL HOMOGENEITY  PROVIDE ESTIMATES ON THE TIMING OF SUCH MIGRATION(S) BETWEEN FORMATION REGIONS. DETERMINING THE ORIGIN(S) OF CHONDRULE PRECURSORS  RELICT GRAINS  WILL PROVIDE ANALYTICAL CONSTRAINTS TO TEST OUR HYPOTHESIS THAT THE RADIAL MIGRATION OF GRAINS IN THE PROTOPLANETARY DISK DURING THE ERA OF CHONDRULE FORMATION WAS OUTWARD.,NASA,
80NSSC22K1051,Grant,OKLAHOMA STATE UNIVERSITY,-6.77,,End date truncated 410 days by mod P00004 on 2026-03-18,https://www.usaspending.gov/award/ASST_NON_80NSSC22K1051_080/,AEROKATS AND ROVER EDUCATION NETWORK . OSU,NASA,
80NSSC23K1293,Grant,OCCIDENTAL COLLEGE,-158295.79,,End date truncated 405 days by mod P00001 on 2025-06-09,https://www.usaspending.gov/award/ASST_NON_80NSSC23K1293_080/,SATELLITE MONITORING OF RIVERS: A DISTRIBUTED-SAMPLING APPROACH TO IMPROVE SATELLITE ESTIMATES OF RIVER WATER QUALITY ON A GLOBAL SCALE,NASA,
80NSSC25FA413,Contract,KPAUL PROPERTIES LLC,-64705.87,,End date truncated 385 days by mod P00001 on 2025-06-03,https://www.usaspending.gov/award/CONT_AWD_80NSSC25FA413_8000_NNG15SD33B_8000/,FY25 ASDC BACULA SOFTWARE SUBSCRIPTIONS RENEWAL,NASA,
80NSSC25CA075,Contract,"VISTA PHOTONICS, INC",-18845.46,,End date truncated 375 days by mod P00003 on 2026-06-30,https://www.usaspending.gov/award/CONT_AWD_80NSSC25CA075_8000_-NONE-_-NONE-/,SBIR PHASE III - MANUFACTURE AND DELIVERY OF HABITATION AND LOGISTICS OUTPOST (HALO) PRIMARY CONSTITUENT MONITOR (PCM),NASA,
80NSSC25K7577,Grant,"ASSOCIATION OF UNIVERSITIES FOR RESEARCH IN ASTRONOMY, INC.",-19352.13,,End date truncated 368 days by mod P00002 on 2026-02-25,https://www.usaspending.gov/award/ASST_NON_80NSSC25K7577_080/,CATCHING TRANSIENT OBSCURING OUTFLOWS IN AGN WITH SWIFT,NASA,
80NSSC21K0620,Grant,"UNIVERSITY OF CALIFORNIA, SANTA BARBARA",-62947.40,,End date truncated 366 days by mod P00005 on 2026-02-12,https://www.usaspending.gov/award/ASST_NON_80NSSC21K0620_080/,"THE NATIONAL ACADEMIES  2018 DECADAL SURVEY FOR EARTH SCIENCE  THRIVING ON OUR CHANGING PLANET  IDENTIFIES IMAGING SPECTROSCOPY AS A NECESSARY MEASUREMENT TO ADDRESS A MOST IMPORTANT OBJECTIVE FOR THE HYDROLOGIC CYCLE: ""QUANTIFY RATES OF SNOW ACCUMULATION  SNOWMELT  ICE MELT  AND SUBLIMATION FROM SNOW AND ICE WORLDWIDE AT SCALES DRIVEN BY TOPOGRAPHIC VARIABILITY."" MEETING THIS OBJECTIVE REQUIRES THE ABILITY TO MEASURE SNOW ALBEDO AND UNDERSTAND HOW AND WHY IT VARIES  ESPECIALLY IN THE WORLD'S MOUNTAINS  WHICH COMPRISE A QUARTER OF THE WORLD'S LAND AREA BUT PRODUCE AT LEAST HALF OF THE RUNOFF. THE EUROPEAN SPACE AGENCY HAS SELECTED A CANDIDATE SENSOR TO ADDRESS THESE NEEDS. THE COPERNICUS HYPERSPECTRAL IMAGING MISSION FOR THE ENVIRONMENT (CHIME) IS IN PHASE B1  WITH SPATIAL RESOLUTION OF 20 TO 30 M  SPECTRAL COVERAGE FROM 400 TO 2500 NM AT RESOLUTION OF 10 NM OR LESS  REVISIT INTERVAL OF 10 TO 12 DAYS  10:30 EQUATOR CROSSING TIME  LAUNCH 2026. THE PROPOSED INVESTIGATION WILL ADDRESS THE CAPABILITY OF CHIME TO TACKLE THE FOLLOWING QUESTIONS AND HELP DEVELOP APPROPRIATE LEVEL 2 PRODUCTS. EXPERIENCE AND CROSS-VALIDATION WOULD BENEFIT THE DEVELOPMENT OF NASA S SURFACE BIOLOGY AND GEOLOGY DESIGNATED OBSERVABLE AND SHORTEN THE REVISIT INTERVAL. Q1. HOW DOES SENSITIVITY OF IMAGING SPECTROSCOPY RETRIEVALS OF SNOW AND GLACIER PROPERTIES IN THE MOUNTAINS VARY DEPENDING ON THE SOLUTION METHOD FOR THE INVERSION AND THE ATMOSPHERIC CORRECTION? Q2. HOW DO SNOW SPECIFIC SURFACE AREA  RADIATIVE FORCING BY LIGHT-ABSORBING PARTICLES  AND SNOW ALBEDO VARY SPATIALLY  SEASONALLY  AND INTERANNUALLY IN THE WORLD'S MOUNTAINS? Q3. HOW CAN A FUSION OF SPECTROSCOPY DATA WITH MORE FREQUENT AND BROADER COVERAGE FROM MULTISPECTRAL SENSORS ENABLE CHARACTERIZATION OF THE SNOW AND ICE PROPERTIES AND RADIATIVE FORCING OVER LARGER AREAS AND ACROSS SEASONS AND YEARS? THE CORRESPONDING OBJECTIVES ARE: O1. USE CHIME S SURFACE REFLECTANCE PRODUCTS  CORRECTED FOR TOPOGRAPHY  TO INVERT THE SIGNAL FOR RETRIEVAL OF SNOW PROPERTIES  AND THEREBY INFORM ESA OF FEASIBLE LEVEL 2 PRODUCTS FOR SNOW AND GLACIER PROPERTIES. O2. PRE-LAUNCH ANALYZE SPATIAL VARIABILITY OF SNOW SPECIFIC SURFACE AREA  RADIATIVE FORCING BY DUST  CARBON  AND ORGANIC MATERIAL  AND RESULTING SNOW AND ICE ALBEDO USING AVAILABLE DATA FROM AIRBORNE SPECTROMETERS. POST-LAUNCH PLAN SIMILAR ANALYSES GLOBALLY IN REPRESENTATIVE MOUNTAIN RANGES. O3. EXAMINE FUSION OF QUANTITATIVE IMAGING SPECTROSCOPY RETRIEVALS TO ENHANCE SEMI-QUANTITATIVE RETRIEVALS FROM MULTISPECTRAL LANDSAT 8/9 OLI AND SENTINEL-2A/B MSI DATA FOR GREATER SPATIAL AND TEMPORAL COVERAGE. THE FORWARD PROBLEM  ESTIMATING SNOW SPECTRAL REFLECTANCE BASED ON PROPERTIES OF THE SNOWPACK  BENEFITS FROM INSIGHTFUL RESEARCH AND OBSERVATION STRETCHING BACK SIX DECADES. THE INVERSE PROBLEM  USING SPACEBORNE REMOTE SENSING TO RETRIEVE THE SNOW PROPERTIES THAT GOVERN ALBEDO  HAS SEEN FEWER CONVINCING RESULTS IN MOUNTAINOUS REGIONS  WITH OFTEN DISCONTINUOUS SNOW  LOCAL AND LONG-DISTANCE TRANSPORT AND DEPOSITION OF LIGHT ABSORBING PARTICLES  AND FORESTS AND TOPOGRAPHY THAT SHELTER AND OBSCURE THE SNOW. THE PROPOSED ALGORITHMIC APPROACH TREATS THE SNOW PROPERTIES AS A CONTINUUM  AND THE RADIATIVE TRANSFER MODELS ARE INVERTED TO SOLVE FOR A SET OF UNKNOWNS THAT INCLUDE FRACTIONAL SNOW COVER  SPECIFIC SURFACE AREA OF THE SNOW  AND THE CONCENTRATION  SIZE  AND OPTICAL PROPERTIES OF LIGHT ABSORBING PARTICLES  ACCOUNTING FOR TOPOGRAPHIC VARIABILITY. IN MOST SNOW-DOMINATED ENVIRONMENTS  NET SOLAR RADIATION DRIVES MELT AND METAMORPHISM OF SNOW. IN MODELING THESE PROCESSES  INACCURACY IN THE ESTIMATION OF SNOW ALBEDO CONSTITUTES THE MAJOR SOURCE OF UNCERTAINTY IN CALCULATING THE SNOWPACK S ENERGY BALANCE. THAT LACK OF KNOWLEDGE PROPAGATES TO UNCERTAINTY IN FORECASTING RUNOFF  ANALYZING ECOHYDROLOGICAL PROCESSES  ESTIMATING MELT RATE  AND DETERMINING WHEN THE SEASONAL SNOW COVER MELTS TO EXPOSE DARKER GLACIER ICE IN THE ABLATION ZONES OF GLACIERS.",NASA,
80NSSC23K0183,Grant,THE UNIVERSITY OF ALABAMA IN HUNTSVILLE,-43.54,,End date truncated 365 days by mod P00002 on 2025-12-05,https://www.usaspending.gov/award/ASST_NON_80NSSC23K0183_080/,THIS PROPOSAL ADDRESSES THE WEATHER AND CLIMATE THEMATIC SERVICE AREA OF THE A.35 SERVIR APPLIED SCIENCES TEAM (AST) SOLICITATION  WITH A SPECIFIC FOCUS ON SERVIR-HINDU KUSH HIMALAYA (HKH) REGION. AIR POLLUTION IN THE HKH REGION OF SOUTH-CENTRAL ASIA IS A SEVERE ISSUE  AS INCREASES IN EMISSIONS AND POLLUTANT LEVELS OVER THE PAST TWO DECADES HAVE DEGRADED AIR QUALITY (AQ) ACROSS THE REGION  WHICH POSES MAJOR THREATS TO THE ECOSYSTEM  HUMAN HEALTH  CLIMATE  AND AGRICULTURE. A DIVERSITY OF ANTHROPOGENIC AND NATURAL EMISSION SOURCES INCLUDING TRANSPORTATION  POWER PLANTS  INDUSTRIES  OPEN BIOMASS BURNING OF CROP RESIDUE  FOREST FIRES  COOKING AND HEATING FIRES  AND DUST STORMS CAN CONTRIBUTE TO THE ELEVATED POLLUTION LEVELS IN HKH. TRANSBOUNDARY POLLUTION IS A MAJOR CONCERN IN THE REGION  AS HIGH EMISSIONS FROM REGIONAL SOURCES SUCH AS FIRES CAN LEAD TO COMPLEX INFLUENCES ON LOCAL AQ. THE OVERARCHING GOAL OF THIS PROPOSAL IS TO BUILD A FULLY CUSTOMIZED AND SUSTAINABLE AQ TOOLKIT FOR ADVANCING AQ MONITORING  FORECASTING  AND MANAGEMENT DECISIONS IN THE HKH FOCUS COUNTRIES. APPLICATION OF OUR ENHANCED AQ TOOLKIT WILL AID IN CHARACTERIZING AND QUANTIFYING DIURNALLY-VARYING SOURCE EMISSIONS AND ATTRIBUTIONS ON THE AQ STATE  PROVIDING CRITICAL INFORMATION TO THE SERVIRHKH HUB AND PARTNER AGENCIES ON TRANSBOUNDARY POLLUTION AND LOCAL-SCALE AQ ISSUES IN THE REGION. SPECIFIC OBJECTIVES OF THE PROPOSED PROJECT ARE AS FOLLOWS: (1) DEVELOP CUTTING-EDGE ALGORITHMS AND MACHINE LEARNING (ML) TECHNIQUES FROM SATELLITE DATA TO DELIVER NEAR REAL-TIME PRODUCTS AND TOOLS WITH ADVANCED PRECISION AND DETAIL ON EMISSIONS  TRANSBOUNDARY POLLUTANTS  AND LOCAL-SCALE AQ (2) IMPLEMENT NEWLY CUSTOMIZED MODEL SOLUTIONS WITH UPDATED EMISSION INVENTORIES AND ASSIMILATION PROCEDURES FOR IMPROVING AQ FORECASTS AND DECISION-MAKING ACTIVITIES (3) ACTIVELY ENGAGE WITH THE SERVIR-HKH HUB AND PARTNERS IN THE REGION THROUGH WORKSHOPS AND TRAINING TO TAILOR NEW PRODUCT SOLUTIONS/TOOLS TO SPECIFIC STAKEHOLDER NEEDS IN EACH HKH FOCUS COUNTRY  MAXIMIZING THE APPLICATION IMPACT AND SUSTAINABILITY OF OUR AQ TOOLKIT. OUR ML ALGORITHMS WILL UTILIZE SPECTRAL  SPATIAL  AND TEMPORAL INFORMATION FROM DIFFERENT BAND COMBINATIONS ON NEW-GENERATION GEOSTATIONARY SATELLITE SENSORS TO ACCURATELY CLASSIFY DUST AND SMOKE IN THE HKH REGION. THE DUST AND SMOKE CLASSIFICATIONS WILL BE USED TO DEVELOP AN ENHANCED AEROSOL OPTICAL DEPTH (AOD) PRODUCT AND SURFACE-LEVEL PARTICULATE MATTER ESTIMATES FOR THE REGION. WE WILL ALSO OPERATIONALIZE A THRESHOLD-BASED APPROACH USING GEOSTATIONARY SATELLITE DATA TO PROVIDE FIRE HOT SPOT LOCATIONS THROUGHOUT THE DAYTIME AND NIGHTTIME. THE AOD AND FIRE DETECTION PRODUCTS WILL BE USED AS INPUT INTO A HIGH-RESOLUTION WEATHER RESEARCH AND FORECASTING MODEL WITH CHEMISTRY (WRF-CHEM) CONFIGURATION OVER THE REGION. THE OPERATIONAL WRF-CHEM MODEL WILL ALSO BE UPDATED WITH A NEW ANTHROPOGENIC EMISSIONS INVENTORY BASED ON A SATELLITE-BASED ADJUSTMENT METHOD. LASTLY  THE FIRE DETECTION LOCATIONS  DUST CLASSIFICATIONS  AND AEROSOL LAYER HEIGHT PRODUCTS WILL BE USED TO INITIALIZE AN AUTOMATED HYSPLIT DISPERSION FORECASTING SYSTEM OVER HKH FOR RAPIDLY WARNING THE PUBLIC OF AQ EXCEEDANCES RELATED TO DUST AND SMOKE EPISODES. TO TAILOR OUR AQ PRODUCTS TO STAKEHOLDER NEEDS IN HKH  WE WILL ACTIVELY ENGAGE THE COMMUNITY THROUGH WORKSHOPS AND CUSTOMIZED TRAININGS OVER THE COURSE OF THE PROJECT  SUPPORTING LONG-TERM SUSTAINABILITY OF OUR PRODUCTS. WE AIM TO ACHIEVE AN APPLICATIONS READINESS LEVEL OF 8  APPLICATION SYSTEM COMPLETED AND QUALIFIED BY THE REGIONAL PARTNERS THROUGH TESTING AND DEMONSTRATION IN TARGETED DECISION-MAKING ACTIVITIES. OUR PROPOSED WORK WILL BUILD UPON THE HEALTH AND AQ FOCUS AREA OF THE NASA APPLIED SCIENCES PROGRAM THROUGH ENABLING IMPACTFUL APPLICATIONS FOR SOCIETAL BENEFIT  BUILDING KNOWLEDGE  AND EXPANDING PARTNERSHIPS IN THE REGION.,NASA,
80NSSC21K0418,Grant,UNIVERSITY OF MARYLAND BALTIMORE COUNTY,-4.25,,End date truncated 365 days by mod P00007 on 2025-12-09,https://www.usaspending.gov/award/ASST_NON_80NSSC21K0418_080/,SPECIFICALLY  THE SCIACT 2.0 (2021-2025) IS SEEKING PROPOSALS THAT CREATE A PROCESS TO  BROADEN PARTICIPATION OF UNDERREPRESENTED AND UNDER-SERVED LEARNERS IN ORDER TO MAXIMIZE PARTICIPATION IN ADVANCEMENT OF KNOWLEDGE.,NASA,
80NSSC24K0540,Grant,"ASSOCIATION OF UNIVERSITIES FOR RESEARCH IN ASTRONOMY, INC.",-55709.70,,End date truncated 355 days by mod P00005 on 2026-03-10,https://www.usaspending.gov/award/ASST_NON_80NSSC24K0540_080/,23-XMMNC22-0020 CATCHING CHANGING-LOOK NGC 3516 AT A BRIGHT FLUX TO ESTABLISH THE ROLE OF WINDS,NASA,
80NSSC25PA974,Contract,"HEXAGON MANUFACTURING INTELLIGENCE, INC.",-26896.00,,End date truncated 351 days by mod P00001 on 2025-05-12,https://www.usaspending.gov/award/CONT_AWD_80NSSC25PA974_8000_-NONE-_-NONE-/,HEXAGON RENEWAL AND PC-DMIS OFFLINE LICENSE,NASA,
80NSSC20K0737,Grant,MASSACHUSETTS INSTITUTE OF TECHNOLOGY,-95.49,,End date truncated 349 days by mod P00007 on 2025-01-23,https://www.usaspending.gov/award/ASST_NON_80NSSC20K0737_080/,MIT PARTICIPATION IN CALIBRATION AND GROUND SOFTWARE DEVELOPMENT FOR XRISM,NASA,
80NSSC21K1255,Grant,"UNIVERSITY OF KENTUCKY RESEARCH FOUNDATION, THE",-3341.65,,End date truncated 339 days by mod P00006 on 2025-07-21,https://www.usaspending.gov/award/ASST_NON_80NSSC21K1255_080/,SPALLATION EFFECTS IN TPS MODELS,NASA,
80NSSC24K1087,Grant,"SCIENCE SYSTEMS AND APPLICATIONS, INC.",-167308.77,,End date truncated 337 days by mod P00002 on 2026-06-03,https://www.usaspending.gov/award/ASST_NON_80NSSC24K1087_080/,23-SIST23-0009 EXTENSION AND IMPROVEMENTS OF THE GSFCSSI2 COMPOSITE SOLAR SPECTRAL IRRADIANCE DATA RECORD,NASA,
80NSSC21K1280,Grant,CALIFORNIA INSTITUTE OF TECHNOLOGY,-42777.67,,End date truncated 336 days by mod P00006 on 2025-07-08,https://www.usaspending.gov/award/ASST_NON_80NSSC21K1280_080/,WE ARE PROPOSING TO DEMONSTRATE TWO TYPES OF NOVEL ON-CHIP LASER SOURCES IN THE NEAR AND MID INFRARED.,NASA,
80NSSC21P1879,Contract,"KONICA MINOLTA BUSINESS SOLUTIONS U.S.A, INC.",-2353.51,,End date truncated 335 days by mod P00010 on 2025-07-18,https://www.usaspending.gov/award/CONT_AWD_80NSSC21P1879_8000_-NONE-_-NONE-/,"THIS IS FOR PRINTER SERVICES FOR THE ARMSTRONG FLIGHT RESEARCH CENTER (AFRC) REPRODUCTION CENTER, BY LEASING TWO IDENTICAL BASE MODEL SERVICE ASSET DEVICES.",NASA,
80NSSC26FA315,Contract,"FCN, INC.",-79230.00,,End date truncated 334 days by mod P00001 on 2026-07-01,https://www.usaspending.gov/award/CONT_AWD_80NSSC26FA315_8000_NNG15SC71B_8000/,FY26 RED HAT RHEL LICENSE RENEWAL,NASA,
80NSSC25K7593,Grant,YALE UNIV,-7582.54,,End date truncated 334 days by mod P00002 on 2026-02-02,https://www.usaspending.gov/award/ASST_NON_80NSSC25K7593_080/,OBSERVING HIGH-ENERGY RADIATION EVAPORATE AN EXOPLANET,NASA,
80NSSC25K0284,Grant,SMITHSONIAN INSTITUTION,-13499.60,,End date truncated 333 days by mod P00001 on 2025-12-02,https://www.usaspending.gov/award/ASST_NON_80NSSC25K0284_080/,EXECUTE A BALANCED SCIENCE PROGRAM BASED ON DISCIPLINE-SPECIFIC GUIDANCE FROM THE NATIONAL ACADEMIES OF SCIENCES  ENGINEERING  AND MEDICINE  ADMINISTRATION PRIORITIES  AND DIRECTION FROM CONGRESS.   PARTICIPATE AS A KEY PARTNER AND ENABLER IN THE AGE,NASA,
80NSSC21K1301,Grant,MASSACHUSETTS INSTITUTE OF TECHNOLOGY,-51612.82,,End date truncated 333 days by mod P00007 on 2025-09-26,https://www.usaspending.gov/award/ASST_NON_80NSSC21K1301_080/,TO ADDRESS THE CHALLENGE OF COMPUTATIONAL COMPLEXITY IN ENTRY  DESCENT  AND LANDING GUIDANCE ALGORITHMS  I WILL DEVELOP EFFICIENT METHODS TO COMPUTE LARGE DIVERTS AT A DISTANCE AT LEAST TWICE THE HEIGHT AT POWERED DESCENT START.,NASA,
80NSSC23K0241,Grant,"ASSOCIATION OF UNIVERSITIES FOR RESEARCH IN ASTRONOMY, INC.",-73852.35,,End date truncated 327 days by mod P00004 on 2026-03-10,https://www.usaspending.gov/award/ASST_NON_80NSSC23K0241_080/,21-NUSTAR21-0005  DECIPHERING EVOLUTION OF CHANGING-LOOK AGN NGC 3516,NASA,
80NSSC23K0037,Grant,UNIVERSITY OF OKLAHOMA,-348410.13,,End date truncated 303 days by mod P00004 on 2026-03-03,https://www.usaspending.gov/award/ASST_NON_80NSSC23K0037_080/,CLAY MINERALS PRESENT A CONUNDRUM ON MARS- WHILE WE OBSERVE RELATIVELY THICK LAYERS OF CLAY MINERALS AND OTHER SECONDARY MINERALS WHICH ARE TYPICALLY FORMED THROUGH AQUEOUS PROCESSES ON EARTH  CLIMATE MODELS PREDICT COLD CONDITIONS ON EARLY MARS THAT PRECLUDE LONG-TERM STABILITY OF FRESH WATER ON THE SURFACE. ADDING SALT DECREASES THE FREEZING POINT OF WATER  ALLOWING LONG-TERM STABILITY OF LIQUID WATER AT COLDER TEMPERATURES AND LOWER PRESSURES. SALTS ALSO ALLOW FOR THIN FILMS OF WATER AT MINERAL SURFACES. PREVIOUS EXPERIMENTS CONDUCTED BY OUR RESEARCH GROUP DEMONSTRATE THAT MINERAL-BRINE INTERACTIONS CAN PRODUCE CLAY MINERALS WITHIN WEEKS OF REACTION WITH PRIMARY ROCK-FORMING SILICATES. HERE WE AIM TO FURTHER INVESTIGATE THE MINERALOGY AND ABUNDANCE OF CLAY MINERAL PHASES PRODUCED WHEN PRIMARY SILICATE MINERALS REACT WITH HIGH SALINITY BRINES. IN ADDITION  WE WILL ALSO EXAMINE CLAY ALTERATION IN HIGH SALINITY BRINES TO FURTHER UNDERSTAND THE POTENTIAL EFFECTS OF EVAPORATING/FREEZING SURFACE WATERS AS WELL AS HIGH DENSITY DIAGENETIC FLUIDS ON CLAY MINERALOGY AND CHEMISTRY. OUR PREVIOUS MINERAL-BRINE DISSOLUTION EXPERIMENTS WERE DESIGNED TO MEASURE PRIMARY MINERAL WEATHERING RATES IN HIGH SALINITY FLUIDS. WHILE SECONDARY CLAY MINERALS WERE OBSERVED AT THE MICRON SCALE VIA SCANNING ELECTRON MICROSCOPY (SEM) AND RAMAN SPECTROSCOPY  THEY PROVED DIFFICULT TO FULLY ANALYZE USING X-RAY DIFFRACTION (XRD) METHODS DUE TO THEIR LIMITED ABUNDANCE. HERE  WE PROPOSE TO CONDUCT LONGER-TERM BRINE WEATHERING EXPERIMENTS USING SIGNIFICANTLY LARGER QUANTITIES OF REACTANTS  INCLUDING PYROXENE  OLIVINE  PLAGIOCLASE FELDSPAR  MAFIC SILICATE GLASS  AND BASALT IN ORDER TO PRODUCE SUFFICIENT REACTION PRODUCTS NEEDED TO CHARACTERIZE THE SECONDARY MINERALS USING A WIDE RANGE OF ANALYTICAL TECHNIQUES. FURTHERMORE  WE WILL EXPLORE THE ROLE OF BRINE CHEMISTRY ON CLAY DIAGENESIS AND WEATHERING BY REACTING CLAY MINERALS WITH THE BRINES. MINERAL AND ROCK SAMPLES WILL BE REACTED WITH NEAR-SATURATED BRINES AND 1:10 DILUTED SOLUTIONS OF NACL  NA2SO4  NACLO4  CACL2  MGCL2  MGSO4  AND NH4CL OVER 6 MONTHS  THEN FILTERED TO COLLECT THE SOLID AND LIQUID REACTION PRODUCTS. ADDITIONAL HIGH TEMPERATURE (350K FOR 50 DAYS) AND LOW TEMPERATURE EXPERIMENTS (250K FOR 450 DAYS) WILL BE CONDUCTED WITH BASALT AND MAFIC GLASS. THE CLAY-SIZED FRACTION WILL BE SEPARATED VIA WET SIEVING AND CENTRIFUGE TECHNIQUES. SIMILAR EXPERIMENTS WILL ALSO BE CONDUCTED USING CLAY STANDARDS (KAOLINITE  NONTRONITE  SMECTITE  CHLORITE). THE MINERALOGY OF THE REACTION PRODUCTS WILL BE DETERMINED USING X-RAY DIFFRACTION OF BOTH RANDOM POWDERS AND ORIENTED CLAY MOUNTS (WITH AND WITHOUT HEAT AND GLYCOL TREATMENTS)  AS WELL AS RAMAN SPECTROSCOPY. BULK CHEMISTRY OF THE CLAY-SIZED FRACTION WILL BE DETERMINED VIA ICP OPTICAL EMISSION SPECTROSCOPY ANALYSIS OF DIGESTIONS. WE WILL ALSO INVESTIGATE REACTION PRODUCT MINERALOGY  MORPHOLOGY  CHEMISTRY AND TEXTURAL RELATIONSHIPS USING BOTH SCANNING AND TRANSMISSION ELECTRON MICROSCOPY. THESE EXPERIMENTS WILL INFORM OUR UNDERSTANDING OF POTENTIAL MINERAL-BRINE INTERACTIONS ON MARS AND OTHER SALTY WORLDS  INCLUDING CERES  EUROPA  AND ENCELADUS AND WILL PROVIDE RICHER CONTEXT FOR INTERPRETING MINERAL ASSEMBLAGES AND SEDIMENTARY ROCKS  INCLUDING CLAY MINERALS  OBSERVED ON THESE BODIES. THUS  THIS WORK IS RELEVANT TO THE SSW PROGRAM AS IT INVESTIGATES  GEOCHEMICAL PROCESSES OCCURRING ON PLANETARY BODIES  SATELLITES  AND OTHER MINOR BODIES  AND SEEKS TO  INFORM OUR UNDERSTANDING OF THE FUNDAMENTAL PROCESSES AT WORK BY CHARACTERIZING AND UNDERSTANDING  THE CHEMICAL  MINERALOGICAL  AND PHYSICAL FEATURES OF PLANETARY SURFACES (SUCH AS GEOLOGIC FORMATIONS AND IMPACT CRATERS) AND FLUID INVENTORIES THAT INTERACT WITH THE SURFACE (INCLUDING HYDROSPHERES  CRYOSPHERES  ATMOSPHERES  AND OTHER VOLATILE RESERVOIRS).  AND DEVELOPS  THEORETICAL AND EXPERIMENTAL BASES FOR UNDERSTANDING THESE FEATURES IN THE CONTEXT OF THE VARYING CONDITIONS THROUGH TIME AFTER FORMATION.,NASA,
80NSSC22K0668,Grant,UNIVERSITY OF NORTH TEXAS,-233779.91,,End date truncated 294 days by mod P00005 on 2025-09-09,https://www.usaspending.gov/award/ASST_NON_80NSSC22K0668_080/,MOST SUPERMASSIVE BLACK HOLES (SMBHS) IN THE LOCAL UNIVERSE ARE ACCRETING AT RATES MUCH BELOW THE EDDINGTON LIMIT  YET THEY GENERATE ENOUGH FEEDBACK POWER TO MAINTAIN THE QUIESCENT STATE AND SUPPRESS COOLING FLOWS IN MASSIVE GALAXIES AND GALAXY,NASA,
80NSSC25PC038,Contract,COMPAGNIE MARITIME D'EXPERTISES,-247000.00,,End date truncated 288 days by mod P00001 on 2025-12-15,https://www.usaspending.gov/award/CONT_AWD_80NSSC25PC038_8000_-NONE-_-NONE-/,CHAMBER SERVICES FOR DECOMPRESSION SICKNESS TESTING OF EXERCISE COUNTERMEASURES.,NASA,
80LARC25P0002,Contract,SILVER BLUEMOON LLC,-1232000.00,,End date truncated 269 days by mod P00001 on 2025-12-04,https://www.usaspending.gov/award/CONT_AWD_80LARC25P0002_8000_-NONE-_-NONE-/,"PROCURE R134A REFRIGERANT FOR USE AS A TEST MEDIUM AT THE NASA LANGLEY RESEARCH CENTER (LARC) TRANSONIC DYNAMICS TUNNEL (TDT). QUANTITY IS 200,000 LBS SPREAD OVER 5 DELIVERERS AT 40,000 LBS EACH.",NASA,
80NSSC25K7581,Grant,NEW YORK UNIVERSITY,-115808.93,,End date truncated 266 days by mod P00002 on 2026-04-22,https://www.usaspending.gov/award/ASST_NON_80NSSC25K7581_080/,24-ADAP24-0136  CRITICALLY TESTING GALAXY FORMATION THEORY WITH MID-INFRARED ACTIVE GALACTIC NUCLEI,NASA,
80NSSC24K0763,Grant,LUMENUS SCIENTIFIC  LLC,-62961.22,,End date truncated 263 days by mod P00002 on 2026-06-10,https://www.usaspending.gov/award/ASST_NON_80NSSC24K0763_080/,DEVELOPING MODERN MACHINE LEARNING METHODS TO RETRIEVE XCO2 WITH ASSOCIATED UNCERTAINTIES FROM OCO-2 AND OCO-3 SOLAR ABSORPTION SPECTRA,NASA,
80NSSC21K1248,Grant,GEORGIA TECH RESEARCH CORP,-8588.29,,End date truncated 260 days by mod P00007 on 2025-12-01,https://www.usaspending.gov/award/ASST_NON_80NSSC21K1248_080/,LITHIUM-ION BATTERIES (LIBS) HAVE BECOME UBIQUITOUS IN DAILY LIFE BUT DO NOT PERFORM WELL AT THE LOW TEMPERATURES ENCOUNTERED IN SPACE AND PLANETARY EXPLORATION,NASA,
80SSC026C0002,Contract,HANCOCK COUNTY UTILITY AUTHORITY,-7350.00,,End date truncated 255 days by mod P00001 on 2026-04-20,https://www.usaspending.gov/award/CONT_AWD_80SSC026C0002_8000_-NONE-_-NONE-/,"THE PURPOSE OF THIS ACQUISITION IS TO AWARD A SINGLE AWARD TO HANCOCK COUNTY UTILITY AUTHORITY (HCUA) FOR WASTEWATER COLLECTION AND TREATMENT TO STENNIS SPACE CENTER, MS. A U.S. FEDERAL INSTALLATION PROVIDING SERVICES TO NASA.",NASA,
80NSSC24PB114,Contract,VIAKORP CORPORATION,-35400.00,,End date truncated 249 days by mod P00002 on 2025-03-18,https://www.usaspending.gov/award/CONT_AWD_80NSSC24PB114_8000_-NONE-_-NONE-/,KSC MAID SERVICE SUPPORT FOR CREW QUARTERS,NASA,
80NSSC25K0105,Grant,INTERLUNE CORPORATION,-110364.00,,End date truncated 249 days by mod P00001 on 2025-09-11,https://www.usaspending.gov/award/ASST_NON_80NSSC25K0105_080/,STIRRED COMMINUTION OF REGOLITH USING MILLING FOR BENEFICIATION OF LUNAR EXTRACT (SCRUMBLE),NASA,
80NSSC23K0935,Grant,BROWN UNIVERSITY,-17442.30,,End date truncated 247 days by mod P00002 on 2025-08-26,https://www.usaspending.gov/award/ASST_NON_80NSSC23K0935_080/,22-ICESAT2_22-0016 OBSERVING THE MARGINAL ICE ZONE WITH ICESAT-2: IMPROVING ESTIMATES OF SEA ICE FREEBOARD AND STORM IMPACTS,NASA,
80ARC020C0002,Contract,EXOTERRA RESOURCE LLC,-565000.00,,End date truncated 245 days by mod P00014 on 2025-04-14,https://www.usaspending.gov/award/CONT_AWD_80ARC020C0002_8000_-NONE-_-NONE-/,"DESCOPE OF THE COURIER SOLAR ELECTRIC PROPULSION MODULE: MODULAR, FULLY INTEGRATED, MINIATURE HALL THRUSTER SYSTEM PRIMARILY DESIGNED FOR 12U CUBESATS",NASA,
80NSSC23M0024,Grant,AMERICAN UNIVERSITY,-1273.66,,End date truncated 236 days by mod P00004 on 2026-03-26,https://www.usaspending.gov/award/ASST_NON_80NSSC23M0024_080/,MODELING OF EXOPLANET ATMOSPHERES AND CLIMATES,NASA,
80NSSC20K1485,Grant,REGENTS OF THE UNIVERSITY OF MINNESOTA,-124298.62,,End date truncated 232 days by mod P00005 on 2025-05-13,https://www.usaspending.gov/award/ASST_NON_80NSSC20K1485_080/,MOROCCO IS A DROUGHT-PRONE  CLIMATE-CONSTRAINED COUNTRY THAT HAS MADE SIGNIFICANT INVESTMENTS IN AGRICULTURE WITH THE GOAL OF ENHANCING THE ADOPTION OF HIGHER-VALUE CROPPING SYSTEMS FOR ECONOMIC DEVELOPMENT. THE MOROCCAN GOVERNMENT CURRENTLY OFFERS A MULTI-PERIL INSURANCE PROGRAM FOR CEREAL CROPS BUT HAS NOT YET DEVELOPED A PRODUCT THAT COULD HELP ABSORB THE RISKS IMPEDING THE ADOPTION OF SUCH HIGHER VALUE  BUT RISKIER  CROPPING SYSTEMS. WITHIN THIS CONTEXT  TWO EARLY-CAREER SCIENTISTS WITH SPECIALTIES IN SPATIAL AND ECONOMIC ANALYSIS  RESPECTIVELY  WILL LEAD A PROJECT TO EVALUATE THE POSSIBILITY OF USING REMOTELY-SENSED INDICATORS TO EFFECTIVELY SHIELD FARMERS FROM RISKS OF ADOPTING HIGHER VALUE CROPS VIA THEIR USE IN AN INDEXED INSURANCE AND/OR DROUGHT RELIEF PROGRAM. ACHIEVING THIS OVERARCHING OBJECTIVE WILL INVOLVE THREE MAIN TASKS: 1. DETECTING THE EXTENT OF OLIVE CROPPING SYSTEMS AND EVALUATING THE DEGREE OF CONVERSION FROM CEREAL CROPS TO OLIVES. 2. EVALUATING SOCIOECONOMIC CONDITIONS AND RISK MANAGEMENT STRATEGIES IN TWO STUDY AREAS OF MOROCCO. THIS STEP WILL FIRST INVOLVE EXPERT ELICITATION TO GROUND THE ANALYSIS IN THE REALITIES AND PERCEIVED RISKS IN THE SUPPLY CHAIN  AND WILL BE FOLLOWED BY A SERIES OF STRATIFIED SURVEYS AMONG AGRICULTURAL PRODUCERS IN TWO OLIVE PRODUCING REGIONS OF MOROCCO WHOSE AGRO-CLIMATIC CONDITIONS VARY. 3. INTEGRATING DATA ON SOCIOECONOMIC CONDITIONS WITH REMOTELY SENSED ENVIRONMENTAL CHANGES TO EVALUATE THE CORRESPONDENCE OF A REMOTELY-SENSED TRIGGER OF FARMER LOSSES DUE TO ADVERSE CONDITIONS SUCH AS DROUGHT. PERENNIAL CROPS ARE EMBLEMATIC OF THE POSSIBILITY TO ADOPT HIGHER VALUE CROPPING SYSTEMS THAT ARE OTHERWISE TOO RISKY FOR MANY FARMERS TO TAKE ON WITHOUT INSURANCE. EVEN IF THEY ARE DROUGHT-RESISTANT  PERENNIALS ARE MUCH MORE COSTLY THAN MANY ANNUAL CROPS AND INVOLVE A LONG PERIOD BEFORE THEY HAVE ECONOMICALLY-HARVESTABLE FRUITS. EVEN ONCE PRODUCING  WEATHER FLUCTUATION REMAINS A RISK: RECENT REPORTS SUGGEST MOROCCAN OLIVE FARMERS PERCEIVED YIELD DECLINES ON THE ORDER OF 36-64% LESS THAN EXPECTED IN RECENT DRY YEARS. DROUGHT CAN THEREFORE AMPLIFY RISK EXPOSURE FOR FARMERS WHEN THE FARMERS FACE HIGHER ABSOLUTE LOSSES RELATIVE TO THEIR POTENTIAL. DESPITE THE IMPORTANCE OF PERENNIALS  MOST STUDIES EVALUATING INDEXED PRODUCTS FOR AGRICULTURE FOCUS ON ANNUAL CROPPING SYSTEMS OR BROAD INDICATORS OF DROUGHT STRESS RATHER THAN THE PARTICULARS OF HIGH VALUE  LONG-TERM INVESTMENTS. THREE SENIOR COLLABORATORS FROM UC DAVIS  UMN  AND THE NATIONAL SCHOOL OF AGRICULTURE IN MEKNES  MOROCCO  WITH SIGNIFICANT ON-THE GROUND EXPERIENCE AND TECHNICAL EXPERTISE IN AGRICULTURAL ECONOMICS AND AGRONOMY WILL ADVISE THE PROJECT TO ENSURE ALIGNMENT WITH THE REALITIES OF MOROCCO S ENVIRONMENT AND POLICY CONTEXT. OUR INTERDISCIPLINARY APPROACH TO INTEGRATING SOCIAL AND ENVIRONMENTAL PROCESSES AS WELL AS DISAGGREGATING IMPACTS ACROSS SPACE ALIGNS WITH THE LCLUC RESEARCH PRIORITIES TO UNDERSTAND THE SUSTAINABILITY  VULNERABILITY  AND RESILIENCE OF HUMAN LAND USE. FURTHERMORE  OUR RESULTS WILL BE MADE PUBLIC TO HELP ADVANCE LAND CHANGE SCIENCE AS WELL AS INFORM LAND USE POLICY IN MOROCCO  THE MEDITERRANEAN REGIONAL INFORMATION NETWORK (MEDRIN)  MORE BROADLY -- AREAS THAT HAVE BEEN EVALUATED AS HIGHLY VULNERABLE TO FUTURE CLIMATE CHANGE.,NASA,
80NSSC24K0632,Grant,UNIVERSITY OF MARYLAND BALTIMORE COUNTY,-27683.58,,End date truncated 231 days by mod P00002 on 2026-02-11,https://www.usaspending.gov/award/ASST_NON_80NSSC24K0632_080/,TACKLING THE SUN AND MOON CONTAMINATION ON FERMI-LAT LIGHT CURVES,NASA,
80NSSC24K0373,Grant,PLANETARY SCIENCE INSTITUTE,-165141.30,,End date truncated 231 days by mod P00002 on 2025-09-16,https://www.usaspending.gov/award/ASST_NON_80NSSC24K0373_080/,18-CDAP18_2-0001 - CONSTRAINING ENCELADUS' BETWEEN-STRIPE EMISSION  ORIGINAL GRANT #80NSSC19K0885,NASA,
80NSSC23K1585,Grant,THE LELAND STANFORD JUNIOR UNIVERSITY,-320229.21,,End date truncated 225 days by mod P00002 on 2026-02-17,https://www.usaspending.gov/award/ASST_NON_80NSSC23K1585_080/,REVEALING THE PHYSICS OF GALACTIC OUTFLOWS USING FAR-INFRARED POLARIMETRIC CAPABILITIES,NASA,
80NSSC21K1667,Grant,THE REGENTS OF THE UNIVERSITY OF COLORADO,-8866.12,,End date truncated 223 days by mod P00009 on 2025-12-19,https://www.usaspending.gov/award/ASST_NON_80NSSC21K1667_080/,WE PROPOSE A TWO-YEAR SUBORBITAL-CLASS RESEARCH PROGRAM TO SUPPORT THE SCIENCE MISSION OF THE COLORADO ULTRAVIOLET TRANSIT EXPERIMENT (CUTE)  A NASA/APRA-FUNDED 6U CUBESAT MISSION TO STUDY ATMOSPHERIC COMPOSITION AND ESCAPE ON EXTREME EXOPLANETS.,NASA,
80HQTR25F7080,Contract,"BARRIOS TECHNOLOGY, LLC",-552.28,,End date truncated 222 days by mod P00001 on 2025-08-28,https://www.usaspending.gov/award/CONT_AWD_80HQTR25F7080_8000_80MSFC21D0009_8000/,PROJECT COORDINATION SUPPORT FOR COMPLAINTS DIVISION.,NASA,
80HQTR25F7083,Contract,"BARRIOS TECHNOLOGY, LLC",-2590.21,,End date truncated 222 days by mod P00001 on 2025-09-04,https://www.usaspending.gov/award/CONT_AWD_80HQTR25F7083_8000_80MSFC21D0009_8000/,PROJECT COORDINATION SERVICES FOR ARMD.,NASA,
80KSC025FA049,Contract,BRPH ARCHITECTS ENGINEERS INC,-368481.10,,End date truncated 206 days by mod P00001 on 2025-09-09,https://www.usaspending.gov/award/CONT_AWD_80KSC025FA049_8000_80KSC022DA114_8000/,"SOUTHEAST REGIONAL ARCHITECT-ENGINEER (SERAE) TASK ORDER TO REPLACE T-10 TRANSFORMER AT C5 SUBSTATION AT KENNEDY SPACE CENTER, FLORIDA",NASA,
80NSSC21K0446,Grant,CARNEGIE-MELLON UNIVERSITY,-258166.50,,End date truncated 204 days by mod P00014 on 2026-06-10,https://www.usaspending.gov/award/ASST_NON_80NSSC21K0446_080/,AUTONOMOUS NAVIGATION FOR SMALL SPACECRAFT FORMATIONS,NASA,
80NSSC25FA147,Contract,"JONES DESIGN STUDIO, PLLC",-203847.78,,End date truncated 200 days by mod P00001 on 2025-08-19,https://www.usaspending.gov/award/CONT_AWD_80NSSC25FA147_8000_47QRAA23D000U_4732/,PROCURE OWNER ADVISOR SERVICES FOR THE MEF DESIGN BUILD PROJECT,NASA,
80NSSC24K0343,Grant,MISSISSIPPI STATE UNIVERSITY,-39050.00,,End date truncated 194 days by mod P00002 on 2026-05-05,https://www.usaspending.gov/award/ASST_NON_80NSSC24K0343_080/,QUANTIFYING ECOSTRESS LST ERRORS RESULTING FROM UNMASKED CIRRUS CLOUDS AND DEVELOPING TECHNIQUES TO REMOVE THIN CIRRUS EFFECTS IN SURFACE TEMPERATURE DATA PRODUCTS,NASA,
80NSSC25PA110,Contract,"AXON ENTERPRISE, INC.",-74462.60,,End date truncated 187 days by mod P00003 on 2025-05-19,https://www.usaspending.gov/award/CONT_AWD_80NSSC25PA110_8000_-NONE-_-NONE-/,DEOB,NASA,
80NSSC21K1281,Grant,UNIVERSITY OF NOTRE DAME DU LAC,-14145.28,,End date truncated 184 days by mod P00005 on 2026-02-12,https://www.usaspending.gov/award/ASST_NON_80NSSC21K1281_080/,IN THE COMING YEARS  WE LOOK TOWARDS THE STARS AND AIM TOWARD BECOMING A MULTI-PLANETARY SPECIES. THE RETURN TO THE MOON HAS ALWAYS BEEN FORTHCOMING SINCE OUR LAST ENCOUNTER IN 1969.,NASA,
80NSSC21K1278,Grant,THE LELAND STANFORD JUNIOR UNIVERSITY,-8784.17,,End date truncated 184 days by mod P00006 on 2026-02-12,https://www.usaspending.gov/award/ASST_NON_80NSSC21K1278_080/,NASA IS EXPLORING THE IDEA OF SENDING ROBOTIC PROBES TO THE OCEAN WORLDS ORBITING THE OUTER PLANETS. THE EUROPA CLIPPER  SET TO LAUNCH IN 2024  WILL GIVE US A DEEPER UNDERSTANDING OF THE ICY SURFACE OF JUPITER S MOON EUROPA.,NASA,
80JSC024FA190,Contract,SIERRA SPACE CORP,-26333.00,,End date truncated 184 days by mod P00004 on 2025-06-25,https://www.usaspending.gov/award/CONT_AWD_80JSC024FA190_8000_80JSC023DA011_8000/,SUPPORT THE REQUIRED SUSTAINING ENGINEERING FOR THE ADVANCED PLANT HABITAT (APH).,NASA,
80KSC020F0179,Contract,FLORIDA POWER & LIGHT COMPANY,-28377.64,,End date truncated 183 days by mod P00046 on 2025-09-05,https://www.usaspending.gov/award/CONT_AWD_80KSC020F0179_8000_GS00P15BSD1124_4740/,KSC NATURAL GAS DISTRIBUTION UTILITY SERVICE.,NASA,
80HQTR25FA042,Contract,TATITLEK FEDERAL SERVICES LLC,-718.00,,End date truncated 181 days by mod P00003 on 2026-01-14,https://www.usaspending.gov/award/CONT_AWD_80HQTR25FA042_8000_80HQTR24DA009_8000/,DE-SCOPE ACTION - HEADQUARTERS OPERATIONAL SUPPORT SERVICES (HOSS) II - HEADQUARTERS REVITALIZATION AND CONSOLIDATION PROJECT (HRCP) FOR OFFICE OF STRATEGIC INFRASTRUCTURE.,NASA,
80NSSC24M0217,Grant,UNIVERSITIES SPACE RESEARCH ASSOCIATION,-25944.75,,"Clawback of 97% ($25,945) on 2025-02-06",https://www.usaspending.gov/award/ASST_NON_80NSSC24M0217_080/,"NNH22ZDA001N-TWSC ""THE PROFESSIONAL ADVANCEMENT WORKSHOP SERIES (PAWS) CAPSTONE EVENT:.CREATING THE RISING TIDE.",NASA,
80NSSC22K1414,Grant,THE JOHNS HOPKINS UNIVERSITY,-107241.86,,"Clawback of 25% ($107,242) on 2025-02-10",https://www.usaspending.gov/award/ASST_NON_80NSSC22K1414_080/,21-XRP21-0114  A THREE-DIMENSIONAL EXTINCTION MAP FOR MICROLENSING PLANET DISCOVERY AND CHARACTERIZATION,NASA,
80NSSC25K7164,Grant,THE UNIVERSITY OF TEXAS AT EL PASO,-80000.00,,"Clawback of 40% ($80,000) on 2025-02-21",https://www.usaspending.gov/award/ASST_NON_80NSSC25K7164_080/,FROM DUST TO PLANETESIMALS: GAS-PARTICLE INTERACTIONS IN BINARY SYSTEMS,NASA,
80NSSC23K0466,Grant,FLORIDA STATE UNIVERSITY,-146832.79,,"Clawback of 91% ($146,833) on 2025-03-04",https://www.usaspending.gov/award/ASST_NON_80NSSC23K0466_080/,22-ADAP22-0155  CONFRONTING CMB FOREGROUND MODELS WITH PLANCK DATA,NASA,
80NSSC22K0674,Grant,"REGENTS OF THE UNIVERSITY OF CALIFORNIA, THE",-92652.49,,"Clawback of 26% ($92,652) on 2025-04-22",https://www.usaspending.gov/award/ASST_NON_80NSSC22K0674_080/,"DETECTION OF OVER 4700 EXOPLANETS SUGGESTS THAT CLOSE-IN  ROCKY EXOPLANETS OF MAGNETICALLY ACTIVE G  K AND M DWARFS SHOULD BE EXPOSED TO HIGH STELLAR CORONAL X-RAY AND EXTREME ULTRAVIOLET (XUV) AND LARGE STELLAR WIND MASS FLUXES. THE KEPLER AND TESS MISSIONS HAVE REVEALED FREQUENT SUPERFLARES ON COOL G--M PLANET-HOSTING DWARF STARS  PROVIDING A MECHANISM BY WHICH HOST STARS COULD DIRECTLY INFLUENCE THE PHYSICAL AND CHEMICAL EVOLUTION OF EXOPLANETARY ATMOSPHERES. SOLAR STUDIES SUGGEST THAT LARGE FLARES ARE ACCOMPANIED BY THE ERUPTION OF MAGNETIZED CORONAL PLASMA REFERRED TO AS CORONAL MASS EJECTIONS (CMES). WHILE STELLAR SUPERFLARES CAN BE DIRECTLY DETECTED AND CHARACTERIZED IN XUV  OPTICAL  AND RADIO WAVELENGTHS  THE SIGNATURES OF STELLAR WINDS AND SUPERFLARE CMES REMAIN ELUSIVE AND REQUIRE DETAILED THEORETICAL MODELING. OUR MAJOR SCIENCE QUESTIONS ARE: 1.) WHAT ARE THE CORONAL XUV EMISSION AND STELLAR WIND MASS FLUXES FROM ACTIVE G--M DWARFS? 2.) HOW DOES THE EVOLUTION OF THE MAGNETIC FIELD AND STELLAR ATMOSPHERE TRIGGER STELLAR SUPERFLARES? WHAT IS THE NATURE OF THE STELLAR FLARE--CME RELATIONSHIP AND WHAT ARE THEIR OBSERVATIONAL SIGNATURES? 3.) HOW ARE EXOPLANETARY SPACE WEATHER IMPACTS DRIVEN BY THE HOST STAR'S XUV EMISSION  AMBIENT STELLAR WINDS  SUPERFLARES AND THEIR ASSOCIATED CMES AND ENERGETIC PARTICLE FLUXES? THE SCIENCE GOALS OF THE PROPOSED INTERDISCIPLINARY STUDY ARE TO USE AVAILABLE HST  XMM-NEWTON  TESS  NICER AND SPECTROPOLARIMETRIC OBSERVATIONS OF ACTIVE G--M DWARFS AS INPUTS AND CONSTRAINTS FOR MULTI-DIMENSIONAL MAGNETOHYDRODYNAMIC (MHD) MODELING OF (A) THE STRUCTURE AND ENERGIZATION OF THE MAGNETIC FIELD CONFIGURATIONS OF STARSPOT GROUPS/STELLAR ACTIVE REGIONS  AND (B) THE RAPID RELEASE OF FREE MAGNETIC ENERGY DURING STELLAR SUPERFLARES AND THE DYNAMICS AND OBSERVATIONAL SIGNATURES OF THEIR ASSOCIATED CMES. THE PROPOSED INVESTIGATION IS HIGHLY RELEVANT TO XRP PROGRAMMATIC QUESTIONS AS IT CROSSES NASA S MULTI-DIVISIONAL BOUNDARIES THROUGH THE COUPLING OF DATA OBTAINED WITH FLAGSHIP ASTROPHYSICS MISSIONS WITH HELIOPHYSICS MODELS TO ADDRESS THE PROGRAM S GOAL: ""OBSERVATIONAL CHARACTERIZATION OF EXOPLANETS  THEIR ATMOSPHERES  THEIR INTERACTIONS WITH THEIR HOST STARS  OR SPECIFIC HOST STAR PROPERTIES THAT DIRECTLY IMPACT OUR UNDERSTANDING OF EXOPLANETARY SYSTEMS."" THE PROPOSED PROJECT WILL HAVE A POTENTIALLY TRANSFORMATIVE IMPACT ON THE FIELD OF EXOPLANET RESEARCH BECAUSE IT EXPANDS THE DEFINITION OF HABITABLE ZONES EXPOSED TO STELLAR IONIZING RADIATION AND PROVIDES CRITICAL INPUTS FOR MODELING AND CHARACTERIZATION OF EXOPLANET ATMOSPHERES AND THEIR EVOLUTION. THIS PROJECT IS DIRECTLY RELEVANT TO DATA FROM HST  KEPLER AND TESS AND WILL LEAD TO PREDICTIONS THAT CAN BE TESTED WITH OBSERVATIONS.",NASA,
80NSSC23K0833,Grant,UNIVERSITY OF ILLINOIS,-224928.46,,"Clawback of 75% ($224,928) on 2025-05-06",https://www.usaspending.gov/award/ASST_NON_80NSSC23K0833_080/,22-TOPST22-0023 BRINGING TOGETHER OPEN SCIENCE AND RESEARCH SOFTWARE,NASA,
80NSSC23K1228,Grant,UNIVERSITY OF SOUTHERN CALIFORNIA,-79200.24,,"Clawback of 55% ($79,200) on 2025-05-06",https://www.usaspending.gov/award/ASST_NON_80NSSC23K1228_080/,22-NSTGRO23-0391 ROBUST ONLINE SAFETY ASSURANCES FOR AUTONOMOUS PLANETARY MOBILITY IN UNCERTAIN AND VARIABLE TERRAINS,NASA,
80NSSC24K0482,Grant,DREXEL UNIVERSITY,-50000.00,,"Clawback of 25% ($50,000) on 2025-05-23",https://www.usaspending.gov/award/ASST_NON_80NSSC24K0482_080/,22-ASTRO22-0070 INVESTIGATING CHAOS AND COMPLEXITY IN THE ACCRETION MODES OF STELLAR AND SUPERMASSIVE BLACK HOLES,NASA,
80NSSC23K1058,Grant,CATHOLIC UNIVERSITY OF AMERICA (THE),-187047.16,,"Clawback of 61% ($187,047) on 2025-05-27",https://www.usaspending.gov/award/ASST_NON_80NSSC23K1058_080/,A STUDY OF OSCILLATIONS IN STELLAR AND SOLAR FLARES.,NASA,
80NSSC24K0890,Grant,PASADENA AREA COMMUNITY COLLEGE DISTRICT,-184226.00,,"Clawback of 42% ($184,226) on 2025-06-10",https://www.usaspending.gov/award/ASST_NON_80NSSC24K0890_080/,19-DISC19-0006  VERITAS STUDENT OPPORTUNITIES IN ACADEMICS AND RESEARCH (SOAR),NASA,
80NSSC24M0209,Grant,THE TRUSTEES OF COLUMBIA UNIVERSITY IN THE CITY OF NEW YORK,-218815.00,,"Clawback of 35% ($218,815) on 2025-07-21",https://www.usaspending.gov/award/ASST_NON_80NSSC24M0209_080/,SINGLE-SOURCE  ICME OPTIMIZATION OF ADVANCED COMPOSITE COMPONENTS OF THE AURORA D8 AIRCRAFT: VERIFICATION,NASA,
80NSSC25K0134,Grant,VIRGINIA STATE UNIVERSITY,-118805.00,,"Clawback of 33% ($118,805) on 2025-09-10",https://www.usaspending.gov/award/ASST_NON_80NSSC25K0134_080/,DEVELOPMENT OF LPBF-MANUFACTURED WAVEGUIDES FOR MILLIMETER-WAVE TELESCOPE APPLICATIONS: A FEASIBILITY STUDY,NASA,
80NSSC24K1472,Grant,LOUISIANA STATE UNIVERSITY,-32210.00,,"Clawback of 40% ($32,210) on 2025-09-13",https://www.usaspending.gov/award/ASST_NON_80NSSC24K1472_080/,23-ASTRO23-0088  IDENTIFYING A POPULATION OF MAGNETAR GIANT FLARES,NASA,
80NSSC23K0600,Grant,FLORIDA STATE UNIVERSITY,-20000.00,,"Clawback of 100% ($20,000) on 2026-02-02",https://www.usaspending.gov/award/ASST_NON_80NSSC23K0600_080/,SINGLE SOURCE  RODENT RESEARCH STANDARD HOUSING MISSION: MULTIDISCIPLINARY APPROACH TO UNDERSTANDING SPACEFLIGHT RESPONSES,NASA,
80NSSC25K7548,Grant,THE UNIVERSITY OF CENTRAL FLORIDA BOARD OF TRUSTEES,-170515.00,,"Clawback of 100% ($170,515) on 2026-03-03",https://www.usaspending.gov/award/ASST_NON_80NSSC25K7548_080/,24-SSW24-0007 APOLLO SAMPLES AS A WINDOW TO CHARACTERIZING REGOLITHS THROUGHOUT THE SOLAR SYSTEM WITH MIR SPECTROSCOPY,NASA,
80NSSC25M7096,Grant,BROWN UNIVERSITY,-62500.00,,"Clawback of 25% ($62,500) on 2026-03-16",https://www.usaspending.gov/award/ASST_NON_80NSSC25M7096_080/,24-24NIACPROP-0008  MYCOTECTURE OFF PLANET: EN ROUTE TO THE MOON AND MARS,NASA,
80NSSC26M0008,Grant,INTERNATIONAL BUSINESS MACHINES CORPORATION,-2000000.00,,"Clawback of 50% ($2,000,000) on 2026-03-24",https://www.usaspending.gov/award/ASST_NON_80NSSC26M0008_080/,ACCELERATING DISCOVERY THROUGH TRANSFORMATIVE AI ARCHITECTURES,NASA,
80NSSC24K0157,Grant,"UNIVERSITY OF MARYLAND, COLLEGE PARK",-392668.43,,"Clawback of 76% ($392,668) on 2026-04-14",https://www.usaspending.gov/award/ASST_NON_80NSSC24K0157_080/,23-XRP23_2-0090 STATISTICAL COMPARATIVE PLANETOLOGY FOR LOW-MASS ERA OF JWST,NASA,
80NSSC23K1391,Grant,WOODS HOLE OCEANOGRAPHIC INSTITUTION,-49999.00,,"Clawback of 33% ($49,999) on 2026-04-19",https://www.usaspending.gov/award/ASST_NON_80NSSC23K1391_080/,PI-MAP: PLANETARY INSTRUMENT FOR MULTIMODAL AUTONOMOUS PERCEPTION,NASA,
