Award ID,Recipient,District,Sources,First Seen,Last Seen,Status,Status Detail,Latest Modification Number,Latest Modification Date,Start Date,End Date,Award Amount,Total Outlays,Description,Business Categories,URL,Claiming Source,Claimed Status,Claimed Savings,Claim Date,Claim Revisions,First Award Amount,First End Date,Amount Trend,End Date Trend,Claim Divergence,Auto Status,Auto Verified Date
80GSFC24CA024,"A3l Federal Works,llc",WV-02,NPDV; DOGE,2025-04-05,2026-07-30,listed,,P00013,2026-06-18,2024-07-08,2027-01-06,1007597.51,820237.05,"Knowledge management, events and communications supports (KMECS) ivv contract","8a_program_participant, category_business, economically_disadvantaged_women_owned_small_business, historically_underutilized_business_firm, limited_liability_corporation, self_certified_small_disadvanted_business, small_business, sole_proprietorship, special_designations, us_owned_business, woman_owned_business, women_owned_small_business",https://www.usaspending.gov/award/CONT_AWD_80GSFC24CA024_8000_-NONE-_-NONE-/,DOGE,TERMINATED,1423496.00,4/14/2025,,602526.64,2025-07-07,grew,extended,claimed_but_grew,continued,2026-07-30
80NSSC26P0289,Aantilia LLC,TX-37,USAspendingTerminations,2026-07-30,2026-07-30,listed,,P00001,2026-06-15,2026-03-02,2026-05-04,0.00,0.00,INSTRUMENT & LAB EQPT - 16 INCH DIAMETER FLAT MIRROR,"category_business, corporate_entity_not_tax_exempt, limited_liability_corporation, self_certified_small_disadvanted_business, small_business, special_designations, us_owned_business",https://www.usaspending.gov/award/CONT_AWD_80NSSC26P0289_8000_-NONE-_-NONE-/,,,,,,0.00,2026-05-04,unknown,unchanged,,still_terminated,2026-07-30
80NSSC23M0123,"Agnes Scott College, Inc.",GA-05,NASAGrants,2025-07-31,2026-07-30,listed,,P00002,2025-06-20,2023-08-01,2025-07-31,494824.00,494824.00,"Approved/ Awarded - Administrative | Administrative - Change Pop End Date, Administrative - Decrease. Alumnae network & career resources program ? stem support anchored at asc","educational_institution, higher_education, minority_owned_business, nonprofit, other_minority_owned_business, private_institution_of_higher_education",https://www.usaspending.gov/award/ASST_NON_80NSSC23M0123_080/,,,,,,494824.0,2025-07-31,flat,unchanged,,naturally_expired,2026-07-30
80LARC19F0127,Alutiiq Commercial Enterprises LLC,AK-00,FPDS,2025-09-14,2026-02-24,excluded_by_design,"Out of scope: terminated for convenience P00003 on 2023-11-29, before the 2025-01-20 tracking window. Verified via USAspending transactions (4 txns; no post-termination obligations). Entered tracking only because the FPDS query swept a wider date range; not a policy cancellation.",P00003,2025-04-10,2019-09-06,2022-02-28,0.00,0.00,Reason for modification: terminate for convenience (complete or partial). general services in support of the revitalization office.,"8a_program_participant, alaskan_native_corporation_owned_firm, category_business, corporate_entity_not_tax_exempt, corporate_entity_tax_exempt, limited_liability_corporation, minority_owned_business, native_american_owned_business, other_than_small_business, self_certified_small_disadvanted_business, small_business, special_designations, tribally_owned_firm, us_owned_business",https://www.usaspending.gov/award/CONT_AWD_80LARC19F0127_8000_80LARC18C0003_8000/,,,,,,0.00,2022-02-28,unknown,unchanged,,still_terminated,2026-07-30
80NSSC23M0119,Alverno College,WI-04,NASAGrants,2025-07-31,2026-07-30,listed,,P00003,2026-07-06,2023-08-01,2025-07-31,455222.76,455222.76,"Approved/ Awarded - Administrative | Administrative - Change Pop End Date, Administrative - Decrease. Alverno college ""launching the future"": an intersectional approach to boosting recruitment and retention of women in stem undergraduate education","category_business, corporate_entity_tax_exempt, educational_institution, higher_education, minority_serving_institution_of_higher_education, nonprofit, private_institution_of_higher_education",https://www.usaspending.gov/award/ASST_NON_80NSSC23M0119_080/,,,,,,498076.0,2025-07-31,shrank,unchanged,,naturally_expired,2026-07-30
80NSSC22K0223,American Geophysical Union,DC-98,FPDS; NPDV,2025-09-14,2026-07-30,listed,,P00006,2026-05-20,2021-11-09,2025-05-09,1414711.87,1414711.87,"TERMINATION FOR CONVENIENCE AGREEMENT - AGU, AAS, ASGSR TO NASA: SUPPORTING EARLY CAREER RESEARCHERS POST PANDEMIC - SUPPORT FOR SMD DIRECTORATE","category_business, minority_owned_business, nonprofit, other_minority_owned_business, other_than_small_business, special_designations, us_owned_business",https://www.usaspending.gov/award/ASST_NON_80NSSC22K0223_080/,,,,,,1414711.87,2025-05-09,flat,unchanged,,still_terminated,2026-07-30
80NSSC23M0024,American University,DC-98,NASAGrants,2025-04-11,2026-07-30,listed,,P00004,2026-04-20,2023-01-26,2025-04-08,197381.55,197381.55,"Approved/ Awarded - Administrative | Administrative - Decrease, Administrative - Change Pop End Date. Modeling of exoplanet atmospheres and climates","category_business, corporate_entity_tax_exempt, educational_institution, higher_education, nonprofit, private_institution_of_higher_education",https://www.usaspending.gov/award/ASST_NON_80NSSC23M0024_080/,,,,,,198655.21,2025-11-30,flat,truncated,,naturally_expired,2026-07-30
80GSFC25P0001,Ares Technical Services Corporation,VA-11,FPDS; USAspendingTerminations,2025-09-25,2026-07-30,listed,,P00001,2025-09-24,2025-04-08,2025-05-31,0.00,0.00,"SMAS III PHASE-IN - SUPPORTS DEVELOPMENT OF SAFETY AND MISSION ASSURANCE REQUIREMENTS AND THE INDEPENDENT SURVEILLANCE, AUDIT, REVIEW AND ASSESSMENT OF DESIGN, DEVELOPMENT, TEST, AND MISSION OPERATIONS ACTIVITIES.","category_business, corporate_entity_not_tax_exempt, small_business, special_designations, us_owned_business",https://www.usaspending.gov/award/CONT_AWD_80GSFC25P0001_8000_-NONE-_-NONE-/,,,,,,144118.00,2025-05-31,shrank,unchanged,,still_terminated,2026-07-30
80NSSC22M0122,Arizona State University,AZ-04,NASAGrants,2025-04-05,2025-05-01,continued,Award continued: +$833342 P00005 2025-05-01 and P00006 2025-09-23 per USAspending; earlier PoP-decrease flag resolved.,P00004,2024-02-05,2022-04-27,2026-04-26,4598788.0,2669940.66,"Work In Progress - Administrative | Administrative - Decrease, Administrative - Change Pop End Date. Engaging hispanic communities in authentic NASA science: broadening participation in science activation through local partnerships and national networks","Government, U.S. Regional/State Government",https://www.usaspending.gov/award/ASST_NON_80NSSC22M0122_8000/,,,,,,4598788.0,2026-04-26,flat,unchanged,,unresolved,
80GSFC23CA041,Autonomic Integra LLC,MD-06,DOGE,2025-04-05,2026-07-30,listed,,P00028,2026-06-12,2023-03-01,2027-02-28,14272022.47,11685239.76,"The purpose of this contract is to acquire scientific support and related services for the giss facility in new york city, ny.","category_business, dot_certified_disadvantaged_business_enterprise, limited_liability_corporation, minority_owned_business, partnership_or_limited_liability_partnership, sba_certified_8a_joint_venture, self_certified_small_disadvanted_business, small_business, special_designations, subcontinent_asian_indian_american_owned_business, us_owned_business",https://www.usaspending.gov/award/CONT_AWD_80GSFC23CA041_8000_-NONE-_-NONE-/,DOGE,OTHER ADMINISTRATIVE ACTION,21134122.00,3/20/2025,2025-05-12 Claimed Status=FUNDING ONLY ACTION,9046422.47,2026-02-28,grew,extended,claimed_but_grew,descoped,2026-07-30
80NSSC25FA145,"B/W Color Prints, LLC",MD-05,DOGE,2025-04-05,2026-07-30,listed,,P00001,2025-06-27,2025-01-14,2025-03-31,10771.00,10771.00,Printing services for inspire/strategic communications,"category_business, corporate_entity_not_tax_exempt, limited_liability_corporation, small_business, special_designations, us_owned_business",https://www.usaspending.gov/award/CONT_AWD_80NSSC25FA145_8000_GS07F216BA_4732/,DOGE,OTHER ADMINISTRATIVE ACTION,0.00,3/20/2025,2025-04-15 Claimed Status=Expired,10771.0,2025-03-31,flat,unchanged,consistent,still_terminated,2026-07-30
80HQTR24F0046,"Barrios Technology, LLC",TX-36,DOGE,2025-04-05,2026-07-30,listed,,P00002,2025-03-20,2024-04-16,2025-01-22,226082.84,179082.90,"Strategic planning, analysis, and programmatic support for.planetary sciences division.hq science mission directorate","category_business, limited_liability_corporation, partnership_or_limited_liability_partnership, small_business, special_designations, us_owned_business, woman_owned_business, women_owned_small_business",https://www.usaspending.gov/award/CONT_AWD_80HQTR24F0046_8000_80MSFC21D0009_8000/,DOGE,Expired,261854.00,3/20/2025,,226082.84,2025-01-22,flat,unchanged,consistent,still_terminated,2026-07-30
80HQTR24F0064,"Barrios Technology, LLC",TX-36,DOGE,2025-04-05,2026-07-30,listed,,P00003,2025-03-21,2024-06-24,2025-03-21,129377.08,33554.38,Coordinate and support the utilization of msds risk management plan and agency procedural documents and provide analysis and recommendation support to assist with msd risk management.,"category_business, limited_liability_corporation, partnership_or_limited_liability_partnership, small_business, special_designations, us_owned_business, woman_owned_business, women_owned_small_business",https://www.usaspending.gov/award/CONT_AWD_80HQTR24F0064_8000_80MSFC21D0009_8000/,DOGE,Expired,129377.00,3/20/2025,,129377.08,2025-03-21,flat,unchanged,consistent,still_terminated,2026-07-30
80HQTR24F0070,"Barrios Technology, LLC",TX-36,DOGE,2025-04-05,2026-07-30,listed,,P00001,2025-03-20,2024-08-01,2025-01-22,112312.76,75051.32,"Research and development in the physical, engineering, and life sciences (except nanotechnology and biotechnology)","category_business, limited_liability_corporation, partnership_or_limited_liability_partnership, small_business, special_designations, us_owned_business, woman_owned_business, women_owned_small_business",https://www.usaspending.gov/award/CONT_AWD_80HQTR24F0070_8000_80MSFC21D0009_8000/,DOGE,Expired,122313.00,3/20/2025,,112312.76,2025-01-22,flat,unchanged,consistent,still_terminated,2026-07-30
80HQTR24F0071,"Barrios Technology, LLC",TX-36,DOGE,2025-04-05,2026-07-30,listed,,P00001,2025-03-20,2024-08-01,2025-01-22,82838.19,55355.35,The project aims to enhance administrative operations and optimize efficiency within odeo by leveraging the expertise of an administrative operations specialist.,"category_business, limited_liability_corporation, partnership_or_limited_liability_partnership, small_business, special_designations, us_owned_business, woman_owned_business, women_owned_small_business",https://www.usaspending.gov/award/CONT_AWD_80HQTR24F0071_8000_80MSFC21D0009_8000/,DOGE,Expired,82838.00,3/20/2025,,82838.19,2025-01-22,flat,unchanged,consistent,still_terminated,2026-07-30
80HQTR24F0072,"Barrios Technology, LLC",TX-36,NPDV; USAspendingTerminations,2025-04-05,2026-07-30,listed,,P00002,2026-03-27,2024-08-01,2025-04-09,177017.05,177017.05,"STOP WORK NOTICE ISSUED WITH NOTIFICATION OF INTENT TO TERMINATE FOR CONVENIENCE-PROVIDES DATA AND EVIDENCE-DRIVEN ADVICE TO NASA LEADERSHIP TO ASSURE AN INTEGRATED ENTERPRISE APPROACH TO TECHNOLOGY, POLICY, AND STRATEGY.","category_business, limited_liability_corporation, partnership_or_limited_liability_partnership, small_business, special_designations, us_owned_business, woman_owned_business, women_owned_small_business",https://www.usaspending.gov/award/CONT_AWD_80HQTR24F0072_8000_80MSFC21D0009_8000/,,,,,,190557.41,2025-04-09,shrank,unchanged,,still_terminated,2026-07-30
80HQTR24F0073,"Barrios Technology, LLC",TX-36,DOGE,2025-04-05,2026-07-30,listed,,P00001,2025-03-21,2024-08-05,2025-03-21,74496.90,16699.75,Provide primary integration and administrative support to the esdmd moon to mars (M2M) program planning & control (PP&C) office,"category_business, limited_liability_corporation, partnership_or_limited_liability_partnership, small_business, special_designations, us_owned_business, woman_owned_business, women_owned_small_business",https://www.usaspending.gov/award/CONT_AWD_80HQTR24F0073_8000_80MSFC21D0009_8000/,DOGE,Expired,74497.00,3/20/2025,,74496.9,2025-03-21,flat,unchanged,consistent,still_terminated,2026-07-30
80HQTR24F0074,"Barrios Technology, LLC",TX-36,DOGE,2025-04-05,2026-07-30,listed,,P00001,2025-03-20,2024-08-01,2025-01-22,82838.19,55355.35,Will be responsible for overseeing and managing the successful execution of special projects,"category_business, limited_liability_corporation, partnership_or_limited_liability_partnership, small_business, special_designations, us_owned_business, woman_owned_business, women_owned_small_business",https://www.usaspending.gov/award/CONT_AWD_80HQTR24F0074_8000_80MSFC21D0009_8000/,DOGE,Expired,82838.00,3/20/2025,,82838.19,2025-01-22,flat,unchanged,consistent,still_terminated,2026-07-30
80KSC019C0013,"Bechtel National, Inc.",VA-11,USAspendingTerminations,2026-07-30,2026-07-30,listed,,P00180,2026-05-06,2019-07-01,2026-06-05,1550689354.01,1463153431.17,DESIGN AND CONSTRUCTION OF NASA SPACE LAUNCH SYSTEM (SLS) MOBILE LAUNCHER 2 (ML2).,"category_business, corporate_entity_not_tax_exempt, other_than_small_business, special_designations, us_owned_business",https://www.usaspending.gov/award/CONT_AWD_80KSC019C0013_8000_-NONE-_-NONE-/,,,,,,1550689354.01,2026-06-05,flat,unchanged,,still_terminated,2026-07-30
80NSSC23M0020,Blue Marble Space,DE-00,NPDV,2025-04-10,2026-07-30,listed,,P00004,2026-05-20,2023-01-01,2025-05-09,44879.00,44879.00,TERMINATION FOR CONVENIENCE AGREEMENT - THREE-DIMENSIONAL MODELING OF OBSERVABLE TERRESTRIAL WORLDS - SUPPORT FOR SMD DIRECTORATE,"category_business, corporate_entity_tax_exempt, nonprofit",https://www.usaspending.gov/award/ASST_NON_80NSSC23M0020_080/,,,,,,44879.0,2025-12-31,flat,truncated,,still_terminated,2026-07-30
80GRC020P0006,Blueice Engineering LLC,CA-35,FPDS,2025-09-14,2026-02-24,excluded_by_design,"Out of scope: terminated for convenience P00003 on 2020-06-05, before the 2025-01-20 tracking window. Verified via USAspending transactions (4 txns; no post-termination obligations). Entered tracking only because the FPDS query swept a wider date range; not a policy cancellation.",P00003,2025-02-25,2019-12-20,2020-06-05,0.00,0.00,Reason for modification: terminate for convenience (complete or partial). psl spray tank.,"asian_pacific_american_owned_business, category_business, corporate_entity_not_tax_exempt, limited_liability_corporation, minority_owned_business, self_certified_small_disadvanted_business, small_business, special_designations, us_owned_business",https://www.usaspending.gov/award/CONT_AWD_80GRC020P0006_8000_-NONE-_-NONE-/,,,,,,0.00,2020-06-05,unknown,unchanged,,still_terminated,2026-07-30
80JSC024FA083,Booz Allen Hamilton Inc,VA-11,DOGE,2025-04-05,2026-07-30,listed,,P00002,2025-07-31,2024-03-05,2025-01-22,1923416.00,1923416.00,"NASA’s deia strategic plan emphasizes the need to implement a deia analytics capability within NASA’s enterprise data platform (EDP) to enable evidence-based awareness, planning, decisions, and assessments of the current and future state of deia at NASA. the way forward for NASA’s deia analytics capability and the application of it","category_business, corporate_entity_not_tax_exempt, other_than_small_business, special_designations, us_owned_business",https://www.usaspending.gov/award/CONT_AWD_80JSC024FA083_8000_80JSC023AA001_8000/,DOGE,TERMINATED,0.00,3/20/2025,,1923416.0,2025-01-22,flat,unchanged,consistent,still_terminated,2026-07-30
80JSC024FA088,Booz Allen Hamilton Inc,VA-11,DOGE,2025-04-05,2026-07-30,listed,,0,2025-07-31,2024-03-13,2025-03-13,442470.00,442470.00,"The contractor shall provide independent programmatic and institutional assessment capability to support NASA. reviews and assessments are performed in support of organizational tactical and strategic planning efforts specifically for strategic messaging within the heliophysics science community, responding to the the next decade of discovery in solar and space physics: exploring and safeguarding humanity's home in space released in 2024, overall strategy and implementation of the space weather program and heliophysics digital resource library, leadership and division operational management, knowledge management, and support for division digital organization tools. the scope of reviews and assessments supported within this statement of work (SOW) includes NASA programs, projects within the heliophysics division as NASA headquarters.","category_business, corporate_entity_not_tax_exempt, other_than_small_business, special_designations, us_owned_business",https://www.usaspending.gov/award/CONT_AWD_80JSC024FA088_8000_80JSC023AA001_8000/,DOGE,Expired,0.00,3/20/2025,,442470.0,2025-03-13,flat,unchanged,consistent,naturally_expired,2026-07-30
80JSC024FA120,Booz Allen Hamilton Inc,VA-11,DOGE,2025-04-05,2026-07-30,listed,,P00003,2025-07-31,2024-05-21,2025-05-21,857617.00,857617.00,"The contractor shall assess and evaluate existing NASA science mission directorate (SMD) programming and procedures to identify gaps and/or underlying issues in support of the open science strategic initiatives. recommend updates to strategy documents and collect modifications for input. provide an assessment and recommendations to cross-cutting alignments across the directorate. the contractor shall facilitate planning and discussion meetings to conduct strategic assessment activities, provide recommendations on agenda and materials and document results, and report findings and recommendations to the oscdo and other leadership to inform mission directorate processes. the contractor shall develop and foster relationships with agency points of contact and others to further the oscdo offices’ goals. the contractor shall monitor developments in and around open science and technology polices relative to agency and ocsdo goals and directives. the contractor shall provide management and assessment of ocsdo schedules, milestones, actions, and risks using applicable tools and trackers. the contractor shall review and assess strategic engagement opportunities on behalf of smd ocsdo front office, open science data officer, and open science program scientist and recommend strategies to maximize reach and impact. recommend processes, slide deck templates (internal and external), and procedures to optimize the programs’ activities and knowledge management practices.","category_business, corporate_entity_not_tax_exempt, other_than_small_business, special_designations, us_owned_business",https://www.usaspending.gov/award/CONT_AWD_80JSC024FA120_8000_80JSC023AA001_8000/,DOGE,"ADDITIONAL WORK (NEW AGREEMENT, JUSTIFICATION REQUIRED)",0.00,3/20/2025,2025-05-27 Claimed Status=Expired,857617.0,2025-05-21,flat,unchanged,consistent,naturally_expired,2026-07-30
80JSC024FA135,Booz Allen Hamilton Inc,VA-11,DOGE,2025-04-05,2026-07-30,listed,,P00002,2026-05-01,2024-06-11,2025-01-22,701923.00,701923.00,Strategic professional engineering assessment contract ii (SPEACII),"category_business, corporate_entity_not_tax_exempt, other_than_small_business, special_designations, us_owned_business",https://www.usaspending.gov/award/CONT_AWD_80JSC024FA135_8000_80JSC023AA001_8000/,DOGE,TERMINATED,0.00,3/20/2025,,701923.0,2025-01-22,flat,unchanged,consistent,still_terminated,2026-07-30
80JSC025FA015,Booz Allen Hamilton Inc,VA-11,DOGE,2025-04-05,2026-07-30,listed,,P00003,2026-03-19,2024-11-01,2026-10-31,1986458.00,1586789.00,Game changing development (GCD) program data management and gcd tool support,"category_business, corporate_entity_not_tax_exempt, other_than_small_business, special_designations, us_owned_business",https://www.usaspending.gov/award/CONT_AWD_80JSC025FA015_8000_80JSC023AA001_8000/,DOGE,BASE AWARD,0.00,3/20/2025,"2025-10-05 Claimed Status=ADDITIONAL WORK (NEW AGREEMENT, JUSTIFICATION REQUIRED)",1000910.0,2025-10-31,grew,extended,claimed_but_grew,no_termination_signal,2026-07-30
80NSSC23K1348,Brown University,RI-01,NPDV,2025-04-11,2026-01-09,still_terminated,Stop-work/intent to T4C (P00002 2025-04-08) is final mod per USAspending; no resumption or new funding. Termination flag stands; drop from NPDV unexplained upstream.,P00002,2025-09-19,2023-08-21,2025-08-20,556417.00,556417.00,Stop work notice issued with notification of intent to terminate for convenience - mars to moon engineering support for Science Mission Directorate SMD.,"category_business, corporate_entity_tax_exempt, educational_institution, higher_education, nonprofit, private_institution_of_higher_education",https://www.usaspending.gov/award/ASST_NON_80NSSC23K1348_080/,,,,,,556417.0,2025-08-20,flat,unchanged,,naturally_expired,2026-07-30
80NSSC24K0178,Brown University,RI-01,NPDV; DOGE,2025-04-05,2026-07-30,listed,,P00003,2026-04-06,2023-11-01,2025-03-21,352074.28,352074.28,Basic research: NASA earth observations for resilient salton sea communities,"category_business, corporate_entity_tax_exempt, educational_institution, higher_education, nonprofit, private_institution_of_higher_education",https://www.usaspending.gov/award/ASST_NON_80NSSC24K0178_080/,DOGE,TERMINATED,0.00,4/4/2025,2026-07-30 Claimed Savings=380667.00; 2026-07-30 Claim Date=3/21/2025,752680.0,2026-10-31,shrank,truncated,claimed_and_shrank,still_terminated,2026-07-30
80TECH25PA010,Bruker Scientific LLC,MA-03,FPDS; USAspendingTerminations,2025-09-14,2026-07-30,listed,,P00001,2025-07-09,2025-02-25,2025-02-26,0.00,0.00,VERTEX 80V SPECTROMETER,"category_business, corporate_entity_not_tax_exempt, foreign_owned_and_us_located_business, limited_liability_corporation, manufacturer_of_goods, other_than_small_business, special_designations",https://www.usaspending.gov/award/CONT_AWD_80TECH25PA010_8000_-NONE-_-NONE-/,,,,,,0.00,2025-02-26,unknown,unchanged,,still_terminated,2026-07-30
80NSSC23FB052,"Bryce Solutions, LLC",VA-08,DOGE,2025-04-05,2026-07-30,listed,,P00017,2026-02-10,2023-09-01,2025-02-28,2527240.48,2305450.88,Provides leadership and executive level one-on-one coaching services to the NASA enterprise-wide human capital support services (NEHCSS) contract.,"category_business, joint_venture_women_owned_small_business, limited_liability_corporation, partnership_or_limited_liability_partnership, small_business, special_designations, us_owned_business, woman_owned_business, women_owned_small_business",https://www.usaspending.gov/award/CONT_AWD_80NSSC23FB052_8000_80NSSC23DA002_8000/,DOGE,Expired,5013199.00,2/18/2025,2025-05-23 Claimed Savings=5013199.49,2527240.48,2025-02-28,flat,unchanged,consistent,still_terminated,2026-07-30
80NSSC24FA979,"Bryce Space and Technology, LLC",VA-08,NPDV; DOGE,2025-04-05,2026-07-30,listed,,P00004,2026-01-15,2024-08-01,2025-04-10,645125.14,645125.14,"Administrative management and general management consulting services to provide NASA leadership with independent diagnostics and strategic advisory work on matters involving, technology policy and economics through independent research and analysis that answers specific questions on topics of interest.","category_business, limited_liability_corporation, partnership_or_limited_liability_partnership, small_business, special_designations, us_owned_business, woman_owned_business, women_owned_small_business",https://www.usaspending.gov/award/CONT_AWD_80NSSC24FA979_8000_80NSSC24AA010_8000/,DOGE,TERMINATED,4667483.00,4/4/2025,2025-05-23 Claimed Savings=4667483.22,770000.0,2025-04-09,shrank,extended,claimed_but_extended,still_terminated,2026-07-30
80NSSC23PA010,Business Class Aviation Inc.,CA-20,DOGE,2025-04-05,2026-07-30,listed,,P00004,2025-08-13,2022-10-01,2025-04-08,0.00,0.00,Dc-8 and sofia aircraft storage and parts removal,"category_business, corporate_entity_not_tax_exempt, self_certified_small_disadvanted_business, small_business, special_designations, subchapter_s_corporation, us_owned_business",https://www.usaspending.gov/award/CONT_AWD_80NSSC23PA010_8000_-NONE-_-NONE-/,DOGE,Expired,96700.00,3/20/2025,2025-04-15 Claimed Status=TERMINATED,38680.0,2025-03-14,shrank,extended,claimed_but_extended,still_terminated,2026-07-30
80NSSC26P0092,Caes Mission Systems LLC,PA-11,NPDV,2026-01-09,2026-07-30,listed,,P00002,2026-06-17,2025-12-18,2026-08-18,45694.00,0.00,SCALED COMPOSITES PN: SALES-003 PN: 570014-XXX FLIGHT TERMINATION RECEIVER/DECODER AND UHF COMMAND ANTENNA REPLACEMENT,"category_business, corporate_entity_not_tax_exempt, limited_liability_corporation, manufacturer_of_goods, other_than_small_business, special_designations, us_owned_business",https://www.usaspending.gov/award/CONT_AWD_80NSSC26P0092_8000_-NONE-_-NONE-/,,,,,,45694.00,2026-08-18,flat,unchanged,,no_termination_signal,2026-07-30
80NM0018F0566,California Institute of Technology,CA-28,NPDV,2025-04-10,2026-07-30,listed,,P00029,2026-05-01,2018-10-01,2026-03-29,3743031.81,3255060.09,STOP WORK NOTICE ISSUED WITH NOTIFICATION OF INTENT TO TERMINATE FOR CONVENIENCE - OFFICE OF CHIEF TECHNOLOGIST (OCT) STRATEGIC INTEGRATION FOR SMD DIRECTORATE,"category_business, corporate_entity_tax_exempt, educational_institution, higher_education, nonprofit, other_than_small_business, private_institution_of_higher_education, special_designations, us_owned_business",https://www.usaspending.gov/award/CONT_AWD_80NM0018F0566_8000_80NM0018D0004_8000/,,,,,,4294381.07,2027-09-30,shrank,truncated,,still_terminated,2026-07-30
80NM0018F0669,California Institute of Technology,CA-28,NPDV,2025-04-21,2026-07-30,listed,,P00007,2025-04-21,2018-10-01,2025-04-07,906320.78,624806.22,STOP WORK ORDER ISSUED WITH NOTIFICATION OF INTENT TO TERMINATE FOR CONVENIENCE - GEOSTATIONARY CARBON CYCLE OBSERVATORY (GEOCARB) PRE-PHASE A AND PHASE A (87-700073) FOR SMD DIRECTORATE,"category_business, corporate_entity_tax_exempt, educational_institution, higher_education, nonprofit, other_than_small_business, private_institution_of_higher_education, special_designations, us_owned_business",https://www.usaspending.gov/award/CONT_AWD_80NM0018F0669_8000_80NM0018D0004_8000/,,,,,,906320.78,2025-04-07,flat,unchanged,,still_terminated,2026-07-30
80NM0019F0075,California Institute of Technology,CA-28,NPDV,2025-04-21,2026-07-30,listed,,P00009,2026-06-17,2019-08-02,2025-04-02,1140711.53,960005.72,TERMINATION FOR CONVENIENCE AGREEMENT - MARS TO MOON ENGINEERING SUPPORT FOR XYZ DIRECTORATE,"category_business, corporate_entity_tax_exempt, educational_institution, higher_education, nonprofit, other_than_small_business, private_institution_of_higher_education, special_designations, us_owned_business",https://www.usaspending.gov/award/CONT_AWD_80NM0019F0075_8000_80NM0018D0004_8000/,,,,,,1326042.0,2025-09-30,shrank,truncated,,still_terminated,2026-07-30
80NM0024F0047,California Institute of Technology,CA-28,NPDV,2026-04-08,2026-07-30,listed,,P00004,2026-04-13,2024-09-09,2026-02-28,127003.61,51292.77,TERMINATION FOR CONVENIENCE AGREEMENT - ADVANCING VIETNAM'S MARINE SPATIAL PLANNING FOR OFFSHORE WIND ENERGY DEVELOPMENT (82-222737),"category_business, corporate_entity_tax_exempt, educational_institution, higher_education, nonprofit, other_than_small_business, private_institution_of_higher_education, special_designations, us_owned_business",https://www.usaspending.gov/award/CONT_AWD_80NM0024F0047_8000_80NM0018D0004_8000/,,,,,,127003.61,2026-02-28,flat,unchanged,,still_terminated,2026-07-30
80NSSC24PB891,"Career Communications Group, Inc.",MD-07,NPDV; DOGE,2025-04-18,2026-07-30,listed,,P00003,2025-05-15,2024-09-01,2025-04-16,12500.00,12500.00,"Women of color in science, technology, engineering, and mathematics silver partnership and participation in their national convention","black_american_owned_business, category_business, corporate_entity_not_tax_exempt, dot_certified_disadvantaged_business_enterprise, minority_owned_business, self_certified_small_disadvanted_business, small_business, special_designations, subchapter_s_corporation, us_owned_business",https://www.usaspending.gov/award/CONT_AWD_80NSSC24PB891_8000_-NONE-_-NONE-/,DOGE,TERMINATED,0.00,5/6/2025,,12500.0,2025-04-16,flat,unchanged,consistent,still_terminated,2026-07-30
80GRC024CA008,Case Western Reserve University,OH-11,NPDV; USAspendingTerminations,2025-04-10,2026-07-30,listed,,P00003,2025-06-10,2023-11-01,2024-03-31,33269.00,33269.00,STOP WORK NOTICE ISSUED WITH NOTICE OF INTENT TO DE-SCOPE. CENTRIFUGAL ACCELERATION TESTING - NASA GRC IS PURSUING THE DEVELOPMENT OF DYNAMIC CONVERSION TECHNOLOGIES TO SUPPORT SCIENCE MISSION POWER SYSTEM DEVELOPMENT.,"category_business, corporate_entity_tax_exempt, educational_institution, higher_education, nonprofit, other_than_small_business, private_institution_of_higher_education, special_designations, us_owned_business",https://www.usaspending.gov/award/CONT_AWD_80GRC024CA008_8000_-NONE-_-NONE-/,,,,,,33269.0,2028-06-30,flat,truncated,,descoped,2026-07-30
80NSSC23M0127,Cedar Crest College,PA-07,NASAGrants,2025-07-31,2026-07-30,listed,,P00002,2025-06-20,2023-08-01,2026-07-31,500000.00,500000.00,"Approved/ Awarded - Administrative | Administrative - Change Pop End Date, Administrative - Decrease. Towers ? tackling obstacles for women's engagement & retention in stem at cedar crest college","category_business, corporate_entity_tax_exempt, educational_institution, higher_education, nonprofit, private_institution_of_higher_education",https://www.usaspending.gov/award/ASST_NON_80NSSC23M0127_080/,,,,,,500000.0,2026-07-31,flat,unchanged,,no_termination_signal,2026-07-30
80NSSC23K0309,Chapman University,CA-40,NASAGrants,2025-04-05,2026-02-06,continued,Award continued: +$126413 P00005 2025-08-26 and P00006 2025-12-29 per USAspending.,P00006,2026-01-05,2023-01-01,2026-12-31,319264.00,186212.67,"Work In Progress - Administrative | Administrative - Decrease, Administrative - Change Pop End Date. I.c.e. c.r.e.a.m.: integrating communication of ecostress into community research, education, applications, and media","category_business, corporate_entity_tax_exempt, educational_institution, higher_education, nonprofit, private_institution_of_higher_education",https://www.usaspending.gov/award/ASST_NON_80NSSC23K0309_080/,,,,,,192851.0,2025-12-31,grew,extended,,no_termination_signal,2026-07-30
80HQTR23FA044,"Chenega Global Protection, LLC",VA-11,DOGE,2025-04-15,2026-07-30,listed,,P00005,2026-03-24,2023-06-20,2025-02-28,231345.20,231345.20,NASA hq protective service- security police officer post- east lobby- earth information center (EIC) - termination for convenience agreement- earth information center (EIC) support for NASA office of protective services,"8a_program_participant, alaskan_native_corporation_owned_firm, category_business, limited_liability_corporation, minority_owned_business, native_american_owned_business, other_minority_owned_business, self_certified_small_disadvanted_business, small_business, special_designations, us_owned_business",https://www.usaspending.gov/award/CONT_AWD_80HQTR23FA044_8000_80GSFC23DA004_8000/,DOGE,TERMINATED,0.00,4/1/2025,,231345.2,2026-02-28,flat,truncated,consistent,still_terminated,2026-07-30
NNK14CA65T,Chinook Systems Inc,FL-08,FPDS,2025-09-14,2026-02-24,excluded_by_design,"Out of scope: terminated for convenience 1 on 2016-05-04, before the 2025-01-20 tracking window. Verified via USAspending transactions (2 txns; no post-termination obligations). Entered tracking only because the FPDS query swept a wider date range; not a policy cancellation.",1,2025-02-28,2014-09-11,2015-06-30,2503.00,,"Reason for modification: terminate for convenience (complete or partial). igf::ot::igf  commissioning services for the KSC pad b ground cooling system refurbishment, pcn 98898 mod 1: the purpose of this supplemental agreement is to provide a settlement for the termination for convenience of task order nnk14ca65t, architect engineering services for commissioning services for launch pad 39 ground cooling refurbishment, project control number 98812.","category_business, corporate_entity_not_tax_exempt, dot_certified_disadvantaged_business_enterprise, small_business, special_designations, us_owned_business, woman_owned_business, women_owned_small_business",https://www.usaspending.gov/award/CONT_AWD_NNK14CA65T_8000_GS21F0019X_4732/,,,,,,2503.00,2015-06-30,flat,unchanged,,still_terminated,2026-07-30
80NSSC22K1658,Cleveland State University,OH-11,DOGE; NPDV,2025-04-05,2026-07-30,listed,,P00003,2026-04-06,2023-01-01,2025-03-21,149765.00,134223.37,improved monitoring and management of urban tree equity: integrating metrics of tree quality with tree cover - commercial satellite data analysis characterizing canopy chlorophyll and photosynthetic productivity for agricultural crops and forest monitoring support for smd/esd directorate,"educational_institution, government, higher_education, national_government, public_institution_of_higher_education, regional_and_state_government",https://www.usaspending.gov/award/ASST_NON_80NSSC22K1658_080/,DOGE,TERMINATED,0.00,3/24/2025,2026-07-30 Claim Date=3/21/2025,149765.0,2025-09-01,flat,truncated,consistent,still_terminated,2026-07-30
80NSSC23M0124,College of Saint Mary,NE-02,NASAGrants,2025-07-31,2026-07-30,listed,,P00002,2025-06-20,2023-08-01,2025-07-31,368044.00,274299.00,"Approved/ Awarded - Administrative | Administrative - Change Pop End Date, Administrative - Decrease. Project bloom for women in stem? bolstering learning, opportunities, outreach, and mindfulness","category_business, corporate_entity_tax_exempt, educational_institution, higher_education, nonprofit, private_institution_of_higher_education",https://www.usaspending.gov/award/ASST_NON_80NSSC23M0124_080/,,,,,,368044.0,2025-07-31,flat,unchanged,,naturally_expired,2026-07-30
80NSSC25FA078,Colossal Contracting LLC,MD-03,NPDV; DOGE,2025-04-21,2026-07-30,listed,,P00001,2025-08-13,2024-11-24,2025-04-16,16200.00,16200.00,Prisma cloud security renewal,"category_business, corporate_entity_not_tax_exempt, limited_liability_corporation, self_certified_small_disadvanted_business, service_disabled_veteran_owned_business, small_business, special_designations, subchapter_s_corporation, us_owned_business, veteran_owned_business",https://www.usaspending.gov/award/CONT_AWD_80NSSC25FA078_8000_NNG15SD72B_8000/,DOGE,TERMINATED,0.00,5/6/2025,,16200.0,2025-04-16,flat,unchanged,consistent,still_terminated,2026-07-30
80LARC21F0083,Cornell Technical Services LLC,MD-03,NPDV; FPDS; USAspendingTerminations,2025-04-10,2026-07-30,listed,,P00007,2025-08-05,2021-03-17,2025-04-18,115865.00,114570.06,STOP WORK NOTICE ISSUED WITH NOTIFICATION OF INTENT TO TERMINATE FOR CONVENIENCE - SOMA VAULT ADMINISTRATION,"category_business, limited_liability_corporation, partnership_or_limited_liability_partnership, small_business, special_designations, us_owned_business",https://www.usaspending.gov/award/CONT_AWD_80LARC21F0083_8000_80LARC20D0007_8000/,,,,,,115865.0,2025-09-30,flat,truncated,,still_terminated,2026-07-30
80LARC21F0153,Cornell Technical Services LLC,MD-03,NPDV; FPDS; USAspendingTerminations,2025-04-10,2026-07-30,listed,,P00007,2025-09-22,2021-09-10,2025-04-18,316380.00,313302.24,"STOP WORK NOTICE ISSUED WITH NOTIFICATION OF INTENT TO TERMINATE FOR CONVENIENCE - MARS EXPLORATION PROGRAM (MEP) ASSESSMENT FOR MANAGEMENT, PLANNING, TECHNICAL, SCIENTIFIC, RISK, COST, AND SCHEDULE SUPPORT","category_business, limited_liability_corporation, partnership_or_limited_liability_partnership, small_business, special_designations, us_owned_business",https://www.usaspending.gov/award/CONT_AWD_80LARC21F0153_8000_80LARC20D0007_8000/,,,,,,335000.0,2025-08-31,shrank,truncated,,still_terminated,2026-07-30
80LARC25F7011,Cornell Technical Services LLC,MD-03,NPDV,2025-04-10,2026-07-30,listed,,P00003,2025-04-10,2024-11-19,2025-07-31,780306.00,690426.26,STOP WORK NOTICE ISSUED WITH NOTIFICATION OF INTENT TO TERMINATE FOR CONVENIENCE - 2025 ASTROPHYSICS DIVISION SENIOR REVIEW,"category_business, limited_liability_corporation, partnership_or_limited_liability_partnership, small_business, special_designations, us_owned_business",https://www.usaspending.gov/award/CONT_AWD_80LARC25F7011_8000_80LARC20D0007_8000/,,,,,,780306.0,2025-07-31,flat,unchanged,,still_terminated,2026-07-30
80NSSC21K1288,Cornell University,NY-19,NASAGrants,2025-06-30,2026-07-30,listed,,P00006,2026-07-06,2021-08-16,2025-06-30,300273.00,300273.00,"Approved/ Awarded - Administrative | Administrative - Change Pop End Date, Administrative - Decrease. Advancing microwave kinetic inductance technology for cosmology and astrophysics applications","category_business, corporate_entity_tax_exempt, educational_institution, higher_education, manufacturer_of_goods, nonprofit, other_than_small_business, private_institution_of_higher_education, public_institution_of_higher_education, veterinary_college",https://www.usaspending.gov/award/ASST_NON_80NSSC21K1288_080/,,,,,,268000.0,2025-06-30,grew,unchanged,,naturally_expired,2026-07-30
80NSSC24K1193,Cornell University,NY-19,NPDV; DOGE,2025-04-05,2026-07-30,listed,,P00002,2026-04-06,2024-07-01,2025-03-21,95267.75,95267.75,"Basic research: an innovative workshop on equity, diversity, inclusion, and accessibility for leaders in planetary science","category_business, corporate_entity_tax_exempt, educational_institution, higher_education, manufacturer_of_goods, nonprofit, other_than_small_business, private_institution_of_higher_education, public_institution_of_higher_education, veterinary_college",https://www.usaspending.gov/award/ASST_NON_80NSSC24K1193_080/,DOGE,TERMINATED,0.00,4/4/2025,2026-07-30 Claimed Savings=389598.00; 2026-07-30 Claim Date=3/21/2025,260000.0,2027-06-30,shrank,truncated,claimed_and_shrank,still_terminated,2026-07-30
80NSSC24PB717,"Costar Realty Information, Inc.",DC-08,DOGE,2025-05-12,2026-07-30,listed,,P00002,2025-12-09,2024-07-12,2025-04-08,49050.00,49050.00,Web search portals and all other information services: costar,"category_business, corporate_entity_not_tax_exempt, other_than_small_business, special_designations, us_owned_business",https://www.usaspending.gov/award/CONT_AWD_80NSSC24PB717_8000_-NONE-_-NONE-/,DOGE,TERMINATED,0.00,5/6/2025,,49050.0,2025-04-08,flat,unchanged,consistent,still_terminated,2026-07-30
80NSSC23FA279,Creative Solutions International Coporation,VA-08,DOGE,2025-04-05,2026-07-30,listed,,P00003,2025-04-21,2023-03-07,2025-02-20,138793.75,108446.41,Consulting and meeting facilitation in support of ocio transformation initiatives,"category_business, corporate_entity_not_tax_exempt, self_certified_small_disadvanted_business, small_business, special_designations, us_owned_business, woman_owned_business",https://www.usaspending.gov/award/CONT_AWD_80NSSC23FA279_8000_GS10F0331M_4730/,DOGE,TERMINATED,0.00,2/18/2025,,138793.75,2025-02-20,flat,unchanged,consistent,still_terminated,2026-07-30
80HQTR24FA038,"Crown Innovations, Inc.",VA-08,DOGE,2025-04-05,2026-07-30,listed,,P00002,2025-03-20,2024-06-06,2025-03-20,136646.85,75915.14,Technical support for armd's office of the associate administrator,"category_business, corporate_entity_not_tax_exempt, minority_owned_business, other_than_small_business, self_certified_small_disadvanted_business, small_business, special_designations, subchapter_s_corporation, subcontinent_asian_indian_american_owned_business, us_owned_business",https://www.usaspending.gov/award/CONT_AWD_80HQTR24FA038_8000_80HQTR24AA006_8000/,DOGE,Expired,0.00,2/18/2025,,136646.85,2025-03-20,flat,unchanged,consistent,still_terminated,2026-07-30
80NSSC24PB139,"Datadog, Inc.",NY-12,NPDV,2025-04-10,2026-07-30,listed,,P00002,2025-12-05,2024-06-01,2025-04-08,0.00,0.00,TERMINATION FOR CONVENIENCE AGREEMENT - DATADOG SUBSCRIPTION,"category_business, corporate_entity_not_tax_exempt, other_than_small_business, special_designations, us_owned_business",https://www.usaspending.gov/award/CONT_AWD_80NSSC24PB139_8000_-NONE-_-NONE-/,,,,,,0.0,2025-04-08,unknown,unchanged,,still_terminated,2026-07-30
80HQTR23FA018,Deloitte Consulting LLP,VA-08,DOGE,2025-04-05,2026-07-30,listed,,P00002,2026-07-01,2023-02-08,2025-07-31,659225.96,644337.82,Conducting evidence and evaluation activities for the space technology mission directorate in order to meet the requirements of the evidence act (p.l. 115-435).,"category_business, other_than_small_business, partnership_or_limited_liability_partnership, special_designations, us_owned_business",https://www.usaspending.gov/award/CONT_AWD_80HQTR23FA018_8000_80HQTR22AA005_8000/,DOGE,SUPPLEMENTAL AGREEMENT FOR WORK WITHIN SCOPE,0.00,3/20/2025,2025-08-13 Claimed Status=Expired,659225.96,2025-07-31,flat,unchanged,consistent,naturally_expired,2026-07-30
80HQTR25FA019,Deloitte Consulting LLP,VA-08,DOGE,2025-04-05,2026-07-30,listed,,P00001,2026-06-26,2025-02-11,2025-08-11,90488.46,90488.46,"The technical work performed directly enables NASA to submit the annual president's budget request & congressional justification, required by the following laws: budget & accounting act (p.l. 67-13), budget impoundment & control act (p.l. 93-344). the task ends 8/11/2025 because the work will be complete.","category_business, other_than_small_business, partnership_or_limited_liability_partnership, special_designations, us_owned_business",https://www.usaspending.gov/award/CONT_AWD_80HQTR25FA019_8000_80HQTR22AA005_8000/,DOGE,BASE AWARD,0.00,3/20/2025,2025-08-13 Claimed Status=Expired,130791.8,2025-08-11,shrank,unchanged,claimed_and_shrank,naturally_expired,2026-07-30
80NSSC26P0502,Devglobal Partners LLC,WA-02,USAspendingTerminations,2026-07-30,2026-07-30,listed,,P00001,2026-07-08,2026-04-27,2026-11-01,0.00,0.00,FACILITATION AND LOGISTICAL COORDINATION OF THE 2026 SMD DATA REPOSITORIES WORKSHOP,"category_business, limited_liability_corporation, self_certified_small_disadvanted_business, small_business, sole_proprietorship, special_designations, us_owned_business",https://www.usaspending.gov/award/CONT_AWD_80NSSC26P0502_8000_-NONE-_-NONE-/,,,,,,0.00,2026-11-01,unknown,unchanged,,still_terminated,2026-07-30
80NSSC22PA482,"Diversified Services Group, Inc.",MD-06,NPDV; DOGE,2025-04-10,2026-07-30,listed,,P00006,2025-04-08,2022-07-01,2025-04-09,46982.62,46982.54,Live plant maintenance services,"black_american_owned_business, category_business, corporate_entity_not_tax_exempt, dot_certified_disadvantaged_business_enterprise, economically_disadvantaged_women_owned_small_business, minority_owned_business, self_certified_small_disadvanted_business, small_business, special_designations, us_owned_business, woman_owned_business, women_owned_small_business",https://www.usaspending.gov/award/CONT_AWD_80NSSC22PA482_8000_-NONE-_-NONE-/,DOGE,TERMINATED,38578.00,4/14/2025,2025-05-23 Claimed Savings=38577.84,46982.62,2025-04-09,flat,unchanged,consistent,still_terminated,2026-07-30
80NSSC24M0190,"Education Development Center, Inc.",MA-05,NASAGrants,2025-04-05,2025-05-03,continued,Award continued: +$607000 2026-04-08 and +$1000000 2026-07-06 per USAspending.,P00001,2025-02-20,2024-07-11,2029-07-10,2961800.0,1439380.04,"Work In Progress - Administrative | Administrative - Decrease, Administrative - Change Pop End Date. Gio community engagement & support - education development center",Nonprofit Organization,https://www.usaspending.gov/award/ASST_NON_80NSSC24M0190_8000/,,,,,,2961800.0,2029-07-10,flat,unchanged,,unresolved,
80NSSC24PA590,"Eli Group, LLC",TX-26,DOGE,2025-04-05,2026-07-30,listed,,P00001,2025-04-21,2024-06-12,2025-03-06,27500.00,27500.00,Eli group leadership lab for women,"category_business, corporate_entity_not_tax_exempt, limited_liability_corporation, self_certified_small_disadvanted_business, small_business, special_designations, us_owned_business, woman_owned_business",https://www.usaspending.gov/award/CONT_AWD_80NSSC24PA590_8000_-NONE-_-NONE-/,DOGE,TERMINATED,0.00,2/18/2025,,27500.0,2025-03-06,flat,unchanged,consistent,still_terminated,2026-07-30
80NSSC24PC331,"Eli Group, LLC",TX-26,DOGE,2025-04-05,2026-07-30,listed,,P00001,2025-11-26,2025-02-19,2025-02-19,27500.00,27500.00,The exclusive leadership lab for women provides senior-level women with a development program designed to enhance leadership influence and behavior change to help them succeed within your organization.,"category_business, corporate_entity_not_tax_exempt, limited_liability_corporation, self_certified_small_disadvanted_business, small_business, special_designations, us_owned_business, woman_owned_business",https://www.usaspending.gov/award/CONT_AWD_80NSSC24PC331_8000_-NONE-_-NONE-/,DOGE,TERMINATED,0.00,2/18/2025,,27500.0,2025-02-19,flat,unchanged,consistent,still_terminated,2026-07-30
80NSSC24K0840,"Embry-Riddle Aeronautical University, Inc.",FL-06,NASAGrants,2025-04-05,2025-07-24,continued,Award continued: +$153498 P00001 2025-09-12 after flag; P00002 2026-01-07 per USAspending.,0,2024-05-07,2024-03-20,2026-03-19,145103.0,61138.73,"Work In Progress - Administrative | Administrative - Decrease, Administrative - Change Pop End Date. Empowering undergraduates: developing passive self-healing sensors to detect micrometeorites",Nonprofit Organization,https://www.usaspending.gov/award/ASST_NON_80NSSC24K0840_080/,,,,,,145103.0,2026-03-19,flat,unchanged,,naturally_expired,2026-07-30
80NSSC25K7032,Emory University,GA-05,NPDV; DOGE,2025-04-11,2026-07-30,listed,,P00003,2026-05-20,2024-10-04,2025-05-10,72879.91,72879.91,basic research grant: advancing environmental justice in atlanta through geographic information system-enabled community engagement,"category_business, corporate_entity_tax_exempt, educational_institution, higher_education, nonprofit, other_than_small_business, private_institution_of_higher_education, special_designations, us_owned_business",https://www.usaspending.gov/award/ASST_NON_80NSSC25K7032_080/,DOGE,,0.00,5/14/2025,,281894.0,2027-10-03,shrank,truncated,claimed_and_shrank,still_terminated,2026-07-30
80NSSC24PA710,"Emp Consultants, LLC",MD-08,DOGE,2025-04-05,2026-07-30,listed,,P00001,2025-03-27,2024-05-01,2025-04-30,45960.00,45960.00,This order is for novice software and support maintenance.,"category_business, corporate_entity_not_tax_exempt, limited_liability_corporation, small_business, special_designations, us_owned_business",https://www.usaspending.gov/award/CONT_AWD_80NSSC24PA710_8000_-NONE-_-NONE-/,DOGE,TERMINATED,45960.00,3/20/2025,,45960.0,2025-04-30,flat,unchanged,consistent,still_terminated,2026-07-30
80NSSC25PB602,Fed Crew Inc,PA-04,FPDS; USAspendingTerminations,2026-02-24,2026-07-30,listed,,P00003,2026-05-01,2025-08-04,2025-09-25,0.00,0.00,SPHERICAL HEA ALLOY POWDER,"category_business, corporate_entity_not_tax_exempt, minority_owned_business, self_certified_small_disadvanted_business, small_business, special_designations, subcontinent_asian_indian_american_owned_business, us_owned_business, woman_owned_business, women_owned_small_business",https://www.usaspending.gov/award/CONT_AWD_80NSSC25PB602_8000_-NONE-_-NONE-/,,,,,,48900.00,2026-03-27,shrank,truncated,,still_terminated,2026-07-30
80JSC022CA012,"Flawless Photonics, Inc.",CA-47,NPDV,2025-04-10,2026-07-30,listed,,P00008,2025-04-08,2022-08-25,2025-11-15,2315075.00,2315075.00,TERMINATION NOTICE ISSUED: IN SPACE PRODUCTION APPLICATIONS (INSPA) - FABRICATION OF FLAWLESSPREFORMS IN MICROGRAVITY FOR OA DIRECTORATE,"category_business, corporate_entity_not_tax_exempt, manufacturer_of_goods, self_certified_small_disadvanted_business, small_business, special_designations, us_owned_business",https://www.usaspending.gov/award/CONT_AWD_80JSC022CA012_8000_-NONE-_-NONE-/,,,,,,2315075.0,2025-11-15,flat,unchanged,,naturally_expired,2026-07-30
80NSSC23PB058,"Florida First Robotics Education Foundation, Inc",FL-08,NPDV; DOGE,2025-04-10,2026-07-30,listed,,P00002,2025-08-13,2023-05-15,2025-04-08,40200.00,40200.00,Sponsorship of the first orlando regional,"category_business, corporate_entity_tax_exempt, foundation, nonprofit, other_than_small_business, special_designations, us_owned_business",https://www.usaspending.gov/award/CONT_AWD_80NSSC23PB058_8000_-NONE-_-NONE-/,DOGE,TERMINATED,60300.00,4/14/2025,,40200.0,2025-04-08,flat,unchanged,consistent,still_terminated,2026-07-30
80NSSC23F0002,"Four Points Technology, LLC",VA-11,DOGE,2025-05-12,2026-07-30,listed,,P00001,2025-05-14,2022-10-14,2025-04-21,19212.13,19212.13,Securid authenticator tokens,"category_business, corporate_entity_not_tax_exempt, limited_liability_corporation, service_disabled_veteran_owned_business, small_business, special_designations, us_owned_business, veteran_owned_business",https://www.usaspending.gov/award/CONT_AWD_80NSSC23F0002_8000_NNG15SD22B_8000/,DOGE,TERMINATED,0.00,5/6/2025,,19212.13,2025-04-21,flat,unchanged,consistent,still_terminated,2026-07-30
80NSSC24PB679,"Gartner, Inc.",CT-04,DOGE,2025-04-05,2026-07-30,listed,,P00002,2025-12-11,2024-07-01,2025-12-31,194382.00,194382.00,NASA human capital gartner learning & development services,"category_business, corporate_entity_not_tax_exempt, other_than_small_business, special_designations, us_owned_business",https://www.usaspending.gov/award/CONT_AWD_80NSSC24PB679_8000_-NONE-_-NONE-/,DOGE,TERMINATED,194382.00,3/20/2025,,194382.0,2025-03-06,flat,extended,claimed_but_extended,still_terminated,2026-07-30
80NSSC24K0892,George Mason University,VA-11,NPDV; DOGE,2025-04-05,2026-07-30,listed,,P00002,2025-09-05,2024-03-29,2027-03-28,0.00,0.00,disparities in health and safety effects of dust storms in the united states - interdisciplinary research in earth sciences support for science mission directorate (SMD/ESD),"category_business, educational_institution, government, higher_education, minority_serving_institution_of_higher_education, national_government, other_than_small_business, public_institution_of_higher_education, regional_and_state_government",https://www.usaspending.gov/award/ASST_NON_80NSSC24K0892_080/,DOGE,TERMINATED,0.00,4/1/2025,2026-07-30 Claim Date=3/21/2025,529129.0,2027-03-28,shrank,unchanged,claimed_and_shrank,still_terminated,2026-07-30
80NSSC24K0503,George Washington University (THE),DC-98,NASAGrants,2025-07-18,2026-07-30,listed,,P00004,2026-07-20,2024-03-15,2025-07-11,506303.98,506303.98,"Approved/ Awarded - Administrative | Administrative - Decrease, Administrative - Change Pop End Date. Assessing environmental justice, air quality, and health co-benefits of transport interventions in u.s. urban areas","category_business, corporate_entity_tax_exempt, educational_institution, higher_education, nonprofit, other_than_small_business, private_institution_of_higher_education",https://www.usaspending.gov/award/ASST_NON_80NSSC24K0503_080/,,,,,,807337.0,2027-03-14,shrank,truncated,,still_terminated,2026-07-30
80HQTR24FA019,Guidehouse Inc.,VA-11,DOGE,2025-04-05,2026-07-30,listed,,P00013,2026-06-10,2023-12-01,2025-11-30,1831560.00,1831560.00,"The contractor to provide services related to an integrated approach to conducting annual assessments of NASA’s management controls, internal control over financial reporting, fraud risk management framework and payment integrity.","category_business, corporate_entity_not_tax_exempt, other_than_small_business, special_designations, us_owned_business",https://www.usaspending.gov/award/CONT_AWD_80HQTR24FA019_8000_80HQTR24AA002_8000/,DOGE,OTHER ADMINISTRATIVE ACTION,639900.00,3/20/2025,2025-05-12 Claimed Status=FUNDING ONLY ACTION,1333000.0,2025-11-30,grew,unchanged,claimed_but_grew,naturally_expired,2026-07-30
80NSSC24PC367,Harbec Inc,NY-24,DOGE,2025-04-05,2026-07-30,listed,,P00001,2025-09-24,2024-09-10,2025-02-28,105768.00,105768.00,"104 end caps, 104 end cap sleeves","category_business, corporate_entity_not_tax_exempt, manufacturer_of_goods, other_than_small_business, special_designations, us_owned_business",https://www.usaspending.gov/award/CONT_AWD_80NSSC24PC367_8000_-NONE-_-NONE-/,DOGE,Expired,0.00,3/20/2025,,105768.0,2025-02-28,flat,unchanged,consistent,naturally_expired,2026-07-30
80NSSC22PB703,Ho-Chunk Shared Services Company,NE-03,DOGE,2025-04-05,2026-07-30,listed,,P00003,2025-03-24,2022-08-05,2025-03-24,109953.67,109703.67,Strategic analysis and support services,"8a_program_participant, american_indian_owned_business, category_business, community_development_corporations, corporate_entity_tax_exempt, historically_underutilized_business_firm, minority_owned_business, native_american_owned_business, nonprofit, self_certified_small_disadvanted_business, small_business, special_designations, tribally_owned_firm, us_owned_business",https://www.usaspending.gov/award/CONT_AWD_80NSSC22PB703_8000_-NONE-_-NONE-/,DOGE,TERMINATED,0.00,2/18/2025,,109953.67,2025-03-24,flat,unchanged,consistent,still_terminated,2026-07-30
80GSFC23CA030,Honeybee Robotics LLC,CO-02,NPDV; FPDS; USAspendingTerminations,2025-04-24,2026-07-30,listed,,P00010,2025-09-30,2022-11-30,2023-12-04,7129014.07,6679036.86,"TERMINATE FOR CONVENIENCE AGREEMENT - MARS SAMPLE RETURN (MSR) CAPTURE, CONTAINMENT AND RETURN SYSTEMS (CCRS) EARTH ENTRY SYSTEM (EES) SPIN EJECT MECHANISM (SEM) FOR SMD DIRECTORATE.","category_business, corporate_entity_not_tax_exempt, limited_liability_corporation, manufacturer_of_goods, small_business, special_designations, us_owned_business",https://www.usaspending.gov/award/CONT_AWD_80GSFC23CA030_8000_-NONE-_-NONE-/,,,,,,6785723.62,2026-07-30,grew,truncated,,still_terminated,2026-07-30
80NSSC20P1795,Howard Wershbale & Co,OH-11,NPDV; DOGE,2025-04-10,2026-07-30,listed,,P00008,2025-11-04,2020-08-23,2025-04-08,16050.00,16100.00,Financial statement review,"category_business, corporate_entity_not_tax_exempt, small_business, special_designations, subchapter_s_corporation, us_owned_business",https://www.usaspending.gov/award/CONT_AWD_80NSSC20P1795_8000_-NONE-_-NONE-/,DOGE,TERMINATED,3950.00,4/14/2025,,16050.0,2025-04-08,flat,unchanged,consistent,still_terminated,2026-07-30
80GRC020F0111,Hx5 LLC,FL-01,DOGE,2025-04-05,2026-07-30,listed,,P00029,2026-06-11,2020-04-01,2026-12-31,2419150.89,1829268.11,Superconducting motor components & test devices.,"8a_program_participant, category_business, corporate_entity_not_tax_exempt, hispanic_american_owned_business, limited_liability_corporation, minority_owned_business, service_disabled_veteran_owned_business, small_business, special_designations, subchapter_s_corporation, us_owned_business, veteran_owned_business, woman_owned_business, women_owned_small_business",https://www.usaspending.gov/award/CONT_AWD_80GRC020F0111_8000_80GRC020D0003_8000/,DOGE,OTHER ADMINISTRATIVE ACTION,1513111.00,3/20/2025,2025-04-15 Claimed Status=FUNDING ONLY ACTION; 2025-09-08 Claimed Status=SUPPLEMENTAL AGREEMENT FOR WORK WITHIN SCOPE; 2025-10-05 Claimed Status=FUNDING ONLY ACTION,1837580.8,2025-09-30,grew,extended,claimed_but_grew,no_termination_signal,2026-07-30
80GRC020F0115,Hx5 LLC,FL-01,DOGE,2025-04-05,2026-07-30,listed,,P00034,2026-06-18,2020-04-01,2027-03-31,2427377.54,1767154.06,Electric drive test support and technical communication.,"8a_program_participant, category_business, corporate_entity_not_tax_exempt, hispanic_american_owned_business, limited_liability_corporation, minority_owned_business, service_disabled_veteran_owned_business, small_business, special_designations, subchapter_s_corporation, us_owned_business, veteran_owned_business, woman_owned_business, women_owned_small_business",https://www.usaspending.gov/award/CONT_AWD_80GRC020F0115_8000_80GRC020D0003_8000/,DOGE,FUNDING ONLY ACTION,1771458.00,3/20/2025,2025-07-27 Claimed Status=SUPPLEMENTAL AGREEMENT FOR WORK WITHIN SCOPE; 2025-10-05 Claimed Status=FUNDING ONLY ACTION,1863120.06,2025-09-30,grew,extended,claimed_but_grew,no_termination_signal,2026-07-30
80GRC020F0118,Hx5 LLC,FL-01,DOGE,2025-04-05,2026-07-30,listed,,P00017,2025-07-08,2020-04-01,2026-09-30,2125591.44,1979945.85,"Lpr fan test hardware support. test lpr (low pressure ratio) turbofan design take-off, landing, climb, and cruise conditions.","8a_program_participant, category_business, corporate_entity_not_tax_exempt, hispanic_american_owned_business, limited_liability_corporation, minority_owned_business, service_disabled_veteran_owned_business, small_business, special_designations, subchapter_s_corporation, us_owned_business, veteran_owned_business, woman_owned_business, women_owned_small_business",https://www.usaspending.gov/award/CONT_AWD_80GRC020F0118_8000_80GRC020D0003_8000/,DOGE,SUPPLEMENTAL AGREEMENT FOR WORK WITHIN SCOPE,1877126.00,3/20/2025,2025-07-27 Claimed Status=FUNDING ONLY ACTION,1877125.75,2025-09-30,grew,extended,claimed_but_grew,no_termination_signal,2026-07-30
80GRC021F0111,Hx5 LLC,FL-01,DOGE,2025-04-05,2026-07-30,listed,,P00008,2026-07-20,2021-07-18,2027-03-31,763415.65,134286.63,Advanced seal development 4,"8a_program_participant, category_business, corporate_entity_not_tax_exempt, hispanic_american_owned_business, limited_liability_corporation, minority_owned_business, service_disabled_veteran_owned_business, small_business, special_designations, subchapter_s_corporation, us_owned_business, veteran_owned_business, woman_owned_business, women_owned_small_business",https://www.usaspending.gov/award/CONT_AWD_80GRC021F0111_8000_80GRC020D0003_8000/,DOGE,SUPPLEMENTAL AGREEMENT FOR WORK WITHIN SCOPE,148680.00,3/20/2025,,148680.06,2025-12-31,grew,extended,claimed_but_grew,no_termination_signal,2026-07-30
80GRC022F0189,Hx5 LLC,FL-01,DOGE,2025-04-05,2026-07-30,listed,,P00021,2026-05-21,2022-09-22,2026-12-31,873990.51,839535.46,Prototype manufacturing of a motor for dusty & extremely cold environments (MDECE).,"8a_program_participant, category_business, corporate_entity_not_tax_exempt, hispanic_american_owned_business, limited_liability_corporation, minority_owned_business, service_disabled_veteran_owned_business, small_business, special_designations, subchapter_s_corporation, us_owned_business, veteran_owned_business, woman_owned_business, women_owned_small_business",https://www.usaspending.gov/award/CONT_AWD_80GRC022F0189_8000_80GRC020D0003_8000/,DOGE,SUPPLEMENTAL AGREEMENT FOR WORK WITHIN SCOPE,806334.00,3/20/2025,2025-08-13 Claimed Status=Expired; 2025-09-08 Claimed Status=FUNDING ONLY ACTION; 2025-10-05 Claimed Status=SUPPLEMENTAL AGREEMENT FOR WORK WITHIN SCOPE,806333.75,2025-07-31,grew,extended,claimed_but_grew,no_termination_signal,2026-07-30
80KSC019F0128,"Hydrogeologic, Inc.",VA-11,DOGE,2025-04-05,2026-07-30,listed,,P00010,2025-05-29,2019-04-26,2025-03-18,151868.35,126804.17,Support meetings with florida department of environmental protection to review project progress and reach consensus on the path forward.,"asian_pacific_american_owned_business, category_business, corporate_entity_not_tax_exempt, minority_owned_business, small_business, special_designations, us_owned_business",https://www.usaspending.gov/award/CONT_AWD_80KSC019F0128_8000_80KSC019D0012_8000/,DOGE,OTHER ADMINISTRATIVE ACTION,154681.00,3/20/2025,2025-05-04 Claimed Status=Expired,154680.79,2025-06-30,flat,truncated,consistent,naturally_expired,2026-07-30
80NSSC23FA528,Ibex It Business Experts LLC,GA-07,NPDV; DOGE,2025-04-25,2026-07-30,listed,,P00007,2026-03-06,2023-06-01,2025-03-31,214134.25,214134.25,Human resources and executive search consulting services: NASA enterprise-wide human capital services,"8a_program_participant, black_american_owned_business, category_business, corporate_entity_not_tax_exempt, dot_certified_disadvantaged_business_enterprise, limited_liability_corporation, minority_owned_business, self_certified_small_disadvanted_business, small_business, special_designations, us_owned_business, woman_owned_business, women_owned_small_business",https://www.usaspending.gov/award/CONT_AWD_80NSSC23FA528_8000_80NSSC23DA001_8000/,DOGE,TERMINATED,0.00,5/1/2025,,350807.06,2025-02-28,shrank,extended,claimed_but_extended,still_terminated,2026-07-30
80HQTR22F0076,"Icf Incorporated, LLC",VA-11,NPDV; USAspendingTerminations,2025-04-10,2026-07-30,listed,,P00010,2026-03-18,2022-05-04,2025-04-08,979989.29,567157.32,SUPPORT FOR U.S.PARTICIPATION IN THEINTERGOVERNMENTALPANEL ON CLIMATECHANGE AND RELATEDINTERNATIONALASSESSMENTS,"category_business, limited_liability_corporation, minority_owned_business, other_minority_owned_business, other_than_small_business, special_designations, us_owned_business",https://www.usaspending.gov/award/CONT_AWD_80HQTR22F0076_8000_80HQTR21D0004_8000/,,,,,,979989.29,2025-04-08,flat,unchanged,,still_terminated,2026-07-30
80HQTR22F0109,"Icf Incorporated, LLC",VA-11,NPDV; USAspendingTerminations,2025-04-10,2026-07-30,listed,,P00005,2026-03-18,2022-10-03,2025-04-08,879147.00,543483.20,SPECIALIZED SUPPORT SERVICES FOR A CARBON CYCLE INTERAGENCY WORKING GROUP (CCIWG) COORDINATOR TO THE U.S. GLOBAL CHANGE RESEARCH PROGRAM (USGCRP) NATIONAL COORDINATION OFFICE (NCO).,"category_business, limited_liability_corporation, minority_owned_business, other_minority_owned_business, other_than_small_business, special_designations, us_owned_business",https://www.usaspending.gov/award/CONT_AWD_80HQTR22F0109_8000_80HQTR21D0004_8000/,,,,,,879147.0,2025-04-08,flat,unchanged,,still_terminated,2026-07-30
80HQTR23F0042,"Icf Incorporated, LLC",VA-11,USAspendingTerminations,2026-07-30,2026-07-30,listed,,P00001,2026-04-14,2023-02-16,2025-04-08,335875.00,272464.44,THIS TASK ORDER #4 IS HEREBY ISSUED TO PROVIDE SUPPORT FOR U.S. PARTICIPATION IN AN ALL-HANDS MEETING FOR THE 5TH NATIONAL CLIMATE ASSESSMENT IN ACCORDANCE THE ATTACHED STATEMENT OF WORK,"category_business, limited_liability_corporation, minority_owned_business, other_minority_owned_business, other_than_small_business, special_designations, us_owned_business",https://www.usaspending.gov/award/CONT_AWD_80HQTR23F0042_8000_80HQTR21D0004_8000/,,,,,,335875.00,2025-04-08,flat,unchanged,,still_terminated,2026-07-30
80HQTR24F0012,"Icf Incorporated, LLC",VA-11,DOGE,2025-04-05,2026-07-30,listed,,P00004,2026-04-14,2023-11-16,2025-04-08,1929221.26,1052623.92,"Provides technical support for the co-chairs and bureau of wgiii, cross-working group coordination. this is a NASA hq requirement.","category_business, limited_liability_corporation, minority_owned_business, other_minority_owned_business, other_than_small_business, special_designations, us_owned_business",https://www.usaspending.gov/award/CONT_AWD_80HQTR24F0012_8000_80HQTR21D0004_8000/,DOGE,Expired,1439421.00,2/18/2025,2025-05-23 Claimed Savings=1439420.89,1929221.26,2025-02-14,flat,extended,claimed_but_extended,still_terminated,2026-07-30
80HQTR24F0019,"Icf Incorporated, LLC",VA-11,NPDV; USAspendingTerminations,2026-04-01,2026-07-30,listed,,P00003,2026-04-09,2023-12-19,2025-04-08,685384.00,224179.92,STOP WORK AND TERMINATION FOR CONVENIENCE NOTICE ISSUED. ENGAGEMENT SPECIALIST TO THE U.S. GLOBAL CHANGE RESEARCH PROGRAM (USGCRP) NATIONAL COORDINATION OFFICE (NCO),"category_business, limited_liability_corporation, minority_owned_business, other_minority_owned_business, other_than_small_business, special_designations, us_owned_business",https://www.usaspending.gov/award/CONT_AWD_80HQTR24F0019_8000_80HQTR21D0004_8000/,,,,,,685384.00,2025-04-08,flat,unchanged,,still_terminated,2026-07-30
80HQTR24F0037,"Icf Incorporated, LLC",VA-11,NPDV; USAspendingTerminations,2025-04-10,2026-07-30,listed,,P00003,2026-04-14,2024-03-18,2025-04-08,651786.00,222818.65,TO PROVIDE A SCOPE FOR SPECIALIZED SUPPORT SERVICES FOR TWO CLIMATE SERVICES PERSONNEL TO THE U.S. GLOBAL CHANGE RESEARCH PROGRAM (USGCRP) NATIONAL COORDINATION OFFICE (NCO) FOR CLIMATE SERVICES.,"category_business, limited_liability_corporation, minority_owned_business, other_minority_owned_business, other_than_small_business, special_designations, us_owned_business",https://www.usaspending.gov/award/CONT_AWD_80HQTR24F0037_8000_80HQTR21D0004_8000/,,,,,,651786.0,2025-04-08,flat,unchanged,,still_terminated,2026-07-30
80HQTR25F7019,"Icf Incorporated, LLC",VA-11,USAspendingTerminations,2026-07-30,2026-07-30,listed,,P00002,2026-04-14,2024-12-04,2025-04-08,224255.00,28622.76,"ASSIST WITH PLANNING ACTIVITIES INVOLVING A LARGE INTERNATIONAL AUTHOR TEAM COORDINATE IN-PERSON AND REMOTE MEETINGS, TRACK THE STATUS OF AUTHORS' WORK","category_business, limited_liability_corporation, minority_owned_business, other_minority_owned_business, other_than_small_business, special_designations, us_owned_business",https://www.usaspending.gov/award/CONT_AWD_80HQTR25F7019_8000_80HQTR21D0004_8000/,,,,,,224255.00,2025-04-08,flat,unchanged,,still_terminated,2026-07-30
80NSSC19K1666,"Imec USA Nanoelectronics Design Center, Inc",FL-09,NPDV,2025-04-10,2026-07-30,listed,,P00003,2025-09-05,2019-09-03,2025-09-02,35780.47,0.00,"TERMINATION FOR CONVENIENCE AGREEMENT - RODENT HINDLIMB SUSPENSION, RODENT CSF, AND DIRECT ICP & BIOMARKERS - SUPPORT FOR SOMD DIRECTORATE","category_business, corporate_entity_tax_exempt, nonprofit",https://www.usaspending.gov/award/ASST_NON_80NSSC19K1666_080/,,,,,,40000.0,2025-09-02,shrank,unchanged,,still_terminated,2026-07-30
80NSSC24FA260,Immixtechnology Inc,VA-11,DOGE,2025-04-05,2026-07-30,listed,,0,2025-03-14,2024-03-01,2025-02-28,38454.11,38454.11,This order is for digimat software and support maintenance.,"category_business, corporate_entity_not_tax_exempt, other_than_small_business, special_designations, us_owned_business",https://www.usaspending.gov/award/CONT_AWD_80NSSC24FA260_8000_NNG15SC39B_8000/,DOGE,Expired,38454.00,3/20/2025,,38454.11,2025-02-28,flat,unchanged,consistent,naturally_expired,2026-07-30
80NSSC24PA753,Keysight Technologies Inc,CO-05,DOGE,2025-04-05,2026-07-30,listed,,P00001,2025-03-27,2024-04-15,2025-03-19,33662.52,33662.52,This order is for genesys and support maintenance.,"category_business, corporate_entity_not_tax_exempt, manufacturer_of_goods, other_than_small_business, special_designations, us_owned_business",https://www.usaspending.gov/award/CONT_AWD_80NSSC24PA753_8000_-NONE-_-NONE-/,DOGE,TERMINATED,33663.00,3/20/2025,,33662.52,2025-03-19,flat,unchanged,consistent,still_terminated,2026-07-30
80NSSC24PA923,Keysight Technologies Inc,CO-05,DOGE,2025-04-05,2026-07-30,listed,,P00001,2025-03-25,2024-06-14,2025-03-17,10152.96,10152.96,This order is for ads software and support maintenance.,"category_business, corporate_entity_not_tax_exempt, manufacturer_of_goods, other_than_small_business, special_designations, us_owned_business",https://www.usaspending.gov/award/CONT_AWD_80NSSC24PA923_8000_-NONE-_-NONE-/,DOGE,TERMINATED,10153.00,3/20/2025,,10152.96,2025-03-17,flat,unchanged,consistent,still_terminated,2026-07-30
80NSSC25FA259,Kpaul Properties LLC,IN-07,NPDV,2025-07-07,2026-01-07,excluded_by_design,"Termination for cause (contractor failure) excluded by commit 08a52cf, 2026-01-09",P00001,2025-07-02,2025-05-12,2026-05-11,25890.00,25890.00,FY25 termination for cause - FY25 l3 slurm annual support renewal,"category_business, corporate_entity_not_tax_exempt, historically_underutilized_business_firm, limited_liability_corporation, manufacturer_of_goods, self_certified_small_disadvanted_business, service_disabled_veteran_owned_business, small_business, special_designations, us_owned_business, veteran_owned_business",https://www.usaspending.gov/award/CONT_AWD_80NSSC25FA259_8000_NNG15SD33B_8000/,,,,,,25890.0,2026-05-11,flat,unchanged,,,
80NSSC24PC269,KPMG LLP,VA-11,DOGE,2025-04-05,2026-07-30,listed,,P00002,2025-06-10,2024-09-03,2025-03-24,96000.00,96000.00,"Training immersion to provide direct experience and exposure for NASA leaders to for-profit industry organizations in support of the agency’s public private talent program pilot program and in association with the leadership development program, NASA aspire, learning objectives.  more specifically understanding how the business drives efficiency in decision making, leads technology innovation / artificial intelligence / data ecosystems, and their investment strategy.","category_business, other_than_small_business, partnership_or_limited_liability_partnership, special_designations, us_owned_business",https://www.usaspending.gov/award/CONT_AWD_80NSSC24PC269_8000_-NONE-_-NONE-/,DOGE,TERMINATED,0.00,2/18/2025,,120000.0,2025-03-24,shrank,unchanged,claimed_and_shrank,still_terminated,2026-07-30
80NSSC25K7045,Kutztown University of Pennsylvania,PA-04,NPDV; DOGE,2025-04-05,2026-07-30,listed,,P00002,2026-04-06,2024-10-07,2025-03-21,74992.00,8674.57,"Here to observe + here to storytell experiences for undergraduate students, planetary sciences division","educational_institution, government, higher_education, national_government, public_institution_of_higher_education, regional_and_state_government",https://www.usaspending.gov/award/ASST_NON_80NSSC25K7045_080/,DOGE,TERMINATED,0.00,5/6/2025,2026-07-30 Claimed Savings=299968.00; 2026-07-30 Claim Date=3/21/2025,74992.0,2029-10-06,flat,truncated,consistent,still_terminated,2026-07-30
80NSSC24PC405,"Leidos, Inc.",VA-11,DOGE,2025-04-05,2026-07-30,listed,,P00001,2025-04-16,2024-09-01,2024-09-25,0.00,0.00,Fy24 verint annual maintenance & support coverage standard plan,"category_business, corporate_entity_not_tax_exempt, manufacturer_of_goods, other_than_small_business, special_designations, us_owned_business",https://www.usaspending.gov/award/CONT_AWD_80NSSC24PC405_8000_-NONE-_-NONE-/,DOGE,OTHER ADMINISTRATIVE ACTION,0.00,3/20/2025,2025-05-04 Claimed Status=Expired,0.0,2025-08-31,unknown,truncated,unknown,naturally_expired,2026-07-30
80NSSC25PB270,Linde Advanced Material Technologies Inc.,IN-07,USAspendingTerminations,2026-07-30,2026-07-30,listed,,P00001,2026-05-28,2025-06-24,2025-07-01,0.00,0.00,"ALLOY Z, CHEM/SIZING POWDER","category_business, corporate_entity_not_tax_exempt, foreign_owned, foreign_owned_and_us_located_business, manufacturer_of_goods, other_than_small_business, special_designations",https://www.usaspending.gov/award/CONT_AWD_80NSSC25PB270_8000_-NONE-_-NONE-/,,,,,,0.00,2025-07-01,unknown,unchanged,,still_terminated,2026-07-30
80NSSC24PA660,"Lmi Consulting, LLC",VA-11,DOGE,2025-05-12,2026-07-30,listed,,P00002,2025-04-17,2024-03-07,2025-03-31,42878.06,42878.06,Bridge program retreat,"category_business, corporate_entity_not_tax_exempt, limited_liability_corporation, other_than_small_business, special_designations, us_owned_business",https://www.usaspending.gov/award/CONT_AWD_80NSSC24PA660_8000_-NONE-_-NONE-/,DOGE,TERMINATED,0.00,5/6/2025,,42878.06,2025-03-31,flat,unchanged,consistent,still_terminated,2026-07-30
80MSFC21CA001,Lockheed Martin Corp,CO-07,NPDV,2026-04-06,2026-07-30,listed,,P00019,2026-04-03,2021-08-06,2026-04-03,69721101.00,69721101.00,"TIPPING POINT CRYOGENIC DEMONSTRATION MISSION (CDM)ESTABLISH THE FINAL SETTLEMENT BETWEEN THE GOVERNMENT AND CONTRACTOR RESULTING FROM THE TERMINATION FOR CONVENIENCE OF CONTRACT NO. 80MSFC21CA001 ISSUED ON AUGUST 8, 2024.","category_business, corporate_entity_not_tax_exempt, manufacturer_of_goods, other_than_small_business, special_designations, us_owned_business",https://www.usaspending.gov/award/CONT_AWD_80MSFC21CA001_8000_-NONE-_-NONE-/,,,,,,69721101.00,2024-07-31,flat,extended,,still_terminated,2026-07-30
80MSFC22CA005,Lockheed Martin Corp,CO-07,FPDS; USAspendingTerminations,2025-10-01,2026-07-30,listed,,P00032,2025-09-30,2022-03-01,2025-09-30,103080002.51,96355083.30,MARS ASCENT VEHICLE INTEGRATED SYSTEM (MAVIS),"category_business, corporate_entity_not_tax_exempt, manufacturer_of_goods, other_than_small_business, special_designations, us_owned_business",https://www.usaspending.gov/award/CONT_AWD_80MSFC22CA005_8000_-NONE-_-NONE-/,,,,,,103080002.51,2028-07-31,flat,truncated,,still_terminated,2026-07-30
NNG09FA40C,Lockheed Martin Corporation,CA-16,NPDV,2025-04-14,2026-01-09,descoped,EO 14148 unilateral mod de-scoped/terminated only DEI work on IRIS contract; contract active with $4M+ new obligations through 2026-06-23 per USAspending.,112,2025-09-26,2009-10-01,2027-09-30,190137334.68,32578893.78,"In accordance with EO 14148, this unilateral modification de-scopes and terminates the dei work from the IRIS mission contract for the Science Mission Directorate.Interface Region Imaging Spectrograph (IRIS). the contractor shall refine and evolve the contractor's cost estimate for phases b-f for the Interface Region Imaging Spectrograph (IRIS) mission submitted in response to NASA Announcement of Opportunity #nnh07zda003o for the explorers projects division.  the primary tasks in phase b will include the generation and presentation of the systems requirements review (SRR) and the Preliminary Design Review (PDR).  in order to support these reviews, the concept definition efforts shall encompass the work required to update and refine the proposal's science investigation objectives and plans (if necessary), instrument and Spacecraft concepts and performance characteristics, and science operations and flight operations plans and concepts.  these efforts shall identify the conditions and constraints necessary for the development of an integrated IRIS mission approach.  the contractor's mission integration efforts shall include considerations for the accommodation of the IRIS observatory onto the Launch Vehicle.  the contractor's phase b preliminary design efforts shall develop the csr and site visit concepts into a preliminary design and definition of the IRIS mission, including its mission operations center (moc) and science operations center (SOC).  the Preliminary Design Review (PDR) shall be held in accordance with NPR 7120.5d, NPR 7123.1a, and GSFC STD 1001b.the contractor's efforts in phase b shall form the basis for final ation of the remainder of the IRIS development and operational phases (c, d, e and f).  detailed cost and schedule estimates shall be prepared and submitted during phase b, which defines the contractor's updated budget for phase b and the planned budgets for phase c, d, e and f work.periodic technical and programmatic interchange meetings at both the contractor's facility and at GSFC shall be required to coordinate efforts between the contractor and the explorers projects office. these may be conducted AS face-to-face meetings or teleconferences, AS required.","category_business, corporate_entity_not_tax_exempt, manufacturer_of_goods, other_than_small_business",https://www.usaspending.gov/award/CONT_AWD_NNG09FA40C_8000_-NONE-_-NONE-/,,,,,,185933559.32,2027-09-30,flat,unchanged,,no_termination_signal,2026-07-30
80GSFC23PA006,"Malin Space Science Systems, Inc",CA-51,NPDV; FPDS,2025-06-20,2026-07-30,listed,,P00003,2025-06-18,2023-01-17,2024-01-11,862225.00,862225.00,"TERMINATION FOR CONVENIENCE AGREEMENT - MARS SAMPLE RETURN CAMPAIGN CAPTURE, CONTAINMENT, AND RETURN SAMPLE (CCRS) CAMERA","category_business, corporate_entity_not_tax_exempt, manufacturer_of_goods, small_business, special_designations, us_owned_business",https://www.usaspending.gov/award/CONT_AWD_80GSFC23PA006_8000_-NONE-_-NONE-/,,,,,,862225.0,2024-01-11,flat,unchanged,,still_terminated,2026-07-30
80NSSC22K1673,Massachusetts Institute of Technology,MA-07,DOGE; NPDV,2025-04-05,2026-07-30,listed,,P00003,2026-04-06,2022-09-01,2025-03-21,250000.00,250000.00,applying the evdt integrated modeling framework for environmental justice applications - termination for convenience - earth science applications: equity and environmental justice support for science mission directorate (SMD/ESD),"category_business, corporate_entity_tax_exempt, educational_institution, higher_education, nonprofit, private_institution_of_higher_education, public_institution_of_higher_education",https://www.usaspending.gov/award/ASST_NON_80NSSC22K1673_080/,DOGE,TERMINATED,0.00,3/24/2025,2026-07-30 Claim Date=3/21/2025,250000.0,2025-08-31,flat,truncated,consistent,still_terminated,2026-07-30
80NSSC25PA641,"Messe Dusseldorf North America, Inc.",IL-07,NPDV; DOGE,2025-04-10,2026-07-30,listed,,P00002,2026-04-29,2025-05-19,2025-05-22,0.00,0.00,Booth space for NASA at association for unmanned/uncrewed vehicle systems international 2025,"category_business, corporate_entity_not_tax_exempt, foreign_owned, foreign_owned_and_us_located_business, other_than_small_business, special_designations",https://www.usaspending.gov/award/CONT_AWD_80NSSC25PA641_8000_-NONE-_-NONE-/,DOGE,TERMINATED,0.00,5/6/2025,,15200.0,2025-04-09,shrank,extended,claimed_but_extended,still_terminated,2026-07-30
80LARC22FA010,Micro Craft Inc,TN-06,FPDS,2025-09-14,2026-02-24,excluded_by_design,"Out of scope: terminated for convenience P00001 on 2022-05-24, before the 2025-01-20 tracking window. Verified via USAspending transactions (3 txns; no post-termination obligations). Entered tracking only because the FPDS query swept a wider date range; not a policy cancellation.",P00002,2025-06-09,2022-04-19,2022-07-06,1422.09,1422.09,Reason for modification: terminate for convenience (complete or partial). bpa wo#81235 147.7 corotub mold assembly 21322n0138.,"category_business, corporate_entity_not_tax_exempt, manufacturer_of_goods, small_business, special_designations, subchapter_s_corporation, us_owned_business",https://www.usaspending.gov/award/CONT_AWD_80LARC22FA010_8000_80LARC21AA012_8000/,,,,,,1422.09,2022-07-06,flat,unchanged,,still_terminated,2026-07-30
80NSSC26P0347,Minco Products Inc,MN-05,USAspendingTerminations,2026-07-30,2026-07-30,listed,,P00001,2026-06-23,2026-03-19,2026-04-23,0.00,0.00,PURCHASE OF CUSTOMIZED HEATERS,"category_business, corporate_entity_not_tax_exempt, manufacturer_of_goods, small_business, special_designations, us_owned_business",https://www.usaspending.gov/award/CONT_AWD_80NSSC26P0347_8000_-NONE-_-NONE-/,,,,,,0.00,2026-04-23,unknown,unchanged,,still_terminated,2026-07-30
80NSSC25FA315,"National Quality Assurance - U.S.A., Inc.",MA-03,NPDV; DOGE,2025-05-07,2026-07-30,listed,,P00001,2025-06-16,2025-05-05,2025-05-08,0.00,0.00,"Administrative management and general management consulting services: as9100 audit at armstrong flight research center, national aeronautics and space administration","category_business, corporate_entity_not_tax_exempt, foreign_owned, other_than_small_business, special_designations, us_owned_business",https://www.usaspending.gov/award/CONT_AWD_80NSSC25FA315_8000_80NSSC24AA005_8000/,DOGE,TERMINATED,28832.00,6/30/2025,,0.0,2025-05-08,unknown,unchanged,unknown,still_terminated,2026-07-30
80NSSC24K0944,"National Society of Black Physicists, Inc.",VA-08,NPDV; DOGE,2025-04-05,2026-07-30,listed,,P00001,2026-04-06,2024-04-01,2025-03-21,99751.00,99751.00,National society of black physicists/national society of hispanic physicists student leadership development summit,"category_business, corporate_entity_tax_exempt, nonprofit",https://www.usaspending.gov/award/ASST_NON_80NSSC24K0944_080/,DOGE,TERMINATED,0.00,3/31/2025,2026-07-30 Claimed Savings=199502.00; 2026-07-30 Claim Date=3/21/2025,99751.0,2027-03-31,flat,truncated,consistent,still_terminated,2026-07-30
80NSSC24K1845,"National Society of Black Physicists, Inc.",DC-98,NASAGrants; DOGE; FPDS,2025-04-05,2026-07-30,listed,,P00004,2026-04-06,2024-10-15,2025-03-21,299960.00,299960.00,National society of black physicists/national society of hispanic physicists joint annual conferences 2024-26,"category_business, corporate_entity_tax_exempt, nonprofit",https://www.usaspending.gov/award/ASST_NON_80NSSC24K1845_080/,DOGE,TERMINATED,0.00,5/5/2025,2026-07-30 Claimed Savings=241961.00; 2026-07-30 Claim Date=3/21/2025,532078.0,2027-10-14,shrank,truncated,claimed_and_shrank,still_terminated,2026-07-30
80NSSC24K0520,Natural Areas Conservancy Inc,NY-13,NPDV; DOGE,2025-04-05,2026-07-30,listed,,P00002,2026-04-06,2024-04-01,2025-03-21,315207.82,315207.82,assessing access to nature and their benefits in ej communities across US cities - interdisciplinary research in earth sciences for support for science mission directorate (SMD/ESD),"category_business, corporate_entity_tax_exempt, nonprofit",https://www.usaspending.gov/award/ASST_NON_80NSSC24K0520_080/,DOGE,TERMINATED,0.00,4/4/2025,2026-07-30 Claim Date=3/21/2025,485603.0,2027-03-31,shrank,truncated,claimed_and_shrank,still_terminated,2026-07-30
80GSFC22CA021,Newton LLC,MD-04,NPDV; FPDS,2025-06-20,2026-07-30,listed,,P00015,2025-06-17,2022-03-07,2024-01-02,4459975.78,4459975.78,"TERMINATION FOR CONVENIENCE AGREEMENT - CAPTURE, CONTAINMENT RETURN SYSTEM (CCRS) CAPTURE LID MECHANISM (CLM)","8a_program_participant, category_business, corporate_entity_not_tax_exempt, hispanic_american_owned_business, limited_liability_corporation, manufacturer_of_goods, minority_owned_business, self_certified_small_disadvanted_business, small_business, special_designations, us_owned_business",https://www.usaspending.gov/award/CONT_AWD_80GSFC22CA021_8000_-NONE-_-NONE-/,,,,,,4459975.78,2024-01-02,flat,unchanged,,still_terminated,2026-07-30
80KSC020F0077,"Noreas, Inc.",CA-47,DOGE,2025-04-05,2026-07-30,listed,,P00008,2025-09-09,2020-08-01,2025-07-31,2594431.77,2594431.77,Environmental consulting services,"category_business, corporate_entity_not_tax_exempt, self_certified_small_disadvanted_business, small_business, special_designations, subchapter_s_corporation, us_owned_business",https://www.usaspending.gov/award/CONT_AWD_80KSC020F0077_8000_GS00F373GA_4732/,DOGE,OTHER ADMINISTRATIVE ACTION,2643830.00,3/20/2025,2025-08-13 Claimed Status=Expired,2643829.77,2025-07-31,flat,unchanged,consistent,naturally_expired,2026-07-30
80MSFC21C0010,Northrop Grumman Systems Corporation,MD-01,FPDS; USAspendingTerminations,2025-10-01,2026-07-30,listed,,P00043,2026-07-14,2021-03-04,2025-09-30,80635452.00,79087279.25,MARS ASCENT PROPULSION SYSTEM (MAPS),"category_business, corporate_entity_not_tax_exempt, manufacturer_of_goods, other_than_small_business, special_designations, us_owned_business",https://www.usaspending.gov/award/CONT_AWD_80MSFC21C0010_8000_-NONE-_-NONE-/,,,,,,86135452.00,2026-03-03,shrank,truncated,,still_terminated,2026-07-30
80NSSC24CA161,Nuburu Inc.,CO-06,DOGE,2025-04-15,2026-07-30,listed,,P00002,2025-03-12,2024-08-08,2025-03-05,849989.00,0.00,Sbir phase ii - blue-plume - blue laser planetary and lunar management of electrical power,"category_business, corporate_entity_not_tax_exempt, manufacturer_of_goods, small_business, special_designations, us_owned_business",https://www.usaspending.gov/award/CONT_AWD_80NSSC24CA161_8000_-NONE-_-NONE-/,DOGE,TERMINATED,0.00,4/4/2025,,849989.0,2025-03-05,flat,unchanged,consistent,excluded_by_design,2026-07-30
80AFRC19F0092,"Office Design Group, Inc.",45,FPDS,2025-09-14,2026-02-24,excluded_by_design,"Out of scope: terminated for convenience P00001 on 2019-06-12, before the 2025-01-20 tracking window. Verified via USAspending transactions (2 txns; no post-termination obligations). Entered tracking only because the FPDS query swept a wider date range; not a policy cancellation.",P00001,2025-02-03,2019-03-13,2019-06-12,0.00,0.00,Reason for modification: terminate for convenience (complete or partial). cancellation of furniture move in b4800 rm 1505.,"8a_program_participant, category_business, corporate_entity_not_tax_exempt, dot_certified_disadvantaged_business_enterprise, hispanic_american_owned_business, minority_owned_business, self_certified_small_disadvanted_business, service_disabled_veteran_owned_business, small_business, special_designations, subchapter_s_corporation, us_owned_business, veteran_owned_business",https://www.usaspending.gov/award/CONT_AWD_80AFRC19F0092_8000_NND15AB03Z_8000/,,,,,,0.00,2019-06-12,unknown,unchanged,,still_terminated,2026-07-30
80NSSC24K0114,Ohio Aerospace Institute,OH-07,NPDV; DOGE; NASAGrants,2025-04-05,2026-07-30,listed,,P00003,2026-04-06,2023-10-18,2025-03-21,94143.09,94143.09,Here to observe student engagement program: ohio and puerto rico space grant consortiums,"category_business, corporate_entity_tax_exempt, nonprofit",https://www.usaspending.gov/award/ASST_NON_80NSSC24K0114_080/,DOGE,TERMINATED,0.00,5/1/2025,2026-07-30 Claimed Savings=218736.00; 2026-07-30 Claim Date=3/21/2025,147209.0,2028-10-17,shrank,truncated,claimed_and_shrank,still_terminated,2026-07-30
80NSSC21M0005,Oklahoma State University,OK-03,DOGE,2025-04-05,2026-07-30,listed,,P00008,2026-02-20,2021-01-01,2025-03-21,2141868.19,2141868.19,The primary objective of the  native earth | native sky  (NENS) program is to build culturally-relevant earth-sky stem programming for middle schoolers in three oklahoma native american nations that will increase the students  understanding of - termination for convenience agreement  - science activation program integration/ science engagement & partnerships division for support for science mission directorate (SMD),"educational_institution, higher_education, minority_owned_business, nonprofit, other_minority_owned_business, public_institution_of_higher_education, veterinary_college",https://www.usaspending.gov/award/ASST_NON_80NSSC21M0005_080/,DOGE,TERMINATED,0.00,3/24/2025,,2981789.0,2025-12-31,shrank,truncated,claimed_and_shrank,still_terminated,2026-07-30
80HQTR21F0124,"Overlook Systems Technologies, Inc.",VA-11,DOGE,2025-04-05,2026-07-30,listed,,P00022,2025-03-17,2021-05-01,2025-02-13,2472244.00,2471451.42,"Provide contractor subject matter expertise in the
  areas of u.s. and international space policy as well as pnt policy, technology, engineering, and
  related applications","category_business, corporate_entity_not_tax_exempt, small_business, special_designations, subchapter_s_corporation, us_owned_business",https://www.usaspending.gov/award/CONT_AWD_80HQTR21F0124_8000_GS10F0100T_4730/,DOGE,Expired,4390932.00,3/20/2025,,2472244.0,2025-02-13,flat,unchanged,consistent,still_terminated,2026-07-30
80NSSC23PB368,Pacific Research & Evaluation LLC,OR-01,NPDV; DOGE,2025-04-05,2026-07-30,listed,,P00001,2025-04-21,2023-09-01,2025-03-06,183337.00,119413.50,Audience evaluation of engagement content and materials,"category_business, limited_liability_corporation, partnership_or_limited_liability_partnership, small_business",https://www.usaspending.gov/award/CONT_AWD_80NSSC23PB368_8000_-NONE-_-NONE-/,DOGE,TERMINATED,0.00,5/1/2025,,183337.0,2025-03-06,flat,unchanged,consistent,still_terminated,2026-07-30
80NSSC24PC394,Partnership for Public Service Inc,DC-98,DOGE,2025-04-05,2026-07-30,listed,,P00001,2025-04-21,2024-10-01,2025-03-11,28750.00,28750.00,Partnership for public service. membership in the federal human capital collaborative,"category_business, corporate_entity_tax_exempt, nonprofit, other_than_small_business, special_designations, us_owned_business",https://www.usaspending.gov/award/CONT_AWD_80NSSC24PC394_8000_-NONE-_-NONE-/,DOGE,TERMINATED,0.00,2/28/2025,,28750.0,2025-03-11,flat,unchanged,consistent,still_terminated,2026-07-30
80NSSC24PA609,"Politico, LLC",VA-08,DOGE,2025-04-05,2026-07-30,listed,,P00001,2025-04-21,2024-03-11,2025-02-18,10600.00,10600.00,Politico pro agreement for ocfo,"category_business, partnership_or_limited_liability_partnership, small_business, special_designations, us_owned_business",https://www.usaspending.gov/award/CONT_AWD_80NSSC24PA609_8000_-NONE-_-NONE-/,DOGE,TERMINATED,0.00,2/13/2025,,10600.0,2025-02-18,flat,unchanged,consistent,still_terminated,2026-07-30
80NSSC24PA723,"Politico, LLC",VA-08,DOGE,2025-04-05,2026-07-30,listed,,P00001,2025-03-25,2024-05-03,2025-02-18,202600.00,202600.00,Renewal for politico pro service for olia,"category_business, partnership_or_limited_liability_partnership, small_business, special_designations, us_owned_business",https://www.usaspending.gov/award/CONT_AWD_80NSSC24PA723_8000_-NONE-_-NONE-/,DOGE,TERMINATED,0.00,3/19/2025,,202600.0,2025-02-18,flat,unchanged,consistent,still_terminated,2026-07-30
80NSSC19K0326,President and Fellows of Harvard College,MA-05,NPDV; FPDS,2025-05-14,2026-07-30,listed,,P00020,2025-09-19,2019-01-01,2025-12-31,7680199.00,7296509.00,"THE TERMINATION HAS BEEN VACATED AND SET ASIDE PURSUANT TO THE ORDER ENTERED ON SEPTEMBER 3, 2025, IN PRESIDENT AND FELLOWS OF HARVARD COLLEGE V. US DEPARTMENT OF HEALTH AND HUMAN SERVICES ET AL., 1:25-CV-11048 (D. MASS).THERE IS A COMPELLING NEED FOR INTENSIVE STUDY OF CONVECTIVE IMPACTS ON THE SUMMER STRATOSPHERE OVER NORTH AMERICA. EACH SUMMER THE NORTH AMERICAN MONSOON ANTICYCLONE (NAMA) DOMINATES THE CIRCULATION OF THE NORTH-WESTERN HEMISPHERE AND ACTS TO PARTIALLY CONFINE AND ISOLATE AIR FROM THE SURROUNDING ATMOSPHERE. STRONG CONVECTIVE STORMS IN THE NAMA REGULARLY PENETRATE DEEP INTO THE LOWER STRATOSPHERE (LS), WITH SOME ASCENDING ABOVE 20 KM (~450 K POTENTIAL TEMPERATURE). THE UNIQUENESS OF THE NAMA REGION IS MOST EASILY SEEN IN SATELLITE MEASUREMENTS OF WATER VAPOR, WHICH SHOW A LARGE ENHANCEMENT IN THE LS OVER NORTH AMERICA NOT SEEN EITHER IN MAGNITUDE OR AT SUCH HIGH LATITUDES ELSEWHERE AROUND THE GLOBE. BUT THE COUPLING OF TROPOPAUSE-PENETRATING CONVECTION WITH LARGE-SCALE MONSOONAL MOTION IS POORLY UNDERSTOOD, AS IS THE IMPACT OF CONVECTION ON THE CHEMICAL COMPOSITION OF THE LS, BOTH IN MONSOON REGIONS AND IN THE GLOBAL STRATOSPHERE, WHICH RECEIVES INPUTS OF MOIST AND POLLUTED MONSOON AIR FROM THE NAMA. THE DYNAMICS AND CHEMISTRY OF THE SUMMER STRATOSPHERE (DCOTSS) PROPOSAL DIRECTLY ADDRESSES THIS KNOWLEDGE GAP.","category_business, corporate_entity_tax_exempt, educational_institution, higher_education, nonprofit, other_than_small_business, private_institution_of_higher_education, special_designations, us_owned_business",https://www.usaspending.gov/award/ASST_NON_80NSSC19K0326_080/,,,,,,7680199.0,2025-12-31,flat,unchanged,,vacated,2026-07-30
80NSSC21K1069,President and Fellows of Harvard College,MA-05,NPDV; FPDS,2025-06-24,2026-06-16,still_terminated,Termination for convenience agreement P00004 2025-07-07 is final mod per USAspending; no vacatur or resumption. Drop from NPDV 2026-06-17 unexplained upstream.,P00004,2025-07-07,2021-07-13,2025-07-12,276651.00,276650.96,"Termination for convenience agreement -20-ocost20-0009, application of continuous ground-based remote sensing to analysis of oco-2/3 xco2 and SIF data in mosaic landscapes -support for SMD earth science directorate","category_business, corporate_entity_tax_exempt, educational_institution, higher_education, nonprofit, private_institution_of_higher_education",https://www.usaspending.gov/award/ASST_NON_80NSSC21K1069_080/,,,,,,276651.0,2025-07-12,flat,unchanged,,still_terminated,2026-07-30
80NSSC21K1443,President and Fellows of Harvard College,MA-05,NPDV; FPDS; DOGE,2025-05-14,2026-07-30,listed,,P00006,2026-07-20,2021-08-01,2025-07-31,586625.65,586625.65,NASA airborne observations of oxygenated volatile organic compounds over korea,"category_business, corporate_entity_tax_exempt, educational_institution, higher_education, nonprofit, other_than_small_business, private_institution_of_higher_education, special_designations, us_owned_business",https://www.usaspending.gov/award/ASST_NON_80NSSC21K1443_080/,DOGE,,0.00,5/12/2025,,602062.0,2025-07-31,flat,unchanged,consistent,vacated,2026-07-30
80NSSC21M0002,President and Fellows of Harvard College,MA-05,NPDV; NASAGrants,2025-05-14,2026-07-30,listed,,P00013,2026-07-06,2021-01-01,2026-12-31,3919711.00,3689711.00,"Approved/ Awarded - Administrative | Administrative - Decrease, Administrative - Change Pop End Date. Cosmic storytelling with NASA data: tools for exploring data science","category_business, corporate_entity_tax_exempt, educational_institution, higher_education, nonprofit, other_than_small_business, private_institution_of_higher_education, special_designations, us_owned_business",https://www.usaspending.gov/award/ASST_NON_80NSSC21M0002_080/,,,,,,3689711.0,2025-12-31,grew,extended,,vacated,2026-07-30
80NSSC23K1430,President and Fellows of Harvard College,MA-07,NPDV; NASAGrants,2025-05-14,2026-07-30,listed,,P00005,2026-06-05,2023-09-01,2026-05-20,79364.00,79364.00,"Approved/ Awarded - Administrative | Administrative - Decrease, Administrative - Change Pop End Date. Rodent research standard housing mission: multidisciplinary approach to understanding spaceflight responses","category_business, corporate_entity_tax_exempt, educational_institution, higher_education, nonprofit, private_institution_of_higher_education",https://www.usaspending.gov/award/ASST_NON_80NSSC23K1430_080/,,,,,,79364.0,2026-08-31,flat,truncated,,vacated,2026-07-30
80NSSC24M0193,President and Fellows of Harvard College,MA-05,NPDV; NASAGrants,2025-05-14,2026-07-30,listed,,P00004,2026-05-20,2024-08-01,2025-05-09,19299.47,19299.47,TERMINATION FOR CONVENIENCE AGREEMENT - NASA OPEN INNOVATION RESEARCH -SUPPORT FOR STMD DIRECTORATE,"category_business, corporate_entity_tax_exempt, educational_institution, higher_education, nonprofit, other_than_small_business, private_institution_of_higher_education, special_designations, us_owned_business",https://www.usaspending.gov/award/ASST_NON_80NSSC24M0193_080/,,,,,,197214.54,2025-07-31,shrank,truncated,,still_terminated,2026-07-30
80NSSC26P0407,Prime Property Scans LLC,IN-06,USAspendingTerminations,2026-07-30,2026-07-30,listed,,P00001,2026-06-25,2026-05-01,2026-04-21,0.00,0.00,SPIRAL TECHNOLOGY SOFTWARE SUPPORT RENEWAL,"black_american_owned_business, category_business, minority_owned_business, self_certified_small_disadvanted_business, small_business, sole_proprietorship, special_designations, us_owned_business",https://www.usaspending.gov/award/CONT_AWD_80NSSC26P0407_8000_-NONE-_-NONE-/,,,,,,0.00,2026-04-21,unknown,unchanged,,still_terminated,2026-07-30
80NSSC24K1345,Purdue University,IN-04,NASAGrants,2025-05-16,2026-07-30,listed,,P00002,2026-05-20,2024-08-01,2025-05-07,53059.56,53059.56,"Approved/ Awarded - Administrative | Administrative - Change Pop End Date, Administrative - Decrease. Robust optimal control of spacecraft translational-rotational coupled motion under uncertainty","category_business, educational_institution, higher_education, minority_owned_business, nonprofit, other_minority_owned_business, other_than_small_business, public_institution_of_higher_education, special_designations, us_owned_business",https://www.usaspending.gov/award/ASST_NON_80NSSC24K1345_080/,,,,,,84000.0,2028-07-31,shrank,truncated,,naturally_expired,2026-07-30
80NSSC24PC363,Qualcomm Technologies Inc,CA-51,DOGE,2025-05-12,2026-07-30,listed,,P00002,2025-04-08,2024-10-01,2025-04-08,6000.00,0.00,Qualcomm 5g learning - four subscriptions,"category_business, corporate_entity_not_tax_exempt, other_than_small_business, special_designations, us_owned_business",https://www.usaspending.gov/award/CONT_AWD_80NSSC24PC363_8000_-NONE-_-NONE-/,DOGE,TERMINATED,0.00,5/6/2025,,6000.0,2025-04-08,flat,unchanged,consistent,still_terminated,2026-07-30
80NSSC24PB720,R3 Uniq Inc,IA-01,DOGE,2025-04-15,2026-07-30,listed,,P00001,2025-12-09,2024-07-15,2025-04-08,71648.90,71648.90,Omnest network simulation software licenses and support,"8a_program_participant, category_business, corporate_entity_not_tax_exempt, dot_certified_disadvantaged_business_enterprise, minority_owned_business, self_certified_small_disadvanted_business, small_business, special_designations, subchapter_s_corporation, subcontinent_asian_indian_american_owned_business, us_owned_business",https://www.usaspending.gov/award/CONT_AWD_80NSSC24PB720_8000_-NONE-_-NONE-/,DOGE,TERMINATED,0.00,4/11/2025,,71648.9,2025-04-08,flat,unchanged,consistent,still_terminated,2026-07-30
80NSSC23K1175,"Regents of the University of California, The",CA-12,NASAGrants,2025-06-04,2026-07-30,listed,,P00003,2026-06-05,2023-08-15,2025-05-31,139277.72,139277.72,"Approved/ Awarded - Administrative | Administrative - Change Pop End Date, Administrative - Decrease. Low preload ice anchoring grippers for icy worlds mobility","educational_institution, higher_education, minority_owned_business, minority_serving_institution_of_higher_education, nonprofit, other_minority_owned_business, public_institution_of_higher_education",https://www.usaspending.gov/award/ASST_NON_80NSSC23K1175_080/,,,,,,158170.0,2027-08-14,shrank,truncated,,naturally_expired,2026-07-30
80NSSC23FA267,"Rei Systems, Inc.",VA-11,DOGE,2025-04-05,2026-07-30,listed,,P00006,2026-03-31,2023-04-01,2027-03-31,3978520.18,2787005.19,"This task provides unique, direct portfolio planning, operations and execution support to the early stage innovations and partnerships portfolio which provides support to NASA’s early stage technology development and tech commercialization programs that are pioneering aerospace research and transformative technology ventures to enable NASA’s mission and invigorate our economic future. task provides operations management support; strategic planning and execution support for stmd-wide processes run by esip to identify and competitively select industry technology development partnerships; organization design and change management as stmd re-organizes; and engagement support to improve the ""front door"" to stmd for external innovators.","category_business, corporate_entity_not_tax_exempt, minority_owned_business, other_than_small_business, special_designations, subcontinent_asian_indian_american_owned_business, us_owned_business",https://www.usaspending.gov/award/CONT_AWD_80NSSC23FA267_8000_80NSSC23AA003_8000/,DOGE,OTHER ADMINISTRATIVE ACTION,5437168.00,3/20/2025,,2854482.12,2026-03-31,grew,extended,claimed_but_grew,no_termination_signal,2026-07-30
80NSSC25K7029,Research Triangle Institute,NC-04,NPDV; NASAGrants; DOGE,2025-04-10,2026-07-30,listed,,P00003,2026-05-20,2024-10-04,2025-05-09,15620.96,15620.96,"project green, greenspace and remote sensing for the environment and equity in neighborhoods","category_business, corporate_entity_tax_exempt, nonprofit, other_than_small_business, special_designations, us_owned_business",https://www.usaspending.gov/award/ASST_NON_80NSSC25K7029_080/,DOGE,,0.00,5/14/2025,,237796.0,2027-10-03,shrank,truncated,claimed_and_shrank,still_terminated,2026-07-30
80NSSC23M0125,Salem Academy & College,NC-10,NASAGrants,2025-07-31,2026-07-30,listed,,P00003,2026-07-06,2023-08-01,2025-07-31,435118.52,435118.52,"Approved/ Awarded - Administrative | Administrative - Change Pop End Date, Administrative - Decrease. Soar with salem: a comprehensive program to inspire women and girls to become the next generation of stem professionals.","category_business, corporate_entity_tax_exempt, educational_institution, higher_education, nonprofit, private_institution_of_higher_education",https://www.usaspending.gov/award/ASST_NON_80NSSC23M0125_080/,,,,,,500000.0,2025-07-31,shrank,unchanged,,naturally_expired,2026-07-30
80NSSC24K0966,San Diego Air & Space Museum,CA-50,NASAGrants,2025-04-05,2026-01-30,needs_manual_review,Only original 2024 obligation in USAspending; flagged PoP-decrease never posted; insufficient evidence to classify.,0,2024-07-08,2024-09-03,2025-08-31,40000.00,40000.00,"Work In Progress - Administrative | Administrative - Decrease, Administrative - Change Pop End Date. Imagine the future of space","category_business, corporate_entity_tax_exempt, nonprofit",https://www.usaspending.gov/award/ASST_NON_80NSSC24K0966_080/,,,,,,40000.0,2025-08-31,flat,unchanged,,naturally_expired,2026-07-30
80GSFC21C0057,Schlumberger Technology Corporation,TX-07,NPDV; FPDS; USAspendingTerminations,2025-04-14,2026-07-30,listed,,P00014,2025-09-05,2021-03-26,2026-03-26,2855464.73,2835061.93,"TERMINATION FOR CONVENIENCE AGREEMENT - PULSED NEUTRON GENERATORS FOR THE NASA DRAGONFLY AND DRAGONFLY TITAN LANDER AND THE DEVELOPMENT AND ADVANCEMENT OF LUNAR INSTRUMENTATION (DALI), BULK ELEMENTAL COMPOSITION ANALYZER (BECA) INSTRUMENT.","category_business, corporate_entity_not_tax_exempt, other_than_small_business, special_designations, us_owned_business",https://www.usaspending.gov/award/CONT_AWD_80GSFC21C0057_8000_-NONE-_-NONE-/,,,,,,2835061.93,2026-03-26,flat,unchanged,,still_terminated,2026-07-30
80HQTR25FA007,Science Applications International Corporation,VA-11,DOGE,2025-04-05,2026-07-30,listed,,P00003,2025-03-14,2024-10-23,2025-02-14,865076.75,807172.06,"Review, validate, and advise on draft plan, messaging and branding of the plan, plan implementation analysis and recommendations, rollout & metrics","category_business, corporate_entity_not_tax_exempt, other_than_small_business, special_designations, us_owned_business",https://www.usaspending.gov/award/CONT_AWD_80HQTR25FA007_8000_80HQTR24AA005_8000/,DOGE,Expired,0.00,3/20/2025,,865076.75,2025-02-14,flat,unchanged,consistent,still_terminated,2026-07-30
80GSFC21C0019,"Science Systems and Applications, Inc.",MD-04,FPDS,2025-09-14,2026-02-24,excluded_by_design,"Out of scope: terminated for convenience P00005 on 2024-01-22, before the 2025-01-20 tracking window. Verified via USAspending transactions (6 txns; no post-termination obligations). Entered tracking only because the FPDS query swept a wider date range; not a policy cancellation.",P00005,2025-11-25,2021-01-26,2023-07-31,403112.91,403112.91,"Reason for modification: terminate for convenience (complete or partial). engineering services for the euclid project. the contractor will provide overall guidance, including performing principal investigator technical management functions as well as complete technical performance of the euclid/librae investigation.","category_business, corporate_entity_not_tax_exempt, minority_owned_business, small_business, special_designations, subchapter_s_corporation, subcontinent_asian_indian_american_owned_business, us_owned_business, woman_owned_business, women_owned_small_business",https://www.usaspending.gov/award/CONT_AWD_80GSFC21C0019_8000_-NONE-_-NONE-/,,,,,,403112.91,2023-07-31,flat,unchanged,,still_terminated,2026-07-30
80ARC018F0144,"Sierra Nevada Company, LLC",NV-02,FPDS,2025-09-14,2026-02-24,excluded_by_design,"Out of scope: terminated for convenience P00003 on 2020-01-17, before the 2025-01-20 tracking window. Verified via USAspending transactions (4 txns; no post-termination obligations). Entered tracking only because the FPDS query swept a wider date range; not a policy cancellation.",P00003,2025-04-23,2018-09-18,2020-01-17,95698.00,0.00,"Reason for modification: terminate for convenience (complete or partial). the ors8 space segment task order was developed in response to a u.s. strategic command urgent need for space-based environmental monitoring. the task order is intended to provide cloud characterization and theater weather imagery services, and will encompass delivery of the space vehicle, ground support equipment, and integration with existing weather data delivery and data processing architecture.","category_business, corporate_entity_not_tax_exempt, limited_liability_corporation, manufacturer_of_goods, other_than_small_business, special_designations, subchapter_s_corporation, us_owned_business, woman_owned_business",https://www.usaspending.gov/award/CONT_AWD_80ARC018F0144_8000_80ARC018D0019_8000/,,,,,,95698.00,2020-01-17,flat,unchanged,,still_terminated,2026-07-30
80NSSC26P0009,Silverback Associates LLC,TX-22,FPDS; USAspendingTerminations,2026-02-19,2026-07-30,listed,,P00001,2026-03-23,2025-11-20,2025-12-31,0.00,0.00,BARD AC UNIT,"black_american_owned_business, category_business, manufacturer_of_goods, minority_owned_business, partnership_or_limited_liability_partnership, small_business, special_designations, us_owned_business",https://www.usaspending.gov/award/CONT_AWD_80NSSC26P0009_8000_-NONE-_-NONE-/,,,,,,14184.00,2025-12-31,shrank,unchanged,,still_terminated,2026-07-30
80NSSC23M0120,Simmons University,MA-07,NASAGrants,2025-07-31,2026-07-30,listed,,P00003,2026-07-20,2023-08-01,2025-07-31,449550.73,448520.55,"Approved/ Awarded - Administrative | Administrative - Change Pop End Date, Administrative - Decrease. Dream-wstem (dynamic research education academy for mentoring women in stem)","category_business, corporate_entity_tax_exempt, educational_institution, higher_education, nonprofit, private_institution_of_higher_education",https://www.usaspending.gov/award/ASST_NON_80NSSC23M0120_080/,,,,,,499666.0,2025-07-31,shrank,unchanged,,naturally_expired,2026-07-30
80NSSC25PA845,Sinequa Corp,NY-12,NPDV,2025-04-10,2026-07-30,listed,,P00001,2025-06-03,2025-04-01,2025-04-09,0.00,0.00,TERMINATION FOR CONVENIENCE AGREEMENT - SINEQUA CUSTOMER SUCCESS ENGINEERS,"category_business, corporate_entity_not_tax_exempt, foreign_owned, other_than_small_business, special_designations",https://www.usaspending.gov/award/CONT_AWD_80NSSC25PA845_8000_-NONE-_-NONE-/,,,,,,0.0,2025-04-09,unknown,unchanged,,excluded_by_design,2026-07-30
80NSSC24PC049,Society of Women Engineers,IL-07,DOGE,2025-04-05,2026-07-30,listed,,P00002,2025-04-21,2024-08-01,2025-03-06,33100.00,33100.00,Recruiting: society of women engineers (SWE) corporate partnership council and participation in associated recruiting events,"category_business, corporate_entity_tax_exempt, nonprofit, other_than_small_business",https://www.usaspending.gov/award/CONT_AWD_80NSSC24PC049_8000_-NONE-_-NONE-/,DOGE,TERMINATED,33100.00,3/20/2025,,33100.0,2025-03-06,flat,unchanged,consistent,still_terminated,2026-07-30
80GSFC23CA005,Southwest Research Institute,TX-20,FPDS; NPDV,2025-09-14,2026-07-30,listed,,P00006,2025-09-11,2022-12-06,2025-07-30,2759020.00,2758875.12,COMPLETE TERMINATION FOR CONVENIENCE OF NASA GEOSPACE DYNAMICS CONSTELLATION (GDC) COMPREHENSIVE AURORAL PRECIPITATION EXPERIMENT (CAPE),"category_business, corporate_entity_tax_exempt, nonprofit, other_than_small_business, special_designations, us_owned_business",https://www.usaspending.gov/award/CONT_AWD_80GSFC23CA005_8000_-NONE-_-NONE-/,,,,,,2759020.00,2025-07-30,flat,unchanged,,still_terminated,2026-07-30
NNM16AA08C,Southwest Research Institute,TX-20,USAspendingTerminations,2026-07-30,2026-07-30,listed,,P00058,2026-07-16,2015-11-13,2034-02-28,74931167.70,58977454.68,"STOP WORK NOTICE ISSUED WITH NOTIFICATION OF INTENT TO DESCOPE - LUCY IS A PLANNED NASA SPACE PROBE THAT WILL TOUR FIVE JUPITER TROJANS, ASTEROIDS WHICH SHARE JUPITER'S ORBIT AROUND THE SUN, ORBITING EITHER AHEAD OF OR BEHIND THE PLANET AND ONE MAIN BELT ASTEROID. ALL TARGET ENCOUNTERS WILL BE FLY-BY ENCOUNTERS.","category_business, corporate_entity_tax_exempt, nonprofit, other_than_small_business, special_designations, us_owned_business",https://www.usaspending.gov/award/CONT_AWD_NNM16AA08C_8000_-NONE-_-NONE-/,,,,,,74931167.70,2034-02-28,flat,unchanged,,descoped,2026-07-30
80NSSC25PA014,Space Exploration Technologies Corp,CA-24,NPDV; DOGE,2025-04-10,2026-07-30,listed,,P00001,2025-12-09,2024-10-07,2025-04-08,19038.40,19038.40,"Aspire public-private talent program, spacex immersion","category_business, corporate_entity_not_tax_exempt, manufacturer_of_goods, other_than_small_business, special_designations, us_owned_business",https://www.usaspending.gov/award/CONT_AWD_80NSSC25PA014_8000_-NONE-_-NONE-/,DOGE,TERMINATED,0.00,5/6/2025,,19038.4,2025-04-08,flat,unchanged,consistent,still_terminated,2026-07-30
80KSC020C0012,Space Exploration Technologies Corp.,CA-43,NPDV,2026-06-22,2026-07-07,still_terminated,Active stop-work extended through 2026-09-27 (P00032 2026-06-15); -$35.5M deobligated P00031 2026-03-31 per USAspending. Work stopped; dropped from tracking 2026-07-08.,P00032,,2020-03-25,2032-03-24,115774074.02,114712954.98,"The purpose of this contract modification is to extend the stop work order BY 90 days, through september 27, 2026.","category_business, corporate_entity_not_tax_exempt, manufacturer_of_goods, other_than_small_business, special_designations, us_owned_business",https://www.usaspending.gov/award/CONT_AWD_80KSC020C0012_8000_-NONE-_-NONE-/,,,,,,115774074.02,2032-03-24,flat,unchanged,,no_termination_signal,2026-07-30
80MSFC20C0050,Spatial Informatics Group LLC,CA-14,NPDV; USAspendingTerminations,2025-04-21,2026-07-30,listed,,P00012,2025-06-09,2020-09-13,2025-04-15,954983.90,954983.62,STOP WORK NOTICE ISSUED WITH NOTIFICATION OF INTENT TO DE-SCOPE - SERVIR GLOBAL NETWORK CAPABILITY PROGRAM,"category_business, corporate_entity_not_tax_exempt, limited_liability_corporation, small_business, special_designations, us_owned_business",https://www.usaspending.gov/award/CONT_AWD_80MSFC20C0050_8000_-NONE-_-NONE-/,,,,,,1018531.38,2025-09-12,shrank,truncated,,descoped,2026-07-30
80NSSC24FA447,"Strategy Consulting Team, LLC",VA-11,DOGE,2025-04-05,2026-07-30,listed,,P00005,2026-06-08,2024-04-15,2027-06-30,236532.44,125422.44,Provides NASA supervisory intensive leadership program (SILP) support on the NASA enterprise-wide human capital support services (NEHCSS) contract in accordance with contract terms and conditions for the NASA office of the chief human capital officer (OCHCO).,"category_business, corporate_entity_not_tax_exempt, limited_liability_corporation, self_certified_small_disadvanted_business, small_business, special_designations, us_owned_business, woman_owned_business, women_owned_small_business",https://www.usaspending.gov/award/CONT_AWD_80NSSC24FA447_8000_80NSSC23DA003_8000/,DOGE,EXERCISE AN OPTION,248077.00,2/18/2025,2025-05-23 Claimed Savings=248077.12; 2025-08-13 Claimed Status=FUNDING ONLY ACTION,147393.78,2026-02-28,grew,extended,claimed_but_grew,no_termination_signal,2026-07-30
80JSC024F0025,"Straughan Environmental, Inc.",MD-03,USAspendingTerminations,2026-07-30,2026-07-30,listed,,P00009,2025-06-12,2024-03-01,2025-02-28,246063.96,246063.96,"CANCELLATION OF PARTIAL STOP WORK NOTICE AS NON-APPLICABLE - CALL 29 (NON-CORE SUPPORT), JSC ENVIRONMENTAL SERVICES TEAM I (JEST I)","category_business, corporate_entity_not_tax_exempt, dot_certified_disadvantaged_business_enterprise, small_business, special_designations, subchapter_s_corporation, us_owned_business, woman_owned_business, women_owned_small_business",https://www.usaspending.gov/award/CONT_AWD_80JSC024F0025_8000_80JSC018A0012_8000/,,,,,,246063.96,2025-02-28,flat,unchanged,,still_terminated,2026-07-30
80JSC025FA076,"Straughan Environmental, Inc.",MD-03,USAspendingTerminations,2026-07-30,2026-07-30,listed,,P00017,2026-07-15,2025-03-01,2026-09-30,1135843.46,697200.40,"CANCELLATION OF PARTIAL STOP WORK NOTICE AS NON-APPLICABLE - CALL 02 (T&M SUPPORT), JSC ENVIRONMENTAL SERVICES TEAM II (JEST II)","category_business, corporate_entity_not_tax_exempt, dot_certified_disadvantaged_business_enterprise, small_business, special_designations, subchapter_s_corporation, us_owned_business, woman_owned_business, women_owned_small_business",https://www.usaspending.gov/award/CONT_AWD_80JSC025FA076_8000_80JSC024AA029_8000/,,,,,,1135843.46,2026-09-30,flat,unchanged,,continued,2026-07-30
80JSC025FA077,"Straughan Environmental, Inc.",MD-03,USAspendingTerminations,2026-07-30,2026-07-30,listed,,P00026,2026-07-15,2025-03-01,2026-09-30,582147.75,495296.85,"CANCELLATION OF PARTIAL STOP WORK NOTICE AS NON-APPLICABLE - CALL 03 (NON-CORE SUPPORT), JSC ENVIRONMENTAL SERVICES TEAM II (JEST II)","category_business, corporate_entity_not_tax_exempt, dot_certified_disadvantaged_business_enterprise, small_business, special_designations, subchapter_s_corporation, us_owned_business, woman_owned_business, women_owned_small_business",https://www.usaspending.gov/award/CONT_AWD_80JSC025FA077_8000_80JSC024AA029_8000/,,,,,,582147.75,2026-09-30,flat,unchanged,,continued,2026-07-30
80NSSC25FA034,"Techpride, Inc.",VA-09,DOGE,2025-04-05,2026-07-30,listed,,P00002,2025-03-25,2024-10-21,2025-03-10,75664.00,75664.00,Scan program,"asian_pacific_american_owned_business, category_business, corporate_entity_not_tax_exempt, historically_underutilized_business_firm, minority_owned_business, small_business, special_designations, us_owned_business, woman_owned_business, women_owned_small_business",https://www.usaspending.gov/award/CONT_AWD_80NSSC25FA034_8000_47QRAA19D006N_4732/,DOGE,TERMINATED,0.00,2/18/2025,,75664.0,2025-03-10,flat,unchanged,consistent,still_terminated,2026-07-30
80GSFC22CA013,The Aerospace Corporation,CA-36,FPDS; USAspendingTerminations,2026-02-10,2026-07-30,listed,,P00006,2026-02-09,2022-07-11,2025-12-19,1986108.00,1982220.21,INTERDISCIPLINARY SCIENTIST SUPPORT FOR THE GEOSPACE DYNAMICS CONSTELLATION (GDC) PROGRAM.,"category_business, corporate_entity_tax_exempt, nonprofit, other_than_small_business, special_designations, us_owned_business",https://www.usaspending.gov/award/CONT_AWD_80GSFC22CA013_8000_-NONE-_-NONE-/,,,,,,1986108.00,2028-10-31,flat,truncated,,still_terminated,2026-07-30
80HQTR24F0096,The Aerospace Corporation,CA-36,FPDS; NPDV,2025-09-14,2026-07-30,listed,,P00002,2025-04-08,2024-09-26,2025-04-08,61000.00,37752.23,STOP WORK NOTICE ISSUED WITH NOTIFICATION OF INTENT TO TERMINATE FOR CONVENIENCE - STRATEGIC COMMUNICATIONS AND INTEGRATION SUPPORT FOR MISSION SUPPORT DIRECTORATE,"category_business, corporate_entity_tax_exempt, nonprofit, other_than_small_business, special_designations, us_owned_business",https://www.usaspending.gov/award/CONT_AWD_80HQTR24F0096_8000_80GSFC19D0011_8000/,,,,,,61000.00,2025-04-08,flat,unchanged,,still_terminated,2026-07-30
80LARC24F0039,The Aerospace Corporation,CA-36,NPDV; DOGE,2025-04-17,2026-07-30,listed,,P00002,2026-03-17,2024-09-27,2025-04-15,0.00,0.00,"Space applied research: guide future human-rated spacecraft fire safety system, NASA engineering and safety center's team","category_business, corporate_entity_tax_exempt, nonprofit, other_than_small_business, special_designations, us_owned_business",https://www.usaspending.gov/award/CONT_AWD_80LARC24F0039_8000_80GSFC19D0011_8000/,DOGE,TERMINATED,162533.00,7/1/2025,,0.01,2025-04-15,shrank,unchanged,claimed_and_shrank,still_terminated,2026-07-30
80LARC25F7003,The Aerospace Corporation,CA-36,NPDV; DOGE,2025-04-17,2026-07-30,listed,,P00002,2026-03-17,2024-12-13,2025-04-15,0.00,0.00,"NASA engineering and safety center's (NESC) environmental control and life support (ECLSS) technical discipline team (TDT), provides technical expertise for resolution of issues related to vehicle and spacesuit environmental control.","category_business, corporate_entity_tax_exempt, nonprofit, other_than_small_business, special_designations, us_owned_business",https://www.usaspending.gov/award/CONT_AWD_80LARC25F7003_8000_80GSFC19D0011_8000/,DOGE,TERMINATED,42518.00,5/15/2025,,0.01,2025-04-15,shrank,unchanged,claimed_and_shrank,still_terminated,2026-07-30
80LARC26F7025,The Aerospace Corporation,CA-36,NPDV,2026-05-15,2026-07-30,listed,,0,2026-05-13,2026-05-29,2027-05-31,30000.00,,TECHNICAL EXPERTISE IS PROVIDED TO THE AGENCY FOR ISSUES RELATED TO ELECTRICAL POWER AND TO ASSIST IN UNDERSTANDING THE CAUSE FOR THE RECENT SPACE LAUNCH SYSTEMS (SLS) FLIGHT TERMINATION SYSTEM CORE BATTERY QUALIFICATION FAILURES.,"category_business, corporate_entity_tax_exempt, nonprofit, other_than_small_business, special_designations, us_owned_business",https://www.usaspending.gov/award/CONT_AWD_80LARC26F7025_8000_80GSFC19D0011_8000/,,,,,,30000.00,2027-05-31,flat,unchanged,,no_termination_signal,2026-07-30
80NSSC24PC064,The Jandor Group LLC,TX-07,DOGE,2025-05-12,2026-07-30,listed,,P00001,2025-12-09,2024-08-14,2025-04-09,100000.00,100000.00,Training,"category_business, corporate_entity_not_tax_exempt, hispanic_american_owned_business, limited_liability_corporation, minority_owned_business, self_certified_small_disadvanted_business, service_disabled_veteran_owned_business, small_business, special_designations, us_owned_business, veteran_owned_business",https://www.usaspending.gov/award/CONT_AWD_80NSSC24PC064_8000_-NONE-_-NONE-/,DOGE,TERMINATED,0.00,5/6/2025,,100000.0,2025-04-09,flat,unchanged,consistent,still_terminated,2026-07-30
80NSSC24K0177,The Johns Hopkins University,MD-07,NPDV; DOGE; NASAGrants,2025-04-05,2026-07-30,listed,,P00004,2026-04-06,2023-10-25,2025-03-21,507640.22,507640.22,Basic research: resolving intra urban variability in heat and air quality from space and the ground leveraging diverse observations to support environmental justice,"category_business, corporate_entity_tax_exempt, educational_institution, foreign_owned, higher_education, nonprofit, other_than_small_business, private_institution_of_higher_education, special_designations",https://www.usaspending.gov/award/ASST_NON_80NSSC24K0177_080/,DOGE,TERMINATED,0.00,4/1/2025,2026-07-30 Claimed Savings=496601.00; 2026-07-30 Claim Date=3/21/2025,969349.0,2026-10-24,shrank,truncated,claimed_and_shrank,still_terminated,2026-07-30
80MSFC22F0153,The Johns Hopkins University Applied Physics Laboratory LLC,MD-03,NPDV; FPDS; USAspendingTerminations,2025-04-10,2026-07-30,listed,,P00005,2025-09-26,2022-07-15,2025-04-08,19512.00,19010.22,STOP WORK NOTICE ISSUED WITH NOTIFICATION OF INTENT TO TERMINATE FOR CONVENIENCE - NESC AVIONICS PACKAGING ENGINEERING PROCESSES AND BEST PRACTICES,"category_business, educational_institution, higher_education, limited_liability_corporation, minority_owned_business, nonprofit, other_minority_owned_business, other_than_small_business, private_institution_of_higher_education, special_designations, us_owned_business",https://www.usaspending.gov/award/CONT_AWD_80MSFC22F0153_8000_80MSFC20D0004_8000/,,,,,,44324.0,2025-04-08,shrank,unchanged,,still_terminated,2026-07-30
80MSFC24F0067,The Johns Hopkins University Applied Physics Laboratory LLC,MD-03,NPDV; FPDS; USAspendingTerminations,2025-04-05,2026-07-30,listed,,P00003,2025-04-21,2024-04-01,2025-01-23,61257.49,61257.49,STOP WORK NOTICE ISSUED WITH NOTIFICATION OF INTENT TO TERMINATE FOR CONVENIENCE - HERE TO OBSERVE (H2O) SUPPORT FOR PLANETARY SCIENCE DIVISION (PSD) MISSIONS,"category_business, educational_institution, higher_education, limited_liability_corporation, minority_owned_business, nonprofit, other_minority_owned_business, other_than_small_business, private_institution_of_higher_education, special_designations, us_owned_business",https://www.usaspending.gov/award/CONT_AWD_80MSFC24F0067_8000_80MSFC20D0004_8000/,,,,,,307877.0,2025-01-23,shrank,unchanged,,still_terminated,2026-07-30
80GRC021F0123,The Kalt Manufacturing Company,OH-07,FPDS,2025-10-19,2026-02-24,excluded_by_design,"Out of scope: terminated for convenience P00001 on 2021-09-29, before the 2025-01-20 tracking window. Verified via USAspending transactions (2 txns; no post-termination obligations). Entered tracking only because the FPDS query swept a wider date range; not a policy cancellation.",P00001,2025-10-17,2021-07-16,2021-10-08,0.00,0.00,Reason for modification: terminate for convenience (complete or partial). research hardware for the armd-rvlt e-drive project.,"category_business, corporate_entity_not_tax_exempt, manufacturer_of_goods, small_business, special_designations, us_owned_business",https://www.usaspending.gov/award/CONT_AWD_80GRC021F0123_8000_NNC17BA05B_8000/,,,,,,0.00,2021-10-08,unknown,unchanged,,still_terminated,2026-07-30
80NSSC22K1174,The Leland Stanford Junior University,CA-16,NASAGrants,2025-09-08,2026-07-30,listed,,P00004,2026-07-20,2022-08-29,2025-08-28,205446.59,205446.59,"Approved/ Awarded - Administrative | Administrative - Change Pop End Date, Administrative - Decrease. Towards a robust laser-based velocity and temperature diagnostic for deployment in hypersonic ground-test facilities and high-speed flight","category_business, corporate_entity_tax_exempt, educational_institution, higher_education, nonprofit, other_than_small_business, private_institution_of_higher_education",https://www.usaspending.gov/award/ASST_NON_80NSSC22K1174_080/,,,,,,230500.00,2026-08-28,shrank,truncated,,naturally_expired,2026-07-30
80NSSC22K1191,The Leland Stanford Junior University,CA-16,NASAGrants,2025-09-08,2026-01-23,closed_out,Flagged for PoP-end decrease; closeout mod P00004 (Adjustment to Completed Project -$17980.80) 2026-07-13 per USAspending; ended early and closed.,P00003,2025-09-05,2022-08-29,2025-08-28,228000.00,210019.20,"Work In Progress - Administrative | Administrative - Decrease, Administrative - Change Pop End Date. Electrochemical in-situ resource utilization of urine-derived nitrogen for sustainable space travel and habitation","category_business, corporate_entity_tax_exempt, educational_institution, higher_education, nonprofit, private_institution_of_higher_education",https://www.usaspending.gov/award/ASST_NON_80NSSC22K1191_080/,,,,,,228000.00,2025-08-28,flat,unchanged,,naturally_expired,2026-07-30
80KSC024F0043,"The Performance Knowledge Group, LLC",FL-07,DOGE,2025-04-05,2026-07-30,listed,,P00004,2025-04-10,2024-07-01,2025-02-14,137213.00,137213.00,"Non-personal services contract to provide strategic management support, professional/team coaching, advanced planning, integration, and implementation to NASA kennedy space center (KSC), launch service program.","category_business, partnership_or_limited_liability_partnership, small_business, special_designations, us_owned_business, woman_owned_business, women_owned_small_business",https://www.usaspending.gov/award/CONT_AWD_80KSC024F0043_8000_80KSC021A0007_8000/,DOGE,OTHER ADMINISTRATIVE ACTION,0.00,2/18/2025,2025-04-15 Claimed Status=Expired,219539.0,2025-06-30,shrank,truncated,claimed_and_shrank,still_terminated,2026-07-30
80KSC024F0044,"The Performance Knowledge Group, LLC",FL-07,DOGE,2025-04-05,2026-07-30,listed,,P00002,2025-04-10,2024-07-01,2025-02-14,77219.10,77219.10,"Non-personal services contract to provide strategic management support, professional/team coaching, advanced planning, integration, and implementation to NASA kennedy space center (KSC), exploration ground system (EGS)","category_business, partnership_or_limited_liability_partnership, small_business, special_designations, us_owned_business, woman_owned_business, women_owned_small_business",https://www.usaspending.gov/award/CONT_AWD_80KSC024F0044_8000_80KSC021A0007_8000/,DOGE,OTHER ADMINISTRATIVE ACTION,0.00,2/18/2025,2025-04-15 Claimed Status=Expired,123550.0,2025-06-30,shrank,truncated,claimed_and_shrank,still_terminated,2026-07-30
80KSC024F0045,"The Performance Knowledge Group, LLC",FL-07,DOGE,2025-04-05,2026-07-30,listed,,P00002,2025-04-22,2024-07-01,2025-02-14,38535.00,38535.00,"Non-personal services contract to provide strategic management support, professional/team coaching, advanced planning, integration, and implementation to NASA kennedy space center (KSC).","category_business, partnership_or_limited_liability_partnership, small_business, special_designations, us_owned_business, woman_owned_business, women_owned_small_business",https://www.usaspending.gov/award/CONT_AWD_80KSC024F0045_8000_80KSC021A0007_8000/,DOGE,OTHER ADMINISTRATIVE ACTION,0.00,2/18/2025,2025-05-04 Claimed Status=Expired,61656.0,2025-06-30,shrank,truncated,claimed_and_shrank,still_terminated,2026-07-30
80NSSC19K0748,The Pinhead Institute Inc,CO-03,NPDV,2025-04-10,2026-07-30,listed,,P00006,2026-05-20,2019-05-20,2025-05-09,114321.00,0.00,TERMINATION FOR CONVENIENCE AGREEMENT - AN ANALYSIS OF LADEE UVS DATA FOR METALLIC SPECIES - SUPPORT FOR SMD DIRECTORATE,"category_business, corporate_entity_tax_exempt, nonprofit",https://www.usaspending.gov/award/ASST_NON_80NSSC19K0748_080/,,,,,,114321.0,2025-10-01,flat,truncated,,still_terminated,2026-07-30
80GSFC22CA012,The Regents of the University of Colorado,CO-02,FPDS; USAspendingTerminations,2026-02-13,2026-07-30,listed,,P00009,2026-02-12,2022-08-19,2026-01-08,1724514.55,1724514.55,INTERDISCIPLINARY SCIENTIST SUPPORT FOR THE GEOSPACE DYNAMICS CONSTELLATION (GDC) PROGRAM.,"category_business, educational_institution, government, higher_education, national_government, other_than_small_business, public_institution_of_higher_education, regional_and_state_government",https://www.usaspending.gov/award/CONT_AWD_80GSFC22CA012_8000_-NONE-_-NONE-/,,,,,,1724514.55,2028-10-31,flat,truncated,,still_terminated,2026-07-30
80ARC023CA004,The Trustees of Columbia University in the City of New York,NY-13,DOGE,2025-04-05,2026-07-30,listed,,P00002,2025-05-01,2022-11-01,2025-03-07,2000000.00,1208343.00,Contract for research and development work to extended longevity of 3d tissues and microph,"category_business, corporate_entity_tax_exempt, educational_institution, higher_education, nonprofit, other_than_small_business, private_institution_of_higher_education",https://www.usaspending.gov/award/CONT_AWD_80ARC023CA004_8000_-NONE-_-NONE-/,DOGE,OTHER ADMINISTRATIVE ACTION,0.00,3/10/2025,2025-05-04 Claimed Status=TERMINATED,2000000.0,2026-10-31,flat,truncated,consistent,still_terminated,2026-07-30
80GSFC23CA001,The Trustees of Columbia University in the City of New York,NY-13,DOGE,2025-04-05,2026-07-30,listed,,P00012,2026-04-16,2023-08-01,2025-07-31,8811500.90,8065973.90,Sedac facilitates the analysis and portrayal of the human dimensions of global change need,"category_business, corporate_entity_tax_exempt, educational_institution, higher_education, nonprofit, private_institution_of_higher_education",https://www.usaspending.gov/award/CONT_AWD_80GSFC23CA001_8000_-NONE-_-NONE-/,DOGE,OTHER ADMINISTRATIVE ACTION,19404348.00,3/10/2025,2025-05-04 Claimed Status=TERMINATED,10548704.0,2025-07-31,shrank,unchanged,claimed_and_shrank,still_terminated,2026-07-30
80NSSC21K1957,The Trustees of Princeton University,NJ-12,NPDV,2025-04-08,2026-07-03,reinstated,[auto 2026-07-30] Termination (B P00003 2025-04-04) rescinded per B P00004 2025-12-10 in USAspending transactions; award active again.,P00006,2025-12-21,2021-08-26,2027-08-25,3735643.00,2017601.41,"Stop work notice issued with notification of intent to terminate for convenience,  taurus: a balloon-borne polarimeter for cosmic reionization and galactic dust  SMD/ADAP","category_business, corporate_entity_tax_exempt, educational_institution, higher_education, nonprofit, private_institution_of_higher_education",https://www.usaspending.gov/award/ASST_NON_80NSSC21K1957_080/,,,,,,3735643.0,2026-08-25,flat,extended,,reinstated,2026-07-30
80NSSC22K0999,The Trustees of Princeton University,NJ-12,NPDV,2025-04-08,2026-07-03,reinstated,[auto 2026-07-30] Termination (B P00006 2025-04-04) rescinded per B P00007 2025-12-10 in USAspending transactions; award active again.,P00008,2025-12-21,2022-06-01,2027-05-31,765282.00,479611.87,Stop work notice issued with notification of intent toterminate for convenience - investigating global cloud feedback dependence on southern ocean salinity - SMD earth science,"category_business, corporate_entity_tax_exempt, educational_institution, higher_education, nonprofit, private_institution_of_higher_education",https://www.usaspending.gov/award/ASST_NON_80NSSC22K0999_080/,,,,,,568984.0,2026-05-31,grew,extended,,reinstated,2026-07-30
80NSSC23K0815,The Trustees of Princeton University,NJ-12,NPDV,2025-04-08,2026-07-03,reinstated,[auto 2026-07-30] Termination (B P00005 2025-04-04) rescinded per B P00006 2025-12-10 in USAspending transactions; award active again.,P00008,2025-12-21,2023-05-01,2027-04-30,866245.00,784487.97,"Stop work notice issued with notification of intent to terminate for convenience,  airborne and satellite investigation of asian air quality   SMD/earth science","category_business, corporate_entity_tax_exempt, educational_institution, higher_education, nonprofit, private_institution_of_higher_education",https://www.usaspending.gov/award/ASST_NON_80NSSC23K0815_080/,,,,,,784921.0,2026-04-30,grew,extended,,reinstated,2026-07-30
80NSSC23K0983,The Trustees of Princeton University,NJ-12,NPDV,2025-04-08,2026-07-03,reinstated,[auto 2026-07-30] Termination (B P00002 2025-04-04) rescinded per B P00003 2025-12-10 in USAspending transactions; award active again.,P00005,2025-12-21,2023-05-09,2027-05-08,800000.00,340755.29,Stop work notice issued with notification of intent to terminate forconvenience - high fidelity modeling of parasitic capillary wave dynamics for remote sensing,"category_business, corporate_entity_tax_exempt, educational_institution, higher_education, nonprofit, private_institution_of_higher_education",https://www.usaspending.gov/award/ASST_NON_80NSSC23K0983_080/,,,,,,401167.0,2027-05-08,grew,unchanged,,reinstated,2026-07-30
80NSSC23K1130,The Trustees of Princeton University,NJ-12,NPDV,2025-04-08,2026-07-03,reinstated,[auto 2026-07-30] Termination (B P00003 2025-04-04) rescinded per B P00004 2025-12-10 in USAspending transactions; award active again.,P00005,2025-12-21,2024-06-01,2027-05-31,517032.00,23362.76,Stop work notice issued with notification of intent toterminate for convenience - supernova progenitor and explosion properties of galactic supernova remnants,"category_business, corporate_entity_tax_exempt, educational_institution, higher_education, nonprofit, private_institution_of_higher_education",https://www.usaspending.gov/award/ASST_NON_80NSSC23K1130_080/,,,,,,250220.0,2027-05-31,grew,unchanged,,reinstated,2026-07-30
80NSSC25K7118,The Trustees of Princeton University,NJ-12,NPDV,2025-04-08,2026-07-03,reinstated,[auto 2026-07-30] Termination (B P00002 2025-04-04) rescinded per B P00003 2025-12-10 in USAspending transactions; award active again.,P00004,2025-12-21,2024-10-08,2027-10-07,400667.00,23006.47,Stop work notice issued with notification of intent toterminate for convenience - redox evolution of terrestrial magma oceans - SMD planetary,"category_business, corporate_entity_tax_exempt, educational_institution, higher_education, nonprofit, private_institution_of_higher_education",https://www.usaspending.gov/award/ASST_NON_80NSSC25K7118_080/,,,,,,262736.0,2027-10-07,grew,unchanged,,reinstated,2026-07-30
80NSSC25K7437,The Trustees of Princeton University,NJ-12,NPDV,2025-04-08,2026-07-30,listed,,P00002,2025-12-21,2025-01-01,2027-12-31,238675.00,69859.69,"RESCINDING STOP WORK NOTICE. EXECUTE A BALANCED SCIENCE PROGRAM BASED ON DISCIPLINE-SPECIFIC GUIDANCE FROM THE NATIONAL ACADEMIES OF SCIENCES, ENGINEERING, AND MEDICINE, ADMINISTRATION PRIORITIES, AND DIRECTION FROM CONGRESS.   PARTICIPATE AS A KEY PARTNER AND ENABLER IN THE AGENCY S EXPLORATION INITIATIVE, FOCUSING ON SCIENTIFIC RESEARCH OF, ON, AND FROM THE MOON, LUNAR ORBIT, MARS, AND BEYOND.   ADVANCE DISCOVERY IN EMERGING FIELDS BY IDENTIFYING AND EXPLOITING CROSS-DISCIPLINARY OPPORTUNITIES BETWEEN TRADITIONAL SCIENCE DISCIPLINES   DEVELOP A DIRECTORATE-WIDE, TARGET-USER FOCUSED APPROACH TO APPLIED PROGRAMS, INCLUDING EARTH SCIENCE APPLICATIONS, SPACE WEATHER, PLANETARY DEFENSE, AND SPACE SITUATIONAL AWARENESS","category_business, corporate_entity_tax_exempt, educational_institution, higher_education, nonprofit, private_institution_of_higher_education",https://www.usaspending.gov/award/ASST_NON_80NSSC25K7437_080/,,,,,,238675.0,2027-12-31,flat,unchanged,,reinstated,2026-07-30
80NSSC23M0126,The Trustees of the Smith College,MA-02,NASAGrants,2025-07-31,2026-07-30,listed,,P00002,2025-06-20,2023-08-01,2025-07-31,462842.00,462842.00,"Approved/ Awarded - Administrative | Administrative - Change Pop End Date, Administrative - Decrease. Developing a pathway to mars (math resilient students) in stem: a cascading mentorship model","category_business, corporate_entity_tax_exempt, educational_institution, higher_education, nonprofit, private_institution_of_higher_education",https://www.usaspending.gov/award/ASST_NON_80NSSC23M0126_080/,,,,,,462842.0,2025-07-31,flat,unchanged,,naturally_expired,2026-07-30
80NSSC22K1681,The University of Texas Rio Grande Valley,TX-15,DOGE; NPDV,2025-04-05,2026-07-30,listed,,P00005,2026-04-06,2022-09-01,2025-03-21,220220.64,220220.64,"21-eej21-0061, integration of satellite data on air pollution with socioeconomic indicators to assess the impacts of agricultural burning on local communities in the lower rio grande valley of south texas. - termination for convenience - earth science applications: equity and environmental justice support for smd/esd","category_business, educational_institution, government, higher_education, minority_serving_institution_of_higher_education, national_government, other_than_small_business, public_institution_of_higher_education, regional_and_state_government",https://www.usaspending.gov/award/ASST_NON_80NSSC22K1681_080/,DOGE,TERMINATED,0.00,3/24/2025,2026-07-30 Claim Date=3/21/2025,249999.0,2025-11-30,shrank,truncated,claimed_and_shrank,still_terminated,2026-07-30
80NSSC24FA558,"Three Wire Systems, LLC",VA-11,NPDV; DOGE,2025-04-18,2026-07-30,listed,,P00001,2025-08-13,2024-04-01,2025-04-16,17400.00,17400.00,Stor- one software renewal,"category_business, corporate_entity_not_tax_exempt, limited_liability_corporation, service_disabled_veteran_owned_business, small_business, special_designations, us_owned_business, veteran_owned_business",https://www.usaspending.gov/award/CONT_AWD_80NSSC24FA558_8000_NNG15SD25B_8000/,DOGE,TERMINATED,0.00,5/6/2025,,17400.0,2025-04-16,flat,unchanged,consistent,still_terminated,2026-07-30
80SSC021F0001,Trilogy Medical Resources LLC,MS-04,NPDV,2025-04-10,2026-07-30,listed,,P00004,2025-09-25,2020-10-20,2025-04-08,32600.00,32600.00,STOP WORK NOTICE ISSUED WITH NOTIFICATION OF INTENT TO TERMINATE FOR CONVENIENCE - PROVIDE COVID-19 RAPID TESTING FOR STENNIS SPACE CENTER.,"category_business, self_certified_small_disadvanted_business, small_business, sole_proprietorship, special_designations, subchapter_s_corporation, us_owned_business",https://www.usaspending.gov/award/CONT_AWD_80SSC021F0001_8000_80SSC021A0001_8000/,,,,,,32600.0,2025-04-08,flat,unchanged,,still_terminated,2026-07-30
80NSSC24K1232,Trustees of Tufts College,MA-07,DOGE; NPDV; NASAGrants,2025-04-05,2026-07-30,listed,,P00002,2026-04-06,2024-07-15,2025-03-21,169287.92,169287.92,"environmental justice & public health: climate, land, & (HEALTH) outcome of dengue fever (CLOUD)","category_business, corporate_entity_tax_exempt, educational_institution, higher_education, nonprofit, private_institution_of_higher_education",https://www.usaspending.gov/award/ASST_NON_80NSSC24K1232_080/,DOGE,TERMINATED,0.00,3/24/2025,2026-07-30 Claim Date=3/21/2025,489187.0,2028-07-14,shrank,truncated,claimed_and_shrank,still_terminated,2026-07-30
80NSSC25K7031,Trustees of Tufts College,MA-07,NPDV; NASAGrants; DOGE,2025-04-11,2026-07-30,listed,,P00003,2026-06-19,2024-10-04,2025-06-06,149834.25,149834.25,Basic research: integrating earth observations toward advancing equitable resilience to geohazards in a changing climate,"category_business, corporate_entity_tax_exempt, educational_institution, higher_education, nonprofit, private_institution_of_higher_education",https://www.usaspending.gov/award/ASST_NON_80NSSC25K7031_080/,DOGE,TERMINATED,604288.00,6/10/2025,2025-10-05 Claim Date=9/18/2025,307252.0,2027-10-03,shrank,truncated,claimed_and_shrank,still_terminated,2026-07-30
80NSSC24PA210,Unibap Space Solutions Ab (PUBL),,NPDV; DOGE,2025-04-05,2026-07-30,listed,,P00002,2025-12-23,2023-11-30,2025-03-28,70000.00,70000.00,Unibap - ose-sat in-space autonomy testbed,"category_business, corporate_entity_tax_exempt, foreign_owned, manufacturer_of_goods, other_than_small_business, special_designations",https://www.usaspending.gov/award/CONT_AWD_80NSSC24PA210_8000_-NONE-_-NONE-/,DOGE,TERMINATED,0.00,4/10/2025,,70000.0,2025-03-28,flat,unchanged,consistent,still_terminated,2026-07-30
80NSSC21M0003,Universities Space Research Association,MD-03,NPDV; DOGE,2025-04-05,2026-07-30,listed,,P00011,2025-09-19,2021-01-01,2025-12-31,2767668.23,2767668.23,Planetary exploration  - science activation program integration/ science engagement & partnerships division for support for science mission directorate (SMD),"category_business, corporate_entity_tax_exempt, nonprofit",https://www.usaspending.gov/award/ASST_NON_80NSSC21M0003_080/,DOGE,TERMINATED,0.00,3/31/2025,,3321286.0,2025-12-31,shrank,unchanged,claimed_and_shrank,still_terminated,2026-07-30
80NSSC25PA068,University Corporation for Atmospheric Research,CO-02,NPDV; DOGE,2025-04-10,2026-07-30,listed,,P00003,2025-04-08,2024-10-16,2025-04-08,14000.00,0.00,Other scientific and technical consulting services ot dynamical neutral atmosphere-ionosphere coupling-x (DYNAMIC-X)  phase a study virginia polytechnic institute and state university (VT)/work on the development of data assimilation system with the hao/ncar whole atmosphere community climate model.,"category_business, corporate_entity_tax_exempt, nonprofit, other_than_small_business, special_designations, us_owned_business",https://www.usaspending.gov/award/CONT_AWD_80NSSC25PA068_8000_-NONE-_-NONE-/,DOGE,TERMINATED,0.00,4/11/2025,,14000.0,2025-04-08,flat,unchanged,consistent,still_terminated,2026-07-30
80NSSC24K1264,University of Alaska Fairbanks,AK-00,NPDV; DOGE,2025-04-05,2026-07-30,listed,,P00003,2026-04-06,2024-06-12,2025-03-21,4718.63,4718.63,bringing edia to the planetary sciences community: a two-day ag-style meeting of the cross-ag edia working group - termination for convenience agreement - bringing edia to the planetary sciences community: a two-day ag-style meeting of the cross-ag edia working group,"educational_institution, government, higher_education, minority_serving_institution_of_higher_education, national_government, public_institution_of_higher_education, regional_and_state_government",https://www.usaspending.gov/award/ASST_NON_80NSSC24K1264_080/,DOGE,TERMINATED,0.00,3/31/2025,2026-07-30 Claim Date=3/21/2025,182619.0,2025-10-01,shrank,truncated,claimed_and_shrank,still_terminated,2026-07-30
80NSSC24K0113,University of Arkansas System,AR-04,NPDV; DOGE,2025-04-05,2026-07-30,listed,,P00004,2026-05-20,2023-10-18,2025-03-21,0.00,0.00,Here to observe student engagement program: university of arkansas at pine bluff,"educational_institution, government, higher_education, minority_serving_institution_of_higher_education, national_government, public_institution_of_higher_education, regional_and_state_government",https://www.usaspending.gov/award/ASST_NON_80NSSC24K0113_080/,DOGE,TERMINATED,0.00,5/1/2025,2026-07-30 Claimed Savings=224997.00; 2026-07-30 Claim Date=3/21/2025,149998.0,2028-10-17,shrank,truncated,claimed_and_shrank,still_terminated,2026-07-30
80MSFC24CA008,"University of California, Los Angeles",CA-36,USAspendingTerminations,2026-07-30,2026-07-30,listed,,P00011,2026-06-25,2024-09-10,2027-10-31,16057000.00,6017891.59,"STOP WORK NOTICE ISSUED WITH NOTIFICATION OF INTENT TO DESCOPE - THE GOAL OF NEO SURVEYOR IS TO FIND, TRACK, AND CHARACTERIZE THE ASTEROIDS AND COMETS THAT COULD POTENTIALLY THREATEN THE EARTH.","category_business, educational_institution, government, higher_education, national_government, other_than_small_business, public_institution_of_higher_education, regional_and_state_government",https://www.usaspending.gov/award/CONT_AWD_80MSFC24CA008_8000_-NONE-_-NONE-/,,,,,,16057000.00,2027-10-31,flat,unchanged,,descoped,2026-07-30
80NSSC24K1913,University of Hawaii,HI-01,NPDV,2025-05-01,2026-07-30,listed,,P00003,2025-09-19,2024-09-05,2027-09-04,235960.00,178683.77,RESCIND - STOP WORK NOTICE ISSUED WITH NOTIFICATION OF INTENT TO TERMINATE - 21-JPSP21-0018 MICROWAVE MEASUREMENTS OF THE GALILEAN SATELLITES,"category_business, educational_institution, government, higher_education, minority_serving_institution_of_higher_education, national_government, other_than_small_business, public_institution_of_higher_education, regional_and_state_government",https://www.usaspending.gov/award/ASST_NON_80NSSC24K1913_080/,,,,,,235960.0,2027-09-04,flat,unchanged,,reinstated,2026-07-30
80NSSC25K7034,University of Oklahoma,OK-04,NPDV; DOGE,2025-04-05,2026-07-30,listed,,P00002,2026-04-06,2024-10-02,2025-03-21,34613.83,34613.83,building co-design and co-learning digital twins: supporting indigenous communities against tribal lands flooding,"educational_institution, government, higher_education, national_government, public_institution_of_higher_education, regional_and_state_government",https://www.usaspending.gov/award/ASST_NON_80NSSC25K7034_080/,DOGE,TERMINATED,0.00,4/30/2025,2026-07-30 Claim Date=3/21/2025,277229.0,2027-10-01,shrank,truncated,claimed_and_shrank,still_terminated,2026-07-30
80NSSC25K7036,University of Richmond,VA-07,NPDV; DOGE,2025-04-11,2026-07-30,listed,,P00003,2026-05-20,2024-10-04,2025-05-10,0.00,0.00,"space exploration,  equity and environmental justice regarding the changing indigenous landscapes of virginia","category_business, corporate_entity_tax_exempt, educational_institution, higher_education, nonprofit, private_institution_of_higher_education",https://www.usaspending.gov/award/ASST_NON_80NSSC25K7036_080/,DOGE,,0.00,5/14/2025,,248049.0,2027-10-03,shrank,truncated,claimed_and_shrank,still_terminated,2026-07-30
80GSFC22CA011,University of Texas at Arlington,TX-25,FPDS; USAspendingTerminations,2026-02-03,2026-07-30,listed,,P00009,2026-02-02,2022-08-25,2026-01-31,1533152.00,1448468.00,INTERDISCIPLINARY SCIENTIST SUPPORT FOR THE GEOSPACE DYNAMICS CONSTELLATION (GDC) PROGRAM.,"educational_institution, government, higher_education, minority_serving_institution_of_higher_education, national_government, public_institution_of_higher_education, regional_and_state_government",https://www.usaspending.gov/award/CONT_AWD_80GSFC22CA011_8000_-NONE-_-NONE-/,,,,,,1533152.00,2028-10-31,flat,truncated,,still_terminated,2026-07-30
80NSSC22K1675,University of Texas at Austin,TX-25,DOGE; NPDV,2025-04-05,2026-07-30,listed,,P00003,2026-04-06,2022-09-01,2025-03-21,249842.00,196892.73,"eo14042 atx ca3tch up: climate atlas for accountability and advocacy strategies through co-production with historically underserved community partners in austin, tx - termination for convenience - earth science applications: equity and environmental justice support for smd/esd mission directorate","educational_institution, higher_education, minority_owned_business, nonprofit, other_minority_owned_business, public_institution_of_higher_education",https://www.usaspending.gov/award/ASST_NON_80NSSC22K1675_080/,DOGE,TERMINATED,0.00,3/24/2025,2026-07-30 Claim Date=3/21/2025,249842.0,2025-08-31,flat,truncated,consistent,still_terminated,2026-07-30
80NSSC24K1612,University of Texas at Austin,TX-25,DOGE; NPDV; NASAGrants,2025-04-05,2026-07-30,listed,,P00002,2026-04-06,2024-08-16,2025-03-21,31233.60,31233.60,23-earth23-0422 climate harmony: studying and informing urban climate efforts in central texas through the.development of a regional climate atlas,"educational_institution, higher_education, minority_owned_business, nonprofit, other_minority_owned_business, public_institution_of_higher_education",https://www.usaspending.gov/award/ASST_NON_80NSSC24K1612_080/,DOGE,TERMINATED,0.00,3/24/2025,2026-07-30 Claim Date=3/21/2025,50000.0,2027-08-15,shrank,truncated,claimed_and_shrank,still_terminated,2026-07-30
80NSSC24K0913,University of Texas Health Science Center at Houston,TX-18,NPDV; DOGE,2025-04-11,2026-07-30,listed,,P00003,2026-05-20,2024-06-06,2025-05-10,40652.80,40652.80,Climate & sustainability,"educational_institution, government, higher_education, national_government, public_institution_of_higher_education, regional_and_state_government",https://www.usaspending.gov/award/ASST_NON_80NSSC24K0913_080/,DOGE,,0.00,5/14/2025,,40875.0,2025-06-05,flat,truncated,consistent,still_terminated,2026-07-30
80NSSC25K7030,University of Texas Health Science Center at Houston,TX-18,NPDV; NASAGrants; DOGE,2025-04-11,2026-07-30,listed,,P00003,2026-05-20,2024-10-04,2025-05-10,69975.13,69975.13,"health effects of light pollution, chicago's initiative for environmental justice and light pollution outreach","educational_institution, government, higher_education, national_government, public_institution_of_higher_education, regional_and_state_government",https://www.usaspending.gov/award/ASST_NON_80NSSC25K7030_080/,DOGE,,0.00,5/14/2025,,238468.0,2027-10-03,shrank,truncated,claimed_and_shrank,still_terminated,2026-07-30
80NSSC23K1223,University of Wisconsin System,WI-02,NASAGrants,2025-08-21,2026-07-30,listed,,P00003,2026-07-20,2023-08-29,2025-08-21,143893.73,143893.73,"Approved/ Awarded - Administrative | Administrative - Decrease, Administrative - Change Pop End Date. Fabrication and optimization of nanotechnology for x-ray tes sounding rocket instrument","category_business, educational_institution, government, higher_education, national_government, other_than_small_business, public_institution_of_higher_education, regional_and_state_government",https://www.usaspending.gov/award/ASST_NON_80NSSC23K1223_080/,,,,,,158000.0,2025-08-21,shrank,unchanged,,naturally_expired,2026-07-30
80NSSC22K1201,Vanderbilt University,TN-05,NASAGrants,2025-07-31,2026-07-30,listed,,P00004,2026-07-20,2022-08-01,2025-07-31,169833.37,169833.37,"Approved/ Awarded - Administrative | Administrative - Change Pop End Date, Administrative - Decrease. Nano-optic probing of vibrational modes of defects and color centers in semiconductors","category_business, corporate_entity_tax_exempt, educational_institution, higher_education, nonprofit, private_institution_of_higher_education",https://www.usaspending.gov/award/ASST_NON_80NSSC22K1201_080/,,,,,,192558.0,2025-07-31,shrank,unchanged,,naturally_expired,2026-07-30
80NSSC24K0176,Virginia Polytechnic Institute & State University,VA-09,NPDV; DOGE,2025-04-05,2026-07-30,listed,,P00004,2026-04-06,2023-10-25,2025-03-21,390648.69,390648.69,"democratizing data to support adaptation decision making in the north-atlantic coastal plain: land subsidence, compound flooding hazard and water quality - interdisciplinary research in earth science support for science mission directorate (SMD/ESD)","educational_institution, government, higher_education, national_government, public_institution_of_higher_education, regional_and_state_government",https://www.usaspending.gov/award/ASST_NON_80NSSC24K0176_080/,DOGE,TERMINATED,0.00,4/1/2025,2026-07-30 Claim Date=3/21/2025,763904.0,2026-10-24,shrank,truncated,claimed_and_shrank,still_terminated,2026-07-30
80NSSC24K0115,Virginia State University,VA-04,NPDV; DOGE,2025-04-05,2026-07-30,listed,,P00003,2025-12-19,2023-10-18,2025-03-21,0.00,0.00,Here to observe student engagement program: virginia state university,"educational_institution, government, higher_education, minority_serving_institution_of_higher_education, national_government, public_institution_of_higher_education, regional_and_state_government",https://www.usaspending.gov/award/ASST_NON_80NSSC24K0115_080/,DOGE,TERMINATED,0.00,5/1/2025,2026-07-30 Claimed Savings=224850.00; 2026-07-30 Claim Date=3/21/2025,149900.0,2028-10-17,shrank,truncated,claimed_and_shrank,still_terminated,2026-07-30
80NSSC25PA844,Volaire Energy LLC,IL-05,FPDS; USAspendingTerminations,2026-02-22,2026-07-30,listed,,P00001,2026-02-26,2025-04-03,2025-06-12,12000.00,0.00,GEER MASS FLOW METER,"black_american_owned_business, category_business, corporate_entity_not_tax_exempt, dot_certified_disadvantaged_business_enterprise, economically_disadvantaged_women_owned_small_business, limited_liability_corporation, minority_owned_business, self_certified_small_disadvanted_business, small_business, special_designations, us_owned_business, woman_owned_business, women_owned_small_business",https://www.usaspending.gov/award/CONT_AWD_80NSSC25PA844_8000_-NONE-_-NONE-/,,,,,,12000.00,2025-06-12,flat,unchanged,,still_terminated,2026-07-30
80NSSC24K1357,Washington State University,WA-05,NASAGrants,2025-07-31,2026-07-30,listed,,P00001,2025-05-21,2024-08-01,2025-07-31,81086.00,80554.62,"Approved/ Awarded - Administrative | Administrative - Change Pop End Date, Administrative - Decrease. Understanding liquid hydrogen critical heat flux via optical imaging","category_business, educational_institution, government, higher_education, national_government, other_than_small_business, public_institution_of_higher_education, regional_and_state_government, veterinary_college",https://www.usaspending.gov/award/ASST_NON_80NSSC24K1357_080/,,,,,,81086.0,2025-07-31,flat,unchanged,,naturally_expired,2026-07-30
80NSSC24PC475,Zuken USA Inc,MA-03,NPDV; DOGE,2025-04-10,2026-07-30,listed,,P00002,2025-12-09,2024-10-01,2025-04-08,0.00,44325.00,"Zuken electrical design data management software (DS.E3) license, data and configuration management","category_business, corporate_entity_not_tax_exempt, small_business, special_designations, us_owned_business",https://www.usaspending.gov/award/CONT_AWD_80NSSC24PC475_8000_-NONE-_-NONE-/,DOGE,TERMINATED,44325.00,6/27/2025,,0.0,2025-04-08,unknown,unchanged,unknown,still_terminated,2026-07-30
