Source,Recipient Congressional District,Recipient Name,Award ID,Latest Modification Number,First Action Type,First Action Type Description,First Action Date,Latest Action Type,Latest Action Type Description,Latest Action Date,Action Code Termination Modification,Action Code Termination Date,Closeout Modification Number,Closeout Action Date,Start Date,Current End Date,End Date Basis,Initial Reported End Date,Current Obligated Amount,Total Outlays,Award or Action Description,Primary Detection Method,Detection Evidence,Recipient Business Categories,USAspending URL,Claimed By,DOGE Claimed Status,DOGE Claimed Savings,DOGE Claim Date
DOGE,WV-02,"A3l Federal Works,llc",80GSFC24CA024,P00013,,,2024-07-02,B,SUPPLEMENTAL AGREEMENT FOR WORK WITHIN SCOPE,2026-06-18,P00007,2025-04-08,,,2024-07-08,2027-01-06,period_of_performance,2025-07-07,1007597.51,820237.05,"Status: TERMINATED. Reported savings: $1,423,496.00. DOGE Action Date: 4/14/2025. Knowledge management, events and communications supports (KMECS) ivv contract",external_claim,TERMINATED,"8a_program_participant, category_business, corporate_entity_not_tax_exempt, economically_disadvantaged_women_owned_small_business, limited_liability_corporation, self_certified_small_disadvanted_business, small_business, sole_proprietorship, special_designations, us_owned_business, woman_owned_business, women_owned_small_business",https://www.usaspending.gov/award/CONT_AWD_80GSFC24CA024_8000_-NONE-_-NONE-/,DOGE,TERMINATED,1423496.0,4/14/2025
USAspending Terminations,TX-37,Aantilia LLC,80NSSC26P0289,P00001,,,2026-03-02,F,TERMINATE FOR CONVENIENCE (COMPLETE OR PARTIAL),2026-05-04,P00001,2026-05-04,,,2026-03-02,2026-05-04,period_of_performance,2026-05-25,0.00,0.00,INSTRUMENT & LAB EQPT - 16 INCH DIAMETER FLAT MIRROR,termination_action_code,Terminate-for-convenience action P00001 on 2026-05-04,"category_business, corporate_entity_not_tax_exempt, limited_liability_corporation, self_certified_small_disadvanted_business, small_business, special_designations, us_owned_business",https://www.usaspending.gov/award/CONT_AWD_80NSSC26P0289_8000_-NONE-_-NONE-/,,,,
USAspending Terminations,CA-34,"Aecom Technical Services, Inc.",80KSC020D0016,P00007,C,FUNDING ONLY ACTION,2020-09-25,F,TERMINATE FOR CONVENIENCE (COMPLETE OR PARTIAL),2025-04-08,P00007,2025-04-08,,,2020-09-25,2025-09-24,idv_last_date_to_order,2025-09-24,0.00,,"TERMINATION FOR CONVENIENCE (COMPLETE) - PROFESSIONAL CIVIL DESIGN SERVICES AT KENNEDY SPACE CENTER (KSC), AND VARIOUS NASA LOCATIONS, ASSETS, LAUNCH OR LANDING SITES WORLDWIDE.",termination_action_code,Terminate-for-convenience action P00007 on 2025-04-08,"category_business, corporate_entity_not_tax_exempt, other_than_small_business, special_designations, us_owned_business",https://www.usaspending.gov/award/CONT_IDV_80KSC020D0016_8000/,,,,
USAspending Terminations,VA-11,Airbus Ds Geo Inc.,80HQTR21AA001,P00004,,,2021-07-29,F,TERMINATE FOR CONVENIENCE (COMPLETE OR PARTIAL),2025-03-11,P00004,2025-03-11,,,2021-07-29,2025-03-11,idv_last_date_to_order,2026-07-28,0.00,,CANCELLATION - NO LONGER REQUIRED COMMERCIAL SMALLSAT DATA ACQUISITION PROGRAM (CSDAP)THE CONTRACTOR SHALL BE RESPONSIBLE FOR DELIVERY OF A COMPREHENSIVE CATALOGUE OF THE SYNTHETIC APERTURE RADAR (SAR) EARTH OBSERVATION DATA PRODUCTS.,termination_action_code,Terminate-for-convenience action P00004 on 2025-03-11,"category_business, corporate_entity_not_tax_exempt, foreign_owned, foreign_owned_and_us_located_business, other_than_small_business, special_designations",https://www.usaspending.gov/award/CONT_IDV_80HQTR21AA001_8000/,,,,
NASA Procurement Data View,DC-98,American Geophysical Union,80NSSC22K0223,P00006,A,NEW,2022-02-01,D,ADJUSTMENT TO COMPLETED PROJECT,2025-08-27,,,P00006,2025-08-27,2021-11-09,2025-05-09,period_of_performance,2023-11-08,1414711.87,1414711.87,"TERMINATION FOR CONVENIENCE AGREEMENT - AGU, AAS, ASGSR TO NASA: SUPPORTING EARLY CAREER RESEARCHERS POST PANDEMIC - SUPPORT FOR SMD DIRECTORATE",description_keyword,,"category_business, minority_owned_business, nonprofit, other_minority_owned_business, other_than_small_business, special_designations, us_owned_business",https://www.usaspending.gov/award/ASST_NON_80NSSC22K0223_080/,,,,
USAspending Terminations,NM-01,Apache Innovations Jv,80GRC025CA013,P00002,,,2025-01-23,F,TERMINATE FOR CONVENIENCE (COMPLETE OR PARTIAL),2026-06-15,P00002,2026-06-15,,,2025-02-17,2027-03-31,period_of_performance,,0.00,,"REMOVAL OF DRD IAW EO #14222 - GLENN LOGISTICS AND METROLOGY (GLAM) - THE PURPOSE OF THIS CONTRACT IS TO PROVIDE LOGISTICS SERVICES, STOCK PURCHASES, AND METROLOGY/CALIBRATION SERVICES TO NASA GRC. SUPPORT TO ALL DIRECTORATES AT NASA GRC.",termination_action_code,Terminate-for-convenience action P00002 on 2026-06-15,"category_business, minority_owned_business, native_american_owned_business, partnership_or_limited_liability_partnership, self_certified_small_disadvanted_business, small_business, special_designations, tribally_owned_firm, us_owned_business",https://www.usaspending.gov/award/CONT_AWD_80GRC025CA013_8000_-NONE-_-NONE-/,,,,
USAspending Terminations,WI-07,"Applied Fab & Machining, Inc.",80GRC022AA005,P00002,,,2022-08-19,F,TERMINATE FOR CONVENIENCE (COMPLETE OR PARTIAL),2025-04-15,P00002,2025-04-15,,,2022-08-22,2025-04-15,idv_last_date_to_order,2027-05-31,0.00,,"TERMINATION FOR CONVENIENCE - NASA GLENN RESEARCH CENTER BLANKET PURCHASE AGREEMENT. EACH ORDER MAY INCLUDE, BUT IS NOT LIMITED TO, MACHINING, FABRICATION, WELDING/METAL JOINING, INSTRUMENTATION, INSPECTION AND NON-DESTRUCTIVE TESTING (NDT)",termination_action_code,Terminate-for-convenience action P00002 on 2025-04-15,"category_business, corporate_entity_not_tax_exempt, manufacturer_of_goods, service_disabled_veteran_owned_business, small_business, special_designations, subchapter_s_corporation, us_owned_business, veteran_owned_business",https://www.usaspending.gov/award/CONT_IDV_80GRC022AA005_8000/,,,,
USAspending Terminations,VA-11,Ares Technical Services Corporation,80GSFC25P0001,P00001,,,2025-04-08,F,TERMINATE FOR CONVENIENCE (COMPLETE OR PARTIAL),2025-09-24,P00001,2025-09-24,,,2025-04-08,2025-05-31,period_of_performance,2025-05-31,0.00,0.00,"SMAS III PHASE-IN - SUPPORTS DEVELOPMENT OF SAFETY AND MISSION ASSURANCE REQUIREMENTS AND THE INDEPENDENT SURVEILLANCE, AUDIT, REVIEW AND ASSESSMENT OF DESIGN, DEVELOPMENT, TEST, AND MISSION OPERATIONS ACTIVITIES.",termination_action_code,Terminate-for-convenience action P00001 on 2025-09-24,"category_business, corporate_entity_not_tax_exempt, small_business, special_designations, us_owned_business",https://www.usaspending.gov/award/CONT_AWD_80GSFC25P0001_8000_-NONE-_-NONE-/,,,,
DOGE,MD-06,Autonomic Integra LLC,80GSFC23CA041,P00028,,,2023-02-14,C,FUNDING ONLY ACTION,2026-06-12,,,,,2023-03-01,2027-02-28,period_of_performance,2024-02-29,14272022.47,11685239.76,"Status: FUNDING ONLY ACTION. Reported savings: $21,134,122.00. DOGE Action Date: 3/20/2025. The purpose of this contract is to acquire scientific support and related services for the giss facility in new york city, ny.",external_claim,FUNDING ONLY ACTION,"category_business, dot_certified_disadvantaged_business_enterprise, limited_liability_corporation, minority_owned_business, partnership_or_limited_liability_partnership, sba_certified_8a_joint_venture, self_certified_small_disadvanted_business, small_business, special_designations, subcontinent_asian_indian_american_owned_business, us_owned_business",https://www.usaspending.gov/award/CONT_AWD_80GSFC23CA041_8000_-NONE-_-NONE-/,DOGE,FUNDING ONLY ACTION,21134122.0,3/20/2025
USAspending Terminations,TX-18,"Axial Global, LLC.",80GRC022AA006,P00002,,,2022-08-18,F,TERMINATE FOR CONVENIENCE (COMPLETE OR PARTIAL),2025-04-15,P00002,2025-04-15,,,2022-08-22,2025-04-15,idv_last_date_to_order,2027-05-31,0.00,,"TERMINATION FOR CONVENIENCE - NASA GLENN RESEARCH CENTER BLANKET PURCHASE AGREEMENT. EACH ORDER MAY INCLUDE, BUT IS NOT LIMITED TO, MACHINING, FABRICATION, WELDING/METAL JOINING, INSTRUMENTATION, INSPECTION AND NON-DESTRUCTIVE TESTING (NDT).",termination_action_code,Terminate-for-convenience action P00002 on 2025-04-15,"category_business, manufacturer_of_goods, partnership_or_limited_liability_partnership, small_business, special_designations, us_owned_business",https://www.usaspending.gov/award/CONT_IDV_80GRC022AA006_8000/,,,,
DOGE,MD-05,"B/W Color Prints, LLC",80NSSC25FA145,P00001,,,2025-01-14,M,OTHER ADMINISTRATIVE ACTION,2025-03-25,,,,,2025-01-14,2025-03-31,period_of_performance,2025-03-31,10771.00,10771.00,Status: Expired. Reported savings: $0. DOGE Action Date: 3/20/2025. Printing services for inspire/strategic communications,external_claim,Expired,"category_business, corporate_entity_not_tax_exempt, limited_liability_corporation, small_business, special_designations, us_owned_business",https://www.usaspending.gov/award/CONT_AWD_80NSSC25FA145_8000_GS07F216BA_4732/,DOGE,Expired,0.0,3/20/2025
DOGE,TX-36,"Barrios Technology, LLC",80HQTR24F0046,P00002,,,2024-04-10,M,OTHER ADMINISTRATIVE ACTION,2025-03-13,,,,,2024-04-16,2025-01-22,period_of_performance,2025-04-15,226082.84,179082.90,"Status: Expired. Reported savings: $261,854.00. DOGE Action Date: 3/20/2025. Strategic planning, analysis, and programmatic support for.planetary sciences division.hq science mission directorate",external_claim,Expired,"category_business, limited_liability_corporation, partnership_or_limited_liability_partnership, small_business, special_designations, us_owned_business, woman_owned_business, women_owned_small_business",https://www.usaspending.gov/award/CONT_AWD_80HQTR24F0046_8000_80MSFC21D0009_8000/,DOGE,Expired,261854.0,3/20/2025
DOGE,TX-36,"Barrios Technology, LLC",80HQTR24F0070,P00001,,,2024-07-18,M,OTHER ADMINISTRATIVE ACTION,2025-03-13,,,,,2024-08-01,2025-01-22,period_of_performance,2025-04-15,112312.76,75051.32,"Status: Expired. Reported savings: $122,313.00. DOGE Action Date: 3/20/2025. Research and development in the physical, engineering, and life sciences (except nanotechnology and biotechnology)",external_claim,Expired,"category_business, limited_liability_corporation, partnership_or_limited_liability_partnership, small_business, special_designations, us_owned_business, woman_owned_business, women_owned_small_business",https://www.usaspending.gov/award/CONT_AWD_80HQTR24F0070_8000_80MSFC21D0009_8000/,DOGE,Expired,122313.0,3/20/2025
DOGE,TX-36,"Barrios Technology, LLC",80HQTR24F0071,P00001,,,2024-07-18,M,OTHER ADMINISTRATIVE ACTION,2025-03-13,,,,,2024-08-01,2025-01-22,period_of_performance,2025-04-15,82838.19,55355.35,"Status: Expired. Reported savings: $82,838.00. DOGE Action Date: 3/20/2025. The project aims to enhance administrative operations and optimize efficiency within odeo by leveraging the expertise of an administrative operations specialist.",external_claim,Expired,"category_business, limited_liability_corporation, partnership_or_limited_liability_partnership, small_business, special_designations, us_owned_business, woman_owned_business, women_owned_small_business",https://www.usaspending.gov/award/CONT_AWD_80HQTR24F0071_8000_80MSFC21D0009_8000/,DOGE,Expired,82838.0,3/20/2025
DOGE,TX-36,"Barrios Technology, LLC",80HQTR24F0074,P00001,,,2024-07-30,M,OTHER ADMINISTRATIVE ACTION,2025-03-13,,,,,2024-08-01,2025-01-22,period_of_performance,2025-04-15,82838.19,55355.35,"Status: Expired. Reported savings: $82,838.00. DOGE Action Date: 3/20/2025. Will be responsible for overseeing and managing the successful execution of special projects",external_claim,Expired,"category_business, limited_liability_corporation, partnership_or_limited_liability_partnership, small_business, special_designations, us_owned_business, woman_owned_business, women_owned_small_business",https://www.usaspending.gov/award/CONT_AWD_80HQTR24F0074_8000_80MSFC21D0009_8000/,DOGE,Expired,82838.0,3/20/2025
DOGE,TX-36,"Barrios Technology, LLC",80HQTR24F0064,P00003,,,2024-06-26,M,OTHER ADMINISTRATIVE ACTION,2025-03-21,,,,,2024-06-24,2025-03-21,period_of_performance,2025-04-15,129377.08,33554.38,"Status: Expired. Reported savings: $129,377.00. DOGE Action Date: 3/20/2025. Coordinate and support the utilization of msds risk management plan and agency procedural documents and provide analysis and recommendation support to assist with msd risk management.",external_claim,Expired,"category_business, limited_liability_corporation, partnership_or_limited_liability_partnership, small_business, special_designations, us_owned_business, woman_owned_business, women_owned_small_business",https://www.usaspending.gov/award/CONT_AWD_80HQTR24F0064_8000_80MSFC21D0009_8000/,DOGE,Expired,129377.0,3/20/2025
DOGE,TX-36,"Barrios Technology, LLC",80HQTR24F0073,P00001,,,2024-07-18,M,OTHER ADMINISTRATIVE ACTION,2025-03-21,,,,,2024-08-05,2025-03-21,period_of_performance,2025-04-15,74496.90,16699.75,"Status: Expired. Reported savings: $74,497.00. DOGE Action Date: 3/20/2025. Provide primary integration and administrative support to the esdmd moon to mars (M2M) program planning & control (PP&C) office",external_claim,Expired,"category_business, limited_liability_corporation, partnership_or_limited_liability_partnership, small_business, special_designations, us_owned_business, woman_owned_business, women_owned_small_business",https://www.usaspending.gov/award/CONT_AWD_80HQTR24F0073_8000_80MSFC21D0009_8000/,DOGE,Expired,74497.0,3/20/2025
USAspending Terminations,TX-36,"Barrios Technology, LLC",80HQTR24F0072,P00002,,,2024-07-18,C,FUNDING ONLY ACTION,2025-08-20,,,,,2024-08-01,2025-04-09,period_of_performance,2025-04-15,177017.05,177017.05,"STOP WORK NOTICE ISSUED WITH NOTIFICATION OF INTENT TO TERMINATE FOR CONVENIENCE-PROVIDES DATA AND EVIDENCE-DRIVEN ADVICE TO NASA LEADERSHIP TO ASSURE AN INTEGRATED ENTERPRISE APPROACH TO TECHNOLOGY, POLICY, AND STRATEGY.",termination_language,Termination-language transaction P00001 on 2025-03-13,"category_business, limited_liability_corporation, partnership_or_limited_liability_partnership, small_business, special_designations, us_owned_business, woman_owned_business, women_owned_small_business",https://www.usaspending.gov/award/CONT_AWD_80HQTR24F0072_8000_80MSFC21D0009_8000/,,,,
USAspending Terminations,VA-11,"Bechtel National, Inc.",80KSC019C0013,P00180,,,2019-06-25,F,TERMINATE FOR CONVENIENCE (COMPLETE OR PARTIAL),2026-05-06,P00180,2026-05-06,,,2019-07-01,2026-06-05,period_of_performance,2023-02-28,1550689354.01,1472143491.72,DESIGN AND CONSTRUCTION OF NASA SPACE LAUNCH SYSTEM (SLS) MOBILE LAUNCHER 2 (ML2).,termination_action_code,Terminate-for-convenience action P00180 on 2026-05-06,"category_business, corporate_entity_not_tax_exempt, other_than_small_business, special_designations, us_owned_business",https://www.usaspending.gov/award/CONT_AWD_80KSC019C0013_8000_-NONE-_-NONE-/,,,,
USAspending Terminations,VA-11,"Blacksky Geospatial Solutions, LLC",80HQTR21AA002,P00005,,,2021-09-30,N,LEGAL CONTRACT CANCELLATION,2025-03-11,,,,,2021-09-30,2025-03-11,idv_last_date_to_order,2026-09-29,0.00,,LEGAL CONTRACT CANCELLATION - NO LONGER REQUIRED COMMERCIAL SMALLSAT DATA ACQUISITION PROGRAM (CSDAP) EARTH SCIENCES DIVISION,legal_contract_cancellation,Legal-contract-cancellation action P00005 on 2025-03-11,"category_business, corporate_entity_not_tax_exempt, small_business, special_designations, us_owned_business",https://www.usaspending.gov/award/CONT_IDV_80HQTR21AA002_8000/,,,,
NASA Procurement Data View,DE-00,Blue Marble Space,80NSSC23M0020,P00004,A,NEW,2023-01-26,B,CONTINUATION,2025-05-14,,,,,2023-01-01,2025-05-09,period_of_performance,2025-12-31,44879.00,44879.00,TERMINATION FOR CONVENIENCE AGREEMENT - THREE-DIMENSIONAL MODELING OF OBSERVABLE TERRESTRIAL WORLDS - SUPPORT FOR SMD DIRECTORATE,description_keyword,,"category_business, corporate_entity_tax_exempt, nonprofit",https://www.usaspending.gov/award/ASST_NON_80NSSC23M0020_080/,,,,
DOGE,VA-11,Booz Allen Hamilton Inc,80JSC024FA088,0,,,2024-03-13,,,2024-03-13,,,,,2024-03-13,2025-03-13,period_of_performance,2025-03-13,442470.00,442470.00,"Status: Expired. Reported savings: $0. DOGE Action Date: 3/20/2025. The contractor shall provide independent programmatic and institutional assessment capability to support NASA. reviews and assessments are performed in support of organizational tactical and strategic planning efforts specifically for strategic messaging within the heliophysics science community, responding to the the next decade of discovery in solar and space physics: exploring and safeguarding humanity's home in space released in 2024, overall strategy and implementation of the space weather program and heliophysics digital resource library, leadership and division operational management, knowledge management, and support for division digital organization tools. the scope of reviews and assessments supported within this statement of work (SOW) includes NASA programs, projects within the heliophysics division as NASA headquarters.",external_claim,Expired,"category_business, corporate_entity_not_tax_exempt, other_than_small_business, special_designations, us_owned_business",https://www.usaspending.gov/award/CONT_AWD_80JSC024FA088_8000_80JSC023AA001_8000/,DOGE,Expired,0.0,3/20/2025
DOGE,VA-11,Booz Allen Hamilton Inc,80JSC024FA083,P00002,,,2024-03-04,F,TERMINATE FOR CONVENIENCE (COMPLETE OR PARTIAL),2025-01-24,P00002,2025-01-24,,,2024-03-05,2025-01-22,period_of_performance,2024-10-31,1923416.00,1923416.00,"Status: TERMINATED. Reported savings: $0. DOGE Action Date: 3/20/2025. NASA’s deia strategic plan emphasizes the need to implement a deia analytics capability within NASA’s enterprise data platform (EDP) to enable evidence-based awareness, planning, decisions, and assessments of the current and future state of deia at NASA. the way forward for NASA’s deia analytics capability and the application of it",external_claim,TERMINATED,"category_business, corporate_entity_not_tax_exempt, other_than_small_business, special_designations, us_owned_business",https://www.usaspending.gov/award/CONT_AWD_80JSC024FA083_8000_80JSC023AA001_8000/,DOGE,TERMINATED,0.0,3/20/2025
DOGE,VA-11,Booz Allen Hamilton Inc,80JSC024FA135,P00002,,,2024-06-11,F,TERMINATE FOR CONVENIENCE (COMPLETE OR PARTIAL),2025-01-27,P00002,2025-01-27,,,2024-06-11,2025-01-22,period_of_performance,2025-06-10,701923.00,701923.00,Status: TERMINATED. Reported savings: $0. DOGE Action Date: 3/20/2025. Strategic professional engineering assessment contract ii (SPEACII),external_claim,TERMINATED,"category_business, corporate_entity_not_tax_exempt, other_than_small_business, special_designations, us_owned_business",https://www.usaspending.gov/award/CONT_AWD_80JSC024FA135_8000_80JSC023AA001_8000/,DOGE,TERMINATED,0.0,3/20/2025
DOGE,VA-11,Booz Allen Hamilton Inc,80JSC024FA120,P00003,M,OTHER ADMINISTRATIVE ACTION,2024-05-20,A,"ADDITIONAL WORK (NEW AGREEMENT, JUSTIFICATION REQUIRED)",2025-02-25,,,,,2024-05-21,2025-05-21,period_of_performance,2025-05-21,857617.00,857617.00,"Status: Expired. Reported savings: $0. DOGE Action Date: 3/20/2025. The contractor shall assess and evaluate existing NASA science mission directorate (SMD) programming and procedures to identify gaps and/or underlying issues in support of the open science strategic initiatives. recommend updates to strategy documents and collect modifications for input. provide an assessment and recommendations to cross-cutting alignments across the directorate. the contractor shall facilitate planning and discussion meetings to conduct strategic assessment activities, provide recommendations on agenda and materials and document results, and report findings and recommendations to the oscdo and other leadership to inform mission directorate processes. the contractor shall develop and foster relationships with agency points of contact and others to further the oscdo offices’ goals. the contractor shall monitor developments in and around open science and technology polices relative to agency and ocsdo goals and directives. the contractor shall provide management and assessment of ocsdo schedules, milestones, actions, and risks using applicable tools and trackers. the contractor shall review and assess strategic engagement opportunities on behalf of smd ocsdo front office, open science data officer, and open science program scientist and recommend strategies to maximize reach and impact. recommend processes, slide deck templates (internal and external), and procedures to optimize the programs’ activities and knowledge management practices.",external_claim,Expired,"category_business, corporate_entity_not_tax_exempt, other_than_small_business, special_designations, us_owned_business",https://www.usaspending.gov/award/CONT_AWD_80JSC024FA120_8000_80JSC023AA001_8000/,DOGE,Expired,0.0,3/20/2025
USAspending Terminations,VA-11,Booz Allen Hamilton Inc,80NSSC24AA015,P00004,,,2024-01-30,F,TERMINATE FOR CONVENIENCE (COMPLETE OR PARTIAL),2025-03-13,P00004,2025-03-13,,,2024-01-29,2025-03-12,idv_last_date_to_order,2029-07-15,0.00,,TERMINATION FOR CONVENIENCE AGREEMENT - CHANGE MANAGEMENT SUPPORT SERVICE BPSS FOR NASA ADMINISTRATIVE SUITE.,termination_action_code,Terminate-for-convenience action P00004 on 2025-03-13,"category_business, corporate_entity_not_tax_exempt, other_than_small_business, special_designations, us_owned_business",https://www.usaspending.gov/award/CONT_IDV_80NSSC24AA015_8000/,,,,
DOGE,VA-11,Booz Allen Hamilton Inc,80JSC025FA015,P00003,,,2024-10-31,A,"ADDITIONAL WORK (NEW AGREEMENT, JUSTIFICATION REQUIRED)",2026-03-19,,,,,2024-11-01,2026-10-31,period_of_performance,2025-10-31,1986458.00,1586789.00,"Status: ADDITIONAL WORK (NEW AGREEMENT, JUSTIFICATION REQUIRED). Reported savings: $0. DOGE Action Date: 3/20/2025. Game changing development (GCD) program data management and gcd tool support",external_claim,"ADDITIONAL WORK (NEW AGREEMENT, JUSTIFICATION REQUIRED)","category_business, corporate_entity_not_tax_exempt, other_than_small_business, special_designations, us_owned_business",https://www.usaspending.gov/award/CONT_AWD_80JSC025FA015_8000_80JSC023AA001_8000/,DOGE,"ADDITIONAL WORK (NEW AGREEMENT, JUSTIFICATION REQUIRED)",0.0,3/20/2025
DOGE,RI-01,Brown University,80NSSC24K0178,P00003,A,NEW,2024-01-03,D,ADJUSTMENT TO COMPLETED PROJECT,2025-08-12,,,P00003,2025-08-12,2023-11-01,2025-03-21,period_of_performance,2026-10-31,352074.28,352074.28,"DOGE Action Date: 3/21/2025. Reported savings: $380,667.00. Basic research: NASA earth observations for resilient salton sea communities",external_claim,,"category_business, corporate_entity_tax_exempt, educational_institution, higher_education, nonprofit, other_than_small_business, private_institution_of_higher_education, special_designations, us_owned_business",https://www.usaspending.gov/award/ASST_NON_80NSSC24K0178_080/,DOGE,,380667.0,3/21/2025
USAspending Terminations,RI-01,Brown University,80NSSC25K0030,P00001,A,NEW,2025-07-22,D,ADJUSTMENT TO COMPLETED PROJECT,2026-01-20,,,P00001,2026-01-20,2025-07-01,2026-01-19,period_of_performance,2028-06-30,0.00,0.00,EXECUTE A BALANCED SCIENCE PROGRAM BASED ON DISCIPLINE-SPECIFIC GUIDANCE FROM THE NATIONAL ACADEMIES OF SCIENCES  ENGINEERING  AND MEDICINE  ADMINISTRATION PRIORITIES  AND DIRECTION FROM CONGRESS.   PARTICIPATE AS A KEY PARTNER AND ENABLER IN THE AGE,obligation_clawback,"Pure-clawback deobligation P00001 on 2026-01-20 (100% of $448,257)","category_business, corporate_entity_tax_exempt, educational_institution, higher_education, nonprofit, other_than_small_business, private_institution_of_higher_education, special_designations, us_owned_business",https://www.usaspending.gov/award/ASST_NON_80NSSC25K0030_080/,,,,
USAspending Terminations,RI-01,Brown University,80NSSC25M7096,P00003,A,NEW,2025-05-27,B,CONTINUATION,2026-04-24,,,P00002,2026-03-16,2025-01-28,2027-01-27,period_of_performance,2027-01-27,187500.00,125000.00,24-24NIACPROP-0008  MYCOTECTURE OFF PLANET: EN ROUTE TO THE MOON AND MARS,obligation_clawback,"Pure-clawback deobligation P00002 on 2026-03-16 (25% of $250,000)","category_business, corporate_entity_tax_exempt, educational_institution, higher_education, nonprofit, other_than_small_business, private_institution_of_higher_education, special_designations, us_owned_business",https://www.usaspending.gov/award/ASST_NON_80NSSC25M7096_080/,,,,
USAspending Terminations,MA-03,Bruker Scientific LLC,80TECH25PA010,P00001,,,2025-02-25,F,TERMINATE FOR CONVENIENCE (COMPLETE OR PARTIAL),2025-02-26,P00001,2025-02-26,,,2025-02-25,2025-02-26,period_of_performance,2025-07-29,0.00,0.00,VERTEX 80V SPECTROMETER,termination_action_code,Terminate-for-convenience action P00001 on 2025-02-26,"category_business, corporate_entity_not_tax_exempt, foreign_owned_and_us_located_business, limited_liability_corporation, manufacturer_of_goods, other_than_small_business, special_designations",https://www.usaspending.gov/award/CONT_AWD_80TECH25PA010_8000_-NONE-_-NONE-/,,,,
DOGE,VA-08,"Bryce Solutions, LLC",80NSSC23FB052,P00017,,,2023-09-07,F,TERMINATE FOR CONVENIENCE (COMPLETE OR PARTIAL),2026-02-10,P00017,2026-02-10,,,2023-09-01,2025-02-28,period_of_performance,2028-02-29,2527240.48,2305450.88,"Status: Expired. Reported savings: $5,013,199.49. DOGE Action Date: 2/18/2025. Provides leadership and executive level one-on-one coaching services to the NASA enterprise-wide human capital support services (NEHCSS) contract.",external_claim,Expired,"category_business, joint_venture_women_owned_small_business, limited_liability_corporation, partnership_or_limited_liability_partnership, small_business, special_designations, us_owned_business, woman_owned_business, women_owned_small_business",https://www.usaspending.gov/award/CONT_AWD_80NSSC23FB052_8000_80NSSC23DA002_8000/,DOGE,Expired,5013199.49,2/18/2025
DOGE,VA-08,"Bryce Space and Technology, LLC",80NSSC24FA979,P00004,,,2024-07-30,M,OTHER ADMINISTRATIVE ACTION,2025-09-12,P00003,2025-03-27,,,2024-08-01,2025-04-10,period_of_performance,2025-07-31,645125.14,645125.14,"Status: TERMINATED. Reported savings: $4,667,483.22. DOGE Action Date: 4/4/2025. Administrative management and general management consulting services to provide NASA leadership with independent diagnostics and strategic advisory work on matters involving, technology policy and economics through independent research and analysis that answers specific questions on topics of interest.",external_claim,TERMINATED,"category_business, limited_liability_corporation, partnership_or_limited_liability_partnership, small_business, special_designations, us_owned_business, woman_owned_business, women_owned_small_business",https://www.usaspending.gov/award/CONT_AWD_80NSSC24FA979_8000_80NSSC24AA010_8000/,DOGE,TERMINATED,4667483.22,4/4/2025
USAspending Terminations,VA-08,"Bryce Space and Technology, LLC",80NSSC24AA010,P00004,,,2024-01-30,F,TERMINATE FOR CONVENIENCE (COMPLETE OR PARTIAL),2026-05-21,P00004,2026-05-21,,,2024-01-29,2026-05-19,idv_last_date_to_order,2029-07-15,0.00,,TERMINATION FOR CONVENIENCE AGREEMENT - CHANGE MANAGEMENT SUPPORT SERVICE BPSS FOR NASA ADMINISTRATIVE SUITE.,termination_action_code,Terminate-for-convenience action P00004 on 2026-05-21,"category_business, limited_liability_corporation, partnership_or_limited_liability_partnership, small_business, special_designations, us_owned_business, woman_owned_business, women_owned_small_business",https://www.usaspending.gov/award/CONT_IDV_80NSSC24AA010_8000/,,,,
DOGE,CA-20,Business Class Aviation Inc.,80NSSC23PA010,P00004,,,2022-10-06,F,TERMINATE FOR CONVENIENCE (COMPLETE OR PARTIAL),2025-04-08,P00004,2025-04-08,,,2022-10-01,2025-04-08,period_of_performance,2027-09-30,0.00,0.00,"Status: TERMINATED. Reported savings: $96,700.00. DOGE Action Date: 3/20/2025. Dc-8 and sofia aircraft storage and parts removal",external_claim,TERMINATED,"category_business, corporate_entity_not_tax_exempt, self_certified_small_disadvanted_business, small_business, special_designations, subchapter_s_corporation, us_owned_business",https://www.usaspending.gov/award/CONT_AWD_80NSSC23PA010_8000_-NONE-_-NONE-/,DOGE,TERMINATED,96700.0,3/20/2025
NASA Procurement Data View,CA-28,California Institute of Technology,80NM0018F0669,P00007,,,2018-07-27,M,OTHER ADMINISTRATIVE ACTION,2025-04-07,,,,,2018-10-01,2025-04-07,period_of_performance,2026-03-30,906320.78,624806.22,STOP WORK ORDER ISSUED WITH NOTIFICATION OF INTENT TO TERMINATE FOR CONVENIENCE - GEOSTATIONARY CARBON CYCLE OBSERVATORY (GEOCARB) PRE-PHASE A AND PHASE A (87-700073) FOR SMD DIRECTORATE,description_keyword,,"category_business, corporate_entity_tax_exempt, educational_institution, higher_education, nonprofit, other_than_small_business, private_institution_of_higher_education, special_designations, us_owned_business",https://www.usaspending.gov/award/CONT_AWD_80NM0018F0669_8000_80NM0018D0004_8000/,,,,
NASA Procurement Data View,CA-28,California Institute of Technology,80NM0024F0047,P00004,,,2024-09-25,M,OTHER ADMINISTRATIVE ACTION,2026-04-13,P00003,2026-04-06,,,2024-09-09,2026-02-28,period_of_performance,2026-02-28,127003.61,51292.77,TERMINATION FOR CONVENIENCE AGREEMENT - ADVANCING VIETNAM'S MARINE SPATIAL PLANNING FOR OFFSHORE WIND ENERGY DEVELOPMENT (82-222737),description_keyword,,"category_business, corporate_entity_tax_exempt, educational_institution, higher_education, nonprofit, other_than_small_business, private_institution_of_higher_education, special_designations, us_owned_business",https://www.usaspending.gov/award/CONT_AWD_80NM0024F0047_8000_80NM0018D0004_8000/,,,,
NASA Procurement Data View,CA-28,California Institute of Technology,80NM0018F0566,P00029,,,2018-07-20,M,OTHER ADMINISTRATIVE ACTION,2026-05-01,P00028,2026-04-30,,,2018-10-01,2026-03-29,period_of_performance,2022-09-30,3743031.81,3255060.09,STOP WORK NOTICE ISSUED WITH NOTIFICATION OF INTENT TO TERMINATE FOR CONVENIENCE - OFFICE OF CHIEF TECHNOLOGIST (OCT) STRATEGIC INTEGRATION FOR SMD DIRECTORATE,description_keyword,,"category_business, corporate_entity_tax_exempt, educational_institution, higher_education, nonprofit, other_than_small_business, private_institution_of_higher_education, special_designations, us_owned_business",https://www.usaspending.gov/award/CONT_AWD_80NM0018F0566_8000_80NM0018D0004_8000/,,,,
NASA Procurement Data View,CA-28,California Institute of Technology,80NM0019F0075,P00009,,,2019-08-02,M,OTHER ADMINISTRATIVE ACTION,2026-06-17,P00007,2025-06-25,,,2019-08-02,2025-04-02,period_of_performance,2024-08-02,1140711.53,960005.72,TERMINATION FOR CONVENIENCE AGREEMENT - MARS TO MOON ENGINEERING SUPPORT FOR XYZ DIRECTORATE,description_keyword,,"category_business, corporate_entity_tax_exempt, educational_institution, higher_education, nonprofit, other_than_small_business, private_institution_of_higher_education, special_designations, us_owned_business",https://www.usaspending.gov/award/CONT_AWD_80NM0019F0075_8000_80NM0018D0004_8000/,,,,
USAspending Terminations,CA-11,Capella Space Corporation,80HQTR23AA002,P00005,,,2023-04-07,N,LEGAL CONTRACT CANCELLATION,2025-03-11,,,,,2023-04-07,2025-03-11,idv_last_date_to_order,2028-04-06,0.00,,LEGAL CONTRACT CANCELLATION - NO LONGER REQUIRED COMMERCIAL SMALLEST DATA ACQUISITION (CSDA) PROGRAM - EARTH SCIENCES DIVISION,legal_contract_cancellation,Legal-contract-cancellation action P00005 on 2025-03-11,"category_business, corporate_entity_not_tax_exempt, manufacturer_of_goods, small_business, special_designations, us_owned_business",https://www.usaspending.gov/award/CONT_IDV_80HQTR23AA002_8000/,,,,
DOGE,MD-07,"Career Communications Group, Inc.",80NSSC24PB891,P00003,,,2024-08-01,F,TERMINATE FOR CONVENIENCE (COMPLETE OR PARTIAL),2025-04-16,P00003,2025-04-16,,,2024-09-01,2025-04-16,period_of_performance,2025-08-31,12500.00,12500.00,"Status: TERMINATED. Reported savings: $0. DOGE Action Date: 5/6/2025. Women of color in science, technology, engineering, and mathematics silver partnership and participation in their national convention",external_claim,TERMINATED,"black_american_owned_business, category_business, corporate_entity_not_tax_exempt, dot_certified_disadvantaged_business_enterprise, minority_owned_business, self_certified_small_disadvanted_business, small_business, special_designations, subchapter_s_corporation, us_owned_business",https://www.usaspending.gov/award/CONT_AWD_80NSSC24PB891_8000_-NONE-_-NONE-/,DOGE,TERMINATED,0.0,5/6/2025
USAspending Terminations,OH-11,Case Western Reserve University,80GRC024CA008,P00003,,,2023-10-17,M,OTHER ADMINISTRATIVE ACTION,2025-04-11,,,,,2023-11-01,2024-03-31,period_of_performance,2023-12-31,33269.00,33269.00,STOP WORK NOTICE ISSUED WITH NOTICE OF INTENT TO DE-SCOPE. CENTRIFUGAL ACCELERATION TESTING - NASA GRC IS PURSUING THE DEVELOPMENT OF DYNAMIC CONVERSION TECHNOLOGIES TO SUPPORT SCIENCE MISSION POWER SYSTEM DEVELOPMENT.,termination_language,Termination-language transaction P00002 on 2025-04-08,"category_business, corporate_entity_tax_exempt, educational_institution, higher_education, nonprofit, other_than_small_business, private_institution_of_higher_education, special_designations, us_owned_business",https://www.usaspending.gov/award/CONT_AWD_80GRC024CA008_8000_-NONE-_-NONE-/,,,,
USAspending Terminations,DC-98,Catholic University of America (THE),80NSSC23K1058,P00005,A,NEW,2023-07-26,B,CONTINUATION,2025-11-26,,,P00003,2025-05-27,2024-01-01,2025-09-11,period_of_performance,2026-12-31,120698.84,120698.84,A STUDY OF OSCILLATIONS IN STELLAR AND SOLAR FLARES.,obligation_clawback,"Pure-clawback deobligation P00003 on 2025-05-27 (61% of $307,746)","category_business, corporate_entity_tax_exempt, educational_institution, higher_education, nonprofit, private_institution_of_higher_education",https://www.usaspending.gov/award/ASST_NON_80NSSC23K1058_080/,,,,
NASA Procurement Data View,NY-12,Chapsvision Americas Inc.,80NSSC25PA845,P00001,,,2025-04-02,X,TERMINATE FOR CAUSE,2025-04-08,P00001,2025-04-08,,,2025-04-01,2025-04-09,period_of_performance,2025-10-01,0.00,0.00,TERMINATION FOR CONVENIENCE AGREEMENT - SINEQUA CUSTOMER SUCCESS ENGINEERS,description_keyword,,"category_business, corporate_entity_not_tax_exempt, foreign_owned, other_than_small_business, special_designations",https://www.usaspending.gov/award/CONT_AWD_80NSSC25PA845_8000_-NONE-_-NONE-/,,,,
DOGE,VA-11,"Chenega Global Protection, LLC",80HQTR23FA044,P00005,,,2023-06-05,F,TERMINATE FOR CONVENIENCE (COMPLETE OR PARTIAL),2025-02-27,P00005,2025-02-27,,,2023-06-20,2025-02-28,period_of_performance,2024-02-29,231345.20,231345.20,Status: TERMINATED. Reported savings: $0. DOGE Action Date: 4/1/2025. NASA hq protective service- security police officer post- east lobby- earth information center (EIC) - termination for convenience agreement- earth information center (EIC) support for NASA office of protective services,external_claim,TERMINATED,"8a_program_participant, alaskan_native_corporation_owned_firm, category_business, limited_liability_corporation, minority_owned_business, native_american_owned_business, other_minority_owned_business, self_certified_small_disadvanted_business, small_business, special_designations, us_owned_business",https://www.usaspending.gov/award/CONT_AWD_80HQTR23FA044_8000_80GSFC23DA004_8000/,DOGE,TERMINATED,0.0,4/1/2025
DOGE,OH-11,Cleveland State University,80NSSC22K1658,P00003,A,NEW,2022-09-21,B,CONTINUATION,2025-03-21,,,,,2023-01-01,2025-03-21,period_of_performance,2024-12-31,149765.00,134223.37,DOGE Action Date: 3/21/2025. Reported savings: $0.  improved monitoring and management of urban tree equity: integrating metrics of tree quality with tree cover - commercial satellite data analysis characterizing canopy chlorophyll and photosynthetic productivity for agricultural crops and forest monitoring support for smd/esd directorate ,external_claim,,"educational_institution, government, higher_education, national_government, public_institution_of_higher_education, regional_and_state_government",https://www.usaspending.gov/award/ASST_NON_80NSSC22K1658_080/,DOGE,,0.0,3/21/2025
DOGE,MD-03,Colossal Contracting LLC,80NSSC25FA078,P00001,,,2024-11-20,F,TERMINATE FOR CONVENIENCE (COMPLETE OR PARTIAL),2025-04-16,P00001,2025-04-16,,,2024-11-24,2025-04-16,period_of_performance,2025-11-23,16200.00,16200.00,Status: TERMINATED. Reported savings: $0. DOGE Action Date: 5/6/2025. Prisma cloud security renewal,external_claim,TERMINATED,"category_business, corporate_entity_not_tax_exempt, limited_liability_corporation, self_certified_small_disadvanted_business, service_disabled_veteran_owned_business, small_business, special_designations, subchapter_s_corporation, us_owned_business, veteran_owned_business",https://www.usaspending.gov/award/CONT_AWD_80NSSC25FA078_8000_NNG15SD72B_8000/,DOGE,TERMINATED,0.0,5/6/2025
NASA Procurement Data View,MD-03,Cornell Technical Services LLC,80LARC25F7011,P00003,,,2024-11-19,M,OTHER ADMINISTRATIVE ACTION,2025-04-08,,,,,2024-11-19,2025-07-31,period_of_performance,2025-07-31,780306.00,690426.26,STOP WORK NOTICE ISSUED WITH NOTIFICATION OF INTENT TO TERMINATE FOR CONVENIENCE - 2025 ASTROPHYSICS DIVISION SENIOR REVIEW,description_keyword,,"category_business, limited_liability_corporation, partnership_or_limited_liability_partnership, small_business, special_designations, us_owned_business",https://www.usaspending.gov/award/CONT_AWD_80LARC25F7011_8000_80LARC20D0007_8000/,,,,
USAspending Terminations,MD-03,Cornell Technical Services LLC,80LARC21F0083,P00007,,,2021-03-17,B,SUPPLEMENTAL AGREEMENT FOR WORK WITHIN SCOPE,2025-08-04,,,,,2021-03-17,2025-04-18,period_of_performance,2022-03-31,115865.00,114570.06,STOP WORK NOTICE ISSUED WITH NOTIFICATION OF INTENT TO TERMINATE FOR CONVENIENCE - SOMA VAULT ADMINISTRATION,termination_language,Termination-language transaction P00006 on 2025-04-08,"category_business, limited_liability_corporation, partnership_or_limited_liability_partnership, small_business, special_designations, us_owned_business",https://www.usaspending.gov/award/CONT_AWD_80LARC21F0083_8000_80LARC20D0007_8000/,,,,
USAspending Terminations,MD-03,Cornell Technical Services LLC,80LARC21F0153,P00007,,,2021-09-10,B,SUPPLEMENTAL AGREEMENT FOR WORK WITHIN SCOPE,2025-09-22,,,,,2021-09-10,2025-04-18,period_of_performance,2025-08-31,316380.00,313302.24,"STOP WORK NOTICE ISSUED WITH NOTIFICATION OF INTENT TO TERMINATE FOR CONVENIENCE - MARS EXPLORATION PROGRAM (MEP) ASSESSMENT FOR MANAGEMENT, PLANNING, TECHNICAL, SCIENTIFIC, RISK, COST, AND SCHEDULE SUPPORT",termination_language,Termination-language transaction P00006 on 2025-04-08,"category_business, limited_liability_corporation, partnership_or_limited_liability_partnership, small_business, special_designations, us_owned_business",https://www.usaspending.gov/award/CONT_AWD_80LARC21F0153_8000_80LARC20D0007_8000/,,,,
DOGE,NY-19,Cornell University,80NSSC24K1193,P00002,A,NEW,2024-07-30,D,ADJUSTMENT TO COMPLETED PROJECT,2025-09-25,,,P00002,2025-09-25,2024-07-01,2025-03-21,period_of_performance,2027-06-30,95267.75,95267.75,"DOGE Action Date: 3/21/2025. Reported savings: $389,598.00. Basic research: an innovative workshop on equity, diversity, inclusion, and accessibility for leaders in planetary science",external_claim,,"category_business, corporate_entity_tax_exempt, educational_institution, higher_education, manufacturer_of_goods, nonprofit, other_than_small_business, private_institution_of_higher_education, public_institution_of_higher_education, veterinary_college",https://www.usaspending.gov/award/ASST_NON_80NSSC24K1193_080/,DOGE,,389598.0,3/21/2025
DOGE,DC-08,"Costar Realty Information, Inc.",80NSSC24PB717,P00002,,,2024-07-12,F,TERMINATE FOR CONVENIENCE (COMPLETE OR PARTIAL),2025-04-08,P00002,2025-04-08,,,2024-07-12,2025-04-08,period_of_performance,2025-07-12,49050.00,49050.00,Status: TERMINATED. Reported savings: $0. DOGE Action Date: 5/6/2025. Web search portals and all other information services: costar,external_claim,TERMINATED,"category_business, corporate_entity_not_tax_exempt, other_than_small_business, special_designations, us_owned_business",https://www.usaspending.gov/award/CONT_AWD_80NSSC24PB717_8000_-NONE-_-NONE-/,DOGE,TERMINATED,0.0,5/6/2025
DOGE,VA-08,Creative Solutions International Coporation,80NSSC23FA279,P00003,,,2023-03-07,F,TERMINATE FOR CONVENIENCE (COMPLETE OR PARTIAL),2025-02-20,P00003,2025-02-20,,,2023-03-07,2025-02-20,period_of_performance,2024-03-06,138793.75,108446.41,Status: TERMINATED. Reported savings: $0. DOGE Action Date: 2/18/2025. Consulting and meeting facilitation in support of ocio transformation initiatives,external_claim,TERMINATED,"category_business, corporate_entity_not_tax_exempt, self_certified_small_disadvanted_business, small_business, special_designations, us_owned_business, woman_owned_business",https://www.usaspending.gov/award/CONT_AWD_80NSSC23FA279_8000_GS10F0331M_4730/,DOGE,TERMINATED,0.0,2/18/2025
DOGE,VA-08,"Crown Innovations, Inc.",80HQTR24FA038,P00002,,,2024-06-06,M,OTHER ADMINISTRATIVE ACTION,2025-03-20,,,,,2024-06-06,2025-03-20,period_of_performance,2025-06-09,136646.85,75915.14,Status: Expired. Reported savings: $0. DOGE Action Date: 2/18/2025. Technical support for armd's office of the associate administrator,external_claim,Expired,"category_business, corporate_entity_not_tax_exempt, minority_owned_business, self_certified_small_disadvanted_business, small_business, special_designations, subchapter_s_corporation, subcontinent_asian_indian_american_owned_business, us_owned_business",https://www.usaspending.gov/award/CONT_AWD_80HQTR24FA038_8000_80HQTR24AA006_8000/,DOGE,Expired,0.0,2/18/2025
NASA Procurement Data View,NY-12,"Datadog, Inc.",80NSSC24PB139,P00002,,,2024-06-05,F,TERMINATE FOR CONVENIENCE (COMPLETE OR PARTIAL),2025-04-08,P00002,2025-04-08,,,2024-06-01,2025-04-08,period_of_performance,2025-10-31,0.00,0.00,TERMINATION FOR CONVENIENCE AGREEMENT - DATADOG SUBSCRIPTION,description_keyword,,"category_business, corporate_entity_not_tax_exempt, other_than_small_business, special_designations, us_owned_business",https://www.usaspending.gov/award/CONT_AWD_80NSSC24PB139_8000_-NONE-_-NONE-/,,,,
DOGE,VA-08,Deloitte Consulting LLP,80HQTR23FA018,P00002,,,2023-02-08,B,SUPPLEMENTAL AGREEMENT FOR WORK WITHIN SCOPE,2025-02-07,,,,,2023-02-08,2025-07-31,period_of_performance,2024-02-07,659225.96,644337.82,Status: Expired. Reported savings: $0. DOGE Action Date: 3/20/2025. Conducting evidence and evaluation activities for the space technology mission directorate in order to meet the requirements of the evidence act (p.l. 115-435).,external_claim,Expired,"category_business, other_than_small_business, partnership_or_limited_liability_partnership, special_designations, us_owned_business",https://www.usaspending.gov/award/CONT_AWD_80HQTR23FA018_8000_80HQTR22AA005_8000/,DOGE,Expired,0.0,3/20/2025
USAspending Terminations,VA-08,Deloitte Consulting LLP,80NSSC24AA011,P00004,,,2024-01-30,F,TERMINATE FOR CONVENIENCE (COMPLETE OR PARTIAL),2025-03-13,P00004,2025-03-13,,,2024-01-29,2024-01-29,idv_last_date_to_order,2029-07-15,0.00,,TERMINATION FOR CONVENIENCE AGREEMENT - CHANGE MANAGEMENT SUPPORT SERVICE BPAS FOR NASA ADMINISTRATIVE SUITE.,termination_action_code,Terminate-for-convenience action P00004 on 2025-03-13,"category_business, other_than_small_business, partnership_or_limited_liability_partnership, special_designations, us_owned_business",https://www.usaspending.gov/award/CONT_IDV_80NSSC24AA011_8000/,,,,
DOGE,VA-08,Deloitte Consulting LLP,80HQTR25FA019,P00001,,,2025-02-11,C,FUNDING ONLY ACTION,2026-06-25,,,,,2025-02-11,2025-08-11,period_of_performance,2025-08-11,90488.46,90488.46,"Status: Expired. Reported savings: $0. DOGE Action Date: 3/20/2025. The technical work performed directly enables NASA to submit the annual president's budget request & congressional justification, required by the following laws: budget & accounting act (p.l. 67-13), budget impoundment & control act (p.l. 93-344). the task ends 8/11/2025 because the work will be complete.",external_claim,Expired,"category_business, other_than_small_business, partnership_or_limited_liability_partnership, special_designations, us_owned_business",https://www.usaspending.gov/award/CONT_AWD_80HQTR25FA019_8000_80HQTR22AA005_8000/,DOGE,Expired,0.0,3/20/2025
USAspending Terminations,WA-02,Devglobal Partners LLC,80NSSC26P0502,P00001,,,2026-04-17,F,TERMINATE FOR CONVENIENCE (COMPLETE OR PARTIAL),2026-07-08,P00001,2026-07-08,,,2026-04-27,2026-11-01,period_of_performance,2026-11-01,0.00,0.00,FACILITATION AND LOGISTICAL COORDINATION OF THE 2026 SMD DATA REPOSITORIES WORKSHOP,termination_action_code,Terminate-for-convenience action P00001 on 2026-07-08,"category_business, limited_liability_corporation, self_certified_small_disadvanted_business, small_business, sole_proprietorship, special_designations, us_owned_business",https://www.usaspending.gov/award/CONT_AWD_80NSSC26P0502_8000_-NONE-_-NONE-/,,,,
DOGE,MD-06,"Diversified Services Group, Inc.",80NSSC22PA482,P00006,,,2022-04-08,F,TERMINATE FOR CONVENIENCE (COMPLETE OR PARTIAL),2025-04-08,P00006,2025-04-08,,,2022-07-01,2025-04-09,period_of_performance,2023-06-30,46982.62,46982.54,"Status: TERMINATED. Reported savings: $38,577.84. DOGE Action Date: 4/14/2025. Live plant maintenance services",external_claim,TERMINATED,"black_american_owned_business, category_business, corporate_entity_not_tax_exempt, dot_certified_disadvantaged_business_enterprise, economically_disadvantaged_women_owned_small_business, minority_owned_business, self_certified_small_disadvanted_business, small_business, special_designations, us_owned_business, woman_owned_business, women_owned_small_business",https://www.usaspending.gov/award/CONT_AWD_80NSSC22PA482_8000_-NONE-_-NONE-/,DOGE,TERMINATED,38577.84,4/14/2025
USAspending Terminations,PA-03,Drexel University,80NSSC24K0482,P00004,A,NEW,2024-02-02,B,CONTINUATION,2025-09-12,,,P00003,2025-05-23,2023-11-30,2026-11-29,period_of_performance,2026-11-29,150000.00,127836.00,22-ASTRO22-0070 INVESTIGATING CHAOS AND COMPLEXITY IN THE ACCRETION MODES OF STELLAR AND SUPERMASSIVE BLACK HOLES,obligation_clawback,"Pure-clawback deobligation P00003 on 2025-05-23 (25% of $200,000)","category_business, corporate_entity_tax_exempt, educational_institution, higher_education, nonprofit, private_institution_of_higher_education",https://www.usaspending.gov/award/ASST_NON_80NSSC24K0482_080/,,,,
DOGE,TX-26,"Eli Group, LLC",80NSSC24PA590,P00001,,,2024-02-22,F,TERMINATE FOR CONVENIENCE (COMPLETE OR PARTIAL),2025-01-31,P00001,2025-01-31,,,2024-06-12,2025-03-06,period_of_performance,2025-03-06,27500.00,27500.00,Status: TERMINATED. Reported savings: $0. DOGE Action Date: 2/18/2025. Eli group leadership lab for women,external_claim,TERMINATED,"category_business, corporate_entity_not_tax_exempt, limited_liability_corporation, self_certified_small_disadvanted_business, small_business, special_designations, us_owned_business, woman_owned_business",https://www.usaspending.gov/award/CONT_AWD_80NSSC24PA590_8000_-NONE-_-NONE-/,DOGE,TERMINATED,0.0,2/18/2025
DOGE,TX-26,"Eli Group, LLC",80NSSC24PC331,P00001,,,2024-09-05,F,TERMINATE FOR CONVENIENCE (COMPLETE OR PARTIAL),2025-02-19,P00001,2025-02-19,,,2025-02-19,2025-02-19,period_of_performance,2025-11-13,27500.00,27500.00,Status: TERMINATED. Reported savings: $0. DOGE Action Date: 2/18/2025. The exclusive leadership lab for women provides senior-level women with a development program designed to enhance leadership influence and behavior change to help them succeed within your organization.,external_claim,TERMINATED,"category_business, corporate_entity_not_tax_exempt, limited_liability_corporation, self_certified_small_disadvanted_business, small_business, special_designations, us_owned_business, woman_owned_business",https://www.usaspending.gov/award/CONT_AWD_80NSSC24PC331_8000_-NONE-_-NONE-/,DOGE,TERMINATED,0.0,2/18/2025
DOGE,GA-05,Emory University,80NSSC25K7032,P00003,A,NEW,2024-11-01,D,ADJUSTMENT TO COMPLETED PROJECT,2025-09-25,,,P00003,2025-09-25,2024-10-04,2025-05-10,period_of_performance,2027-10-03,72879.91,72879.91,DOGE Action Date: 5/14/2025. Reported savings: $0.  basic research grant: advancing environmental justice in atlanta through geographic information system-enabled community engagement ,external_claim,,"category_business, corporate_entity_tax_exempt, educational_institution, higher_education, nonprofit, other_than_small_business, private_institution_of_higher_education, special_designations, us_owned_business",https://www.usaspending.gov/award/ASST_NON_80NSSC25K7032_080/,DOGE,,0.0,5/14/2025
DOGE,MD-08,"Emp Consultants, LLC",80NSSC24PA710,P00001,,,2024-03-20,F,TERMINATE FOR CONVENIENCE (COMPLETE OR PARTIAL),2025-03-17,P00001,2025-03-17,,,2024-05-01,2025-04-30,period_of_performance,2025-04-30,45960.00,45960.00,"Status: TERMINATED. Reported savings: $45,960.00. DOGE Action Date: 3/20/2025. This order is for novice software and support maintenance.",external_claim,TERMINATED,"category_business, corporate_entity_not_tax_exempt, limited_liability_corporation, small_business, special_designations, us_owned_business",https://www.usaspending.gov/award/CONT_AWD_80NSSC24PA710_8000_-NONE-_-NONE-/,DOGE,TERMINATED,45960.0,3/20/2025
USAspending Terminations,PA-04,Fed Crew Inc,80NSSC25PB602,P00003,,,2025-08-04,M,OTHER ADMINISTRATIVE ACTION,2026-03-23,P00002,2026-02-23,,,2025-08-04,2025-09-25,period_of_performance,2025-09-25,0.00,0.00,SPHERICAL HEA ALLOY POWDER,termination_action_code,Terminate-for-convenience action P00002 on 2026-02-23,"category_business, corporate_entity_not_tax_exempt, minority_owned_business, self_certified_small_disadvanted_business, small_business, special_designations, subcontinent_asian_indian_american_owned_business, us_owned_business, woman_owned_business, women_owned_small_business",https://www.usaspending.gov/award/CONT_AWD_80NSSC25PB602_8000_-NONE-_-NONE-/,,,,
NASA Procurement Data View,CA-47,"Flawless Photonics, Inc.",80JSC022CA012,P00008,,,2022-08-25,M,OTHER ADMINISTRATIVE ACTION,2025-04-08,,,,,2022-08-25,2025-11-15,period_of_performance,2025-11-15,2315075.00,2315075.00,TERMINATION NOTICE ISSUED: IN SPACE PRODUCTION APPLICATIONS (INSPA) - FABRICATION OF FLAWLESSPREFORMS IN MICROGRAVITY FOR OA DIRECTORATE,description_keyword,,"category_business, corporate_entity_not_tax_exempt, manufacturer_of_goods, self_certified_small_disadvanted_business, small_business, special_designations, us_owned_business",https://www.usaspending.gov/award/CONT_AWD_80JSC022CA012_8000_-NONE-_-NONE-/,,,,
DOGE,FL-08,"Florida First Robotics Education Foundation, Inc",80NSSC23PB058,P00002,,,2023-05-15,F,TERMINATE FOR CONVENIENCE (COMPLETE OR PARTIAL),2025-04-08,P00002,2025-04-08,,,2023-05-15,2025-04-08,period_of_performance,2026-05-20,40200.00,40200.00,"Status: TERMINATED. Reported savings: $60,300.00. DOGE Action Date: 4/14/2025. Sponsorship of the first orlando regional",external_claim,TERMINATED,"category_business, corporate_entity_tax_exempt, foundation, nonprofit, other_than_small_business, special_designations, us_owned_business",https://www.usaspending.gov/award/CONT_AWD_80NSSC23PB058_8000_-NONE-_-NONE-/,DOGE,TERMINATED,60300.0,4/14/2025
USAspending Terminations,FL-02,Florida State University,80NSSC23K0466,P00001,A,NEW,2023-05-01,D,ADJUSTMENT TO COMPLETED PROJECT,2025-03-04,,,P00001,2025-03-04,2023-04-01,2026-03-31,period_of_performance,2026-03-31,15006.21,15006.21,22-ADAP22-0155  CONFRONTING CMB FOREGROUND MODELS WITH PLANCK DATA,obligation_clawback,"Pure-clawback deobligation P00001 on 2025-03-04 (91% of $161,839)","educational_institution, higher_education, minority_owned_business, nonprofit, other_minority_owned_business, public_institution_of_higher_education",https://www.usaspending.gov/award/ASST_NON_80NSSC23K0466_080/,,,,
USAspending Terminations,FL-02,Florida State University,80NSSC23K0600,P00001,A,NEW,2023-04-13,D,ADJUSTMENT TO COMPLETED PROJECT,2026-02-02,,,P00001,2026-02-02,2023-02-07,2026-02-15,period_of_performance,2025-02-06,0.00,0.00,SINGLE SOURCE  RODENT RESEARCH STANDARD HOUSING MISSION: MULTIDISCIPLINARY APPROACH TO UNDERSTANDING SPACEFLIGHT RESPONSES,obligation_clawback,"Pure-clawback deobligation P00001 on 2026-02-02 (100% of $20,000)","educational_institution, higher_education, minority_owned_business, nonprofit, other_minority_owned_business, public_institution_of_higher_education",https://www.usaspending.gov/award/ASST_NON_80NSSC23K0600_080/,,,,
DOGE,VA-11,"Four Points Technology, LLC",80NSSC23F0002,P00001,,,2022-10-06,F,TERMINATE FOR CONVENIENCE (COMPLETE OR PARTIAL),2025-04-21,P00001,2025-04-21,,,2022-10-14,2025-04-21,period_of_performance,2025-10-14,19212.13,19212.13,Status: TERMINATED. Reported savings: $0. DOGE Action Date: 5/6/2025. Securid authenticator tokens,external_claim,TERMINATED,"category_business, corporate_entity_not_tax_exempt, limited_liability_corporation, service_disabled_veteran_owned_business, small_business, special_designations, us_owned_business, veteran_owned_business",https://www.usaspending.gov/award/CONT_AWD_80NSSC23F0002_8000_NNG15SD22B_8000/,DOGE,TERMINATED,0.0,5/6/2025
DOGE,CT-04,"Gartner, Inc.",80NSSC24PB679,P00002,,,2024-07-08,M,OTHER ADMINISTRATIVE ACTION,2025-04-30,P00001,2025-03-06,,,2024-07-01,2025-12-31,period_of_performance,2025-06-30,194382.00,194382.00,"Status: TERMINATED. Reported savings: $194,382.00. DOGE Action Date: 3/20/2025. NASA human capital gartner learning & development services",external_claim,TERMINATED,"category_business, corporate_entity_not_tax_exempt, other_than_small_business, special_designations, us_owned_business",https://www.usaspending.gov/award/CONT_AWD_80NSSC24PB679_8000_-NONE-_-NONE-/,DOGE,TERMINATED,194382.0,3/20/2025
USAspending Terminations,CA-30,"Geooptics, Inc.",80HQTR23AA001,P00006,,,2022-11-14,N,LEGAL CONTRACT CANCELLATION,2025-03-11,,,,,2022-11-14,2025-03-11,idv_last_date_to_order,2027-11-13,0.00,,LEGAL CONTRACT CANCELLATION - NO LONGER REQUIRED COMMERCIAL SMALLSAT DATA ACQUISITION (CSDA) PROGRAM - EARTH SCIENCES DIVISION,legal_contract_cancellation,Legal-contract-cancellation action P00006 on 2025-03-11,"category_business, corporate_entity_not_tax_exempt, small_business, special_designations, us_owned_business, veteran_owned_business",https://www.usaspending.gov/award/CONT_IDV_80HQTR23AA001_8000/,,,,
DOGE,VA-11,George Mason University,80NSSC24K0892,P00002,A,NEW,2024-08-05,D,ADJUSTMENT TO COMPLETED PROJECT,2025-08-14,,,P00002,2025-08-14,2024-03-29,,,2027-03-28,0.00,0.00,DOGE Action Date: 3/21/2025. Reported savings: $0.  disparities in health and safety effects of dust storms in the united states - interdisciplinary research in earth sciences support for science mission directorate (SMD/ESD) ,external_claim,,"category_business, educational_institution, government, higher_education, minority_serving_institution_of_higher_education, national_government, other_than_small_business, public_institution_of_higher_education, regional_and_state_government",https://www.usaspending.gov/award/ASST_NON_80NSSC24K0892_080/,DOGE,,0.0,3/21/2025
USAspending Terminations,GA-05,Georgia Tech Research Corp,80NSSC23K1549,P00004,A,NEW,2023-09-13,D,ADJUSTMENT TO COMPLETED PROJECT,2026-07-30,,,P00004,2026-07-30,2023-08-21,2026-08-30,period_of_performance,,192000.00,168951.84,DEVELOPMENT OF HIGH TEMPERATURE SEALS BY INCORPORATING BORON NITRIDE-BASED FILLERS INTO PERFLUORINATED ELASTOMERS,obligation_clawback,"Pure-clawback deobligation P00004 on 2026-07-30 (25% of $256,000)","category_business, corporate_entity_tax_exempt, educational_institution, higher_education, nonprofit, public_institution_of_higher_education",https://www.usaspending.gov/award/ASST_NON_80NSSC23K1549_080/,,,,
USAspending Terminations,,Ghgsat Incorporated,80HQTR22AA009,P00003,,,2022-09-28,F,TERMINATE FOR CONVENIENCE (COMPLETE OR PARTIAL),2025-03-11,P00003,2025-03-11,,,2022-09-28,2025-03-11,idv_last_date_to_order,2027-09-27,0.00,,CANCELLATION - NO LONGER REQUIRED COMMERCIAL SMALLSAT DATA ACQUISITION (CSDA) PROGRAM - EARTH SCIENCES DIVISION,termination_action_code,Terminate-for-convenience action P00003 on 2025-03-11,"category_business, corporate_entity_not_tax_exempt, foreign_owned, other_than_small_business, special_designations",https://www.usaspending.gov/award/CONT_IDV_80HQTR22AA009_8000/,,,,
USAspending Terminations,VA-11,Guidehouse Inc.,80NSSC24AA012,P00004,,,2024-01-30,F,TERMINATE FOR CONVENIENCE (COMPLETE OR PARTIAL),2025-03-13,P00004,2025-03-13,,,2024-01-29,2025-03-12,idv_last_date_to_order,2029-07-15,0.00,,TERMINATION FOR CONVENIENCE AGREEMENT - CHANGE MANAGEMENT SUPPORT SERVICE BPAS FOR NASA ADMINISTRATIVE SUITE.,termination_action_code,Terminate-for-convenience action P00004 on 2025-03-13,"category_business, corporate_entity_not_tax_exempt, other_than_small_business, special_designations, us_owned_business",https://www.usaspending.gov/award/CONT_IDV_80NSSC24AA012_8000/,,,,
DOGE,VA-11,Guidehouse Inc.,80HQTR24FA019,P00013,,,2023-11-30,C,FUNDING ONLY ACTION,2025-08-11,,,,,2023-12-01,2025-11-30,period_of_performance,2024-11-30,1831560.00,1831560.00,"Status: FUNDING ONLY ACTION. Reported savings: $639,900.00. DOGE Action Date: 3/20/2025. The contractor to provide services related to an integrated approach to conducting annual assessments of NASA’s management controls, internal control over financial reporting, fraud risk management framework and payment integrity.",external_claim,FUNDING ONLY ACTION,"category_business, corporate_entity_not_tax_exempt, other_than_small_business, special_designations, us_owned_business",https://www.usaspending.gov/award/CONT_AWD_80HQTR24FA019_8000_80HQTR24AA002_8000/,DOGE,FUNDING ONLY ACTION,639900.0,3/20/2025
DOGE,NY-24,Harbec Inc,80NSSC24PC367,P00001,,,2024-09-10,M,OTHER ADMINISTRATIVE ACTION,2025-02-11,,,,,2024-09-10,2025-02-28,period_of_performance,2024-10-29,105768.00,105768.00,"Status: Expired. Reported savings: $0. DOGE Action Date: 3/20/2025. 104 end caps, 104 end cap sleeves",external_claim,Expired,"category_business, corporate_entity_not_tax_exempt, manufacturer_of_goods, other_than_small_business, special_designations, us_owned_business",https://www.usaspending.gov/award/CONT_AWD_80NSSC24PC367_8000_-NONE-_-NONE-/,DOGE,Expired,0.0,3/20/2025
DOGE,NE-03,Ho-Chunk Shared Services Company,80NSSC22PB703,P00003,,,2022-08-02,F,TERMINATE FOR CONVENIENCE (COMPLETE OR PARTIAL),2025-03-24,P00003,2025-03-24,,,2022-08-05,2025-03-24,period_of_performance,2023-08-04,109953.67,109703.67,Status: TERMINATED. Reported savings: $0. DOGE Action Date: 2/18/2025. Strategic analysis and support services,external_claim,TERMINATED,"8a_program_participant, american_indian_owned_business, category_business, community_development_corporations, corporate_entity_tax_exempt, historically_underutilized_business_firm, minority_owned_business, native_american_owned_business, nonprofit, self_certified_small_disadvanted_business, small_business, special_designations, tribally_owned_firm, us_owned_business",https://www.usaspending.gov/award/CONT_AWD_80NSSC22PB703_8000_-NONE-_-NONE-/,DOGE,TERMINATED,0.0,2/18/2025
USAspending Terminations,CO-02,Honeybee Robotics LLC,80GSFC23CA030,P00010,,,2022-11-22,F,TERMINATE FOR CONVENIENCE (COMPLETE OR PARTIAL),2025-09-29,P00010,2025-09-29,,,2022-11-30,2023-12-04,period_of_performance,2026-07-30,7129014.07,6679036.86,"TERMINATE FOR CONVENIENCE AGREEMENT - MARS SAMPLE RETURN (MSR) CAPTURE, CONTAINMENT AND RETURN SYSTEMS (CCRS) EARTH ENTRY SYSTEM (EES) SPIN EJECT MECHANISM (SEM) FOR SMD DIRECTORATE.",termination_action_code,Terminate-for-convenience action P00010 on 2025-09-29,"category_business, corporate_entity_not_tax_exempt, limited_liability_corporation, manufacturer_of_goods, small_business, special_designations, us_owned_business",https://www.usaspending.gov/award/CONT_AWD_80GSFC23CA030_8000_-NONE-_-NONE-/,,,,
DOGE,OH-11,Howard Wershbale & Co,80NSSC20P1795,P00008,,,2020-08-23,F,TERMINATE FOR CONVENIENCE (COMPLETE OR PARTIAL),2025-04-08,P00008,2025-04-08,,,2020-08-23,2025-04-08,period_of_performance,2020-09-30,16050.00,16100.00,"Status: TERMINATED. Reported savings: $3,950.00. DOGE Action Date: 4/14/2025. Financial statement review",external_claim,TERMINATED,"category_business, corporate_entity_not_tax_exempt, small_business, special_designations, subchapter_s_corporation, us_owned_business",https://www.usaspending.gov/award/CONT_AWD_80NSSC20P1795_8000_-NONE-_-NONE-/,DOGE,TERMINATED,3950.0,4/14/2025
DOGE,FL-01,Hx5 LLC,80GRC020F0118,P00017,,,2020-04-02,C,FUNDING ONLY ACTION,2025-07-08,,,,,2020-04-01,2026-09-30,period_of_performance,2021-03-31,2125591.44,1979945.85,"Status: FUNDING ONLY ACTION. Reported savings: $1,877,126.00. DOGE Action Date: 3/20/2025. Lpr fan test hardware support. test lpr (low pressure ratio) turbofan design take-off, landing, climb, and cruise conditions.",external_claim,FUNDING ONLY ACTION,"8a_program_participant, category_business, corporate_entity_not_tax_exempt, hispanic_american_owned_business, limited_liability_corporation, minority_owned_business, service_disabled_veteran_owned_business, small_business, special_designations, subchapter_s_corporation, us_owned_business, veteran_owned_business, woman_owned_business, women_owned_small_business",https://www.usaspending.gov/award/CONT_AWD_80GRC020F0118_8000_80GRC020D0003_8000/,DOGE,FUNDING ONLY ACTION,1877126.0,3/20/2025
DOGE,FL-01,Hx5 LLC,80GRC022F0189,P00021,,,2022-09-23,C,FUNDING ONLY ACTION,2026-05-21,,,,,2022-09-22,2026-12-31,period_of_performance,2022-12-31,873990.51,839535.46,"Status: SUPPLEMENTAL AGREEMENT FOR WORK WITHIN SCOPE. Reported savings: $806,334.00. DOGE Action Date: 3/20/2025. Prototype manufacturing of a motor for dusty & extremely cold environments (MDECE).",external_claim,SUPPLEMENTAL AGREEMENT FOR WORK WITHIN SCOPE,"8a_program_participant, category_business, corporate_entity_not_tax_exempt, hispanic_american_owned_business, limited_liability_corporation, minority_owned_business, service_disabled_veteran_owned_business, small_business, special_designations, subchapter_s_corporation, us_owned_business, veteran_owned_business, woman_owned_business, women_owned_small_business",https://www.usaspending.gov/award/CONT_AWD_80GRC022F0189_8000_80GRC020D0003_8000/,DOGE,SUPPLEMENTAL AGREEMENT FOR WORK WITHIN SCOPE,806334.0,3/20/2025
DOGE,FL-01,Hx5 LLC,80GRC020F0111,P00029,,,2020-04-01,B,SUPPLEMENTAL AGREEMENT FOR WORK WITHIN SCOPE,2026-06-11,,,,,2020-04-01,2026-12-31,period_of_performance,2020-10-31,2419150.89,1829268.11,"Status: FUNDING ONLY ACTION. Reported savings: $1,513,111.00. DOGE Action Date: 3/20/2025. Superconducting motor components & test devices.",external_claim,FUNDING ONLY ACTION,"8a_program_participant, category_business, corporate_entity_not_tax_exempt, hispanic_american_owned_business, limited_liability_corporation, minority_owned_business, service_disabled_veteran_owned_business, small_business, special_designations, subchapter_s_corporation, us_owned_business, veteran_owned_business, woman_owned_business, women_owned_small_business",https://www.usaspending.gov/award/CONT_AWD_80GRC020F0111_8000_80GRC020D0003_8000/,DOGE,FUNDING ONLY ACTION,1513111.0,3/20/2025
DOGE,FL-01,Hx5 LLC,80GRC020F0115,P00034,,,2020-04-23,B,SUPPLEMENTAL AGREEMENT FOR WORK WITHIN SCOPE,2026-06-18,,,,,2020-04-01,2027-03-31,period_of_performance,2020-09-30,2427377.54,1767154.06,"Status: FUNDING ONLY ACTION. Reported savings: $1,771,458.00. DOGE Action Date: 3/20/2025. Electric drive test support and technical communication.",external_claim,FUNDING ONLY ACTION,"8a_program_participant, category_business, corporate_entity_not_tax_exempt, hispanic_american_owned_business, limited_liability_corporation, minority_owned_business, service_disabled_veteran_owned_business, small_business, special_designations, subchapter_s_corporation, us_owned_business, veteran_owned_business, woman_owned_business, women_owned_small_business",https://www.usaspending.gov/award/CONT_AWD_80GRC020F0115_8000_80GRC020D0003_8000/,DOGE,FUNDING ONLY ACTION,1771458.0,3/20/2025
DOGE,FL-01,Hx5 LLC,80GRC021F0111,P00008,,,2021-08-11,C,FUNDING ONLY ACTION,2026-07-20,,,,,2021-07-18,2027-03-31,period_of_performance,2022-03-31,763415.65,134286.63,"Status: SUPPLEMENTAL AGREEMENT FOR WORK WITHIN SCOPE. Reported savings: $148,680.00. DOGE Action Date: 3/20/2025. Advanced seal development 4",external_claim,SUPPLEMENTAL AGREEMENT FOR WORK WITHIN SCOPE,"8a_program_participant, category_business, corporate_entity_not_tax_exempt, hispanic_american_owned_business, limited_liability_corporation, minority_owned_business, service_disabled_veteran_owned_business, small_business, special_designations, subchapter_s_corporation, us_owned_business, veteran_owned_business, woman_owned_business, women_owned_small_business",https://www.usaspending.gov/award/CONT_AWD_80GRC021F0111_8000_80GRC020D0003_8000/,DOGE,SUPPLEMENTAL AGREEMENT FOR WORK WITHIN SCOPE,148680.0,3/20/2025
DOGE,VA-11,"Hydrogeologic, Inc.",80KSC019F0128,P00010,,,2019-04-26,M,OTHER ADMINISTRATIVE ACTION,2025-04-17,,,,,2019-04-26,2025-03-18,period_of_performance,2024-01-31,151868.35,126804.17,"Status: Expired. Reported savings: $154,681.00. DOGE Action Date: 3/20/2025. Support meetings with florida department of environmental protection to review project progress and reach consensus on the path forward.",external_claim,Expired,"asian_pacific_american_owned_business, category_business, corporate_entity_not_tax_exempt, minority_owned_business, small_business, special_designations, us_owned_business",https://www.usaspending.gov/award/CONT_AWD_80KSC019F0128_8000_80KSC019D0012_8000/,DOGE,Expired,154681.0,3/20/2025
DOGE,GA-07,Ibex It Business Experts LLC,80NSSC23FA528,P00007,,,2023-06-13,F,TERMINATE FOR CONVENIENCE (COMPLETE OR PARTIAL),2025-04-23,P00007,2025-04-23,,,2023-06-01,2025-03-31,period_of_performance,2024-02-29,214134.25,214134.25,Status: TERMINATED. Reported savings: $0. DOGE Action Date: 5/1/2025. Human resources and executive search consulting services: NASA enterprise-wide human capital services,external_claim,TERMINATED,"8a_program_participant, black_american_owned_business, category_business, corporate_entity_not_tax_exempt, dot_certified_disadvantaged_business_enterprise, limited_liability_corporation, minority_owned_business, self_certified_small_disadvanted_business, small_business, special_designations, us_owned_business, woman_owned_business, women_owned_small_business",https://www.usaspending.gov/award/CONT_AWD_80NSSC23FA528_8000_80NSSC23DA001_8000/,DOGE,TERMINATED,0.0,5/1/2025
USAspending Terminations,CA-47,"Iceye Us, Inc",80HQTR23AA003,P00003,,,2023-03-15,N,LEGAL CONTRACT CANCELLATION,2025-03-11,,,,,2023-03-15,2025-03-11,idv_last_date_to_order,2028-03-14,0.00,,LEGAL CONTRACT CANCELLATION - NO LONGER REQUIRED COMMERCIAL SMALLSAT DATA ACQUISITION (CSDA) PROGRAM - EARTH SCIENCES DIVISION,legal_contract_cancellation,Legal-contract-cancellation action P00003 on 2025-03-11,"category_business, corporate_entity_not_tax_exempt, foreign_owned, foreign_owned_and_us_located_business, self_certified_small_disadvanted_business, small_business, special_designations",https://www.usaspending.gov/award/CONT_IDV_80HQTR23AA003_8000/,,,,
USAspending Terminations,VA-11,"Icf Incorporated, LLC",80HQTR21D0004,P00031,,,2021-04-14,F,TERMINATE FOR CONVENIENCE (COMPLETE OR PARTIAL),2026-03-03,P00031,2026-03-03,,,2021-05-01,2025-04-08,idv_last_date_to_order,2022-04-30,21778716.00,20058269.95,SUPPORT FOR THE UNITED STATES .GLOBAL CHANGE RESEARCH PROGRAM (USGCRP).NATIONAL COORDINATION OFFICE (NCO). T4C AGREEMENT FINALIZATION FOR EARTH SCIENCES GROUP.,termination_action_code,Terminate-for-convenience action P00031 on 2026-03-03,"category_business, limited_liability_corporation, minority_owned_business, other_minority_owned_business, other_than_small_business, special_designations, us_owned_business",https://www.usaspending.gov/award/CONT_IDV_80HQTR21D0004_8000/,,,,
USAspending Terminations,VA-11,"Icf Incorporated, LLC",80HQTR22F0076,P00010,,,2022-05-04,F,TERMINATE FOR CONVENIENCE (COMPLETE OR PARTIAL),2026-03-18,P00010,2026-03-18,,,2022-05-04,2025-04-08,period_of_performance,2022-09-30,979989.29,567157.32,SUPPORT FOR U.S.PARTICIPATION IN THEINTERGOVERNMENTALPANEL ON CLIMATECHANGE AND RELATEDINTERNATIONALASSESSMENTS,termination_action_code,Terminate-for-convenience action P00010 on 2026-03-18,"category_business, limited_liability_corporation, minority_owned_business, other_minority_owned_business, other_than_small_business, special_designations, us_owned_business",https://www.usaspending.gov/award/CONT_AWD_80HQTR22F0076_8000_80HQTR21D0004_8000/,,,,
USAspending Terminations,VA-11,"Icf Incorporated, LLC",80HQTR22F0109,P00005,,,2022-08-26,F,TERMINATE FOR CONVENIENCE (COMPLETE OR PARTIAL),2026-03-18,P00005,2026-03-18,,,2022-10-03,2025-04-08,period_of_performance,2026-04-30,879147.00,543483.20,SPECIALIZED SUPPORT SERVICES FOR A CARBON CYCLE INTERAGENCY WORKING GROUP (CCIWG) COORDINATOR TO THE U.S. GLOBAL CHANGE RESEARCH PROGRAM (USGCRP) NATIONAL COORDINATION OFFICE (NCO).,termination_action_code,Terminate-for-convenience action P00005 on 2026-03-18,"category_business, limited_liability_corporation, minority_owned_business, other_minority_owned_business, other_than_small_business, special_designations, us_owned_business",https://www.usaspending.gov/award/CONT_AWD_80HQTR22F0109_8000_80HQTR21D0004_8000/,,,,
USAspending Terminations,VA-11,"Icf Incorporated, LLC",80HQTR24F0019,P00003,,,2023-12-19,B,SUPPLEMENTAL AGREEMENT FOR WORK WITHIN SCOPE,2026-04-09,,,,,2023-12-19,2025-04-08,period_of_performance,2026-04-30,685384.00,224179.92,STOP WORK AND TERMINATION FOR CONVENIENCE NOTICE ISSUED. ENGAGEMENT SPECIALIST TO THE U.S. GLOBAL CHANGE RESEARCH PROGRAM (USGCRP) NATIONAL COORDINATION OFFICE (NCO),termination_language,Termination-language transaction P00002 on 2025-04-08,"category_business, limited_liability_corporation, minority_owned_business, other_minority_owned_business, other_than_small_business, special_designations, us_owned_business",https://www.usaspending.gov/award/CONT_AWD_80HQTR24F0019_8000_80HQTR21D0004_8000/,,,,
DOGE,VA-11,"Icf Incorporated, LLC",80HQTR24F0012,P00004,,,2023-11-16,F,TERMINATE FOR CONVENIENCE (COMPLETE OR PARTIAL),2026-04-14,P00004,2026-04-14,,,2023-11-16,2025-04-08,period_of_performance,2026-04-30,1929221.26,1052623.92,"Status: Expired. Reported savings: $1,439,420.89. DOGE Action Date: 2/18/2025. Provides technical support for the co-chairs and bureau of wgiii, cross-working group coordination. this is a NASA hq requirement.",external_claim,Expired,"category_business, limited_liability_corporation, minority_owned_business, other_minority_owned_business, other_than_small_business, special_designations, us_owned_business",https://www.usaspending.gov/award/CONT_AWD_80HQTR24F0012_8000_80HQTR21D0004_8000/,DOGE,Expired,1439420.89,2/18/2025
USAspending Terminations,VA-11,"Icf Incorporated, LLC",80HQTR24F0037,P00003,,,2024-03-18,F,TERMINATE FOR CONVENIENCE (COMPLETE OR PARTIAL),2026-04-14,P00003,2026-04-14,,,2024-03-18,2025-04-08,period_of_performance,2026-04-30,651786.00,222818.65,TO PROVIDE A SCOPE FOR SPECIALIZED SUPPORT SERVICES FOR TWO CLIMATE SERVICES PERSONNEL TO THE U.S. GLOBAL CHANGE RESEARCH PROGRAM (USGCRP) NATIONAL COORDINATION OFFICE (NCO) FOR CLIMATE SERVICES.,termination_action_code,Terminate-for-convenience action P00003 on 2026-04-14,"category_business, limited_liability_corporation, minority_owned_business, other_minority_owned_business, other_than_small_business, special_designations, us_owned_business",https://www.usaspending.gov/award/CONT_AWD_80HQTR24F0037_8000_80HQTR21D0004_8000/,,,,
USAspending Terminations,VA-11,"Icf Incorporated, LLC",80HQTR25F7019,P00002,,,2024-12-04,F,TERMINATE FOR CONVENIENCE (COMPLETE OR PARTIAL),2026-04-14,P00002,2026-04-14,,,2024-12-04,2025-04-08,period_of_performance,2026-04-30,224255.00,28622.76,"ASSIST WITH PLANNING ACTIVITIES INVOLVING A LARGE INTERNATIONAL AUTHOR TEAM COORDINATE IN-PERSON AND REMOTE MEETINGS, TRACK THE STATUS OF AUTHORS' WORK",termination_action_code,Terminate-for-convenience action P00002 on 2026-04-14,"category_business, limited_liability_corporation, minority_owned_business, other_minority_owned_business, other_than_small_business, special_designations, us_owned_business",https://www.usaspending.gov/award/CONT_AWD_80HQTR25F7019_8000_80HQTR21D0004_8000/,,,,
USAspending Terminations,VA-11,"Icf Incorporated, LLC",80HQTR23F0042,P00001,,,2023-02-16,F,TERMINATE FOR CONVENIENCE (COMPLETE OR PARTIAL),2026-04-14,P00001,2026-04-14,,,2023-02-16,2025-04-08,period_of_performance,2024-04-30,335875.00,272464.44,THIS TASK ORDER #4 IS HEREBY ISSUED TO PROVIDE SUPPORT FOR U.S. PARTICIPATION IN AN ALL-HANDS MEETING FOR THE 5TH NATIONAL CLIMATE ASSESSMENT IN ACCORDANCE THE ATTACHED STATEMENT OF WORK,termination_action_code,Terminate-for-convenience action P00001 on 2026-04-14,"category_business, limited_liability_corporation, minority_owned_business, other_minority_owned_business, other_than_small_business, special_designations, us_owned_business",https://www.usaspending.gov/award/CONT_AWD_80HQTR23F0042_8000_80HQTR21D0004_8000/,,,,
NASA Procurement Data View,FL-09,"Imec USA Nanoelectronics Design Center, Inc",80NSSC19K1666,P00003,A,NEW,2019-09-27,D,ADJUSTMENT TO COMPLETED PROJECT,2025-08-05,,,P00003,2025-08-05,2019-09-03,,,2025-09-02,35780.47,0.00,"TERMINATION FOR CONVENIENCE AGREEMENT - RODENT HINDLIMB SUSPENSION, RODENT CSF, AND DIRECT ICP & BIOMARKERS - SUPPORT FOR SOMD DIRECTORATE",description_keyword,,"category_business, corporate_entity_tax_exempt, nonprofit",https://www.usaspending.gov/award/ASST_NON_80NSSC19K1666_080/,,,,
DOGE,VA-11,Immixtechnology Inc,80NSSC24FA260,0,,,2024-02-05,,,2024-02-05,,,,,2024-03-01,2025-02-28,period_of_performance,2025-02-28,38454.11,38454.11,"Status: Expired. Reported savings: $38,454.00. DOGE Action Date: 3/20/2025. This order is for digimat software and support maintenance.",external_claim,Expired,"category_business, corporate_entity_not_tax_exempt, other_than_small_business, special_designations, us_owned_business",https://www.usaspending.gov/award/CONT_AWD_80NSSC24FA260_8000_NNG15SC39B_8000/,DOGE,Expired,38454.0,3/20/2025
USAspending Terminations,NY-17,International Business Machines Corporation,80NSSC26M0008,P00002,A,NEW,2026-02-02,B,CONTINUATION,2026-03-30,,,P00001,2026-03-24,2025-07-01,2028-03-31,period_of_performance,2027-06-30,2000000.00,0.00,ACCELERATING DISCOVERY THROUGH TRANSFORMATIVE AI ARCHITECTURES,obligation_clawback,"Pure-clawback deobligation P00001 on 2026-03-24 (50% of $4,000,000)","category_business, corporate_entity_not_tax_exempt, other_than_small_business",https://www.usaspending.gov/award/ASST_NON_80NSSC26M0008_080/,,,,
USAspending Terminations,CA-34,Jones and Company Professional Corporation,80NSSC23AA019,P00001,,,2023-06-30,F,TERMINATE FOR CONVENIENCE (COMPLETE OR PARTIAL),2025-03-18,P00001,2025-03-18,,,2023-10-01,2025-03-18,idv_last_date_to_order,2028-09-30,0.00,,TERMINATION FOR CONVENIENCE AGREEMENT - AUDIT SERVICES,termination_action_code,Terminate-for-convenience action P00001 on 2025-03-18,"8a_program_participant, black_american_owned_business, category_business, corporate_entity_not_tax_exempt, dot_certified_disadvantaged_business_enterprise, minority_owned_business, self_certified_small_disadvanted_business, small_business, small_disadvantaged_business, special_designations, us_owned_business, woman_owned_business, women_owned_small_business",https://www.usaspending.gov/award/CONT_IDV_80NSSC23AA019_8000/,,,,
USAspending Terminations,FL-03,"Jones, Edmunds & Associates, Inc.",80KSC020D0018,P00009,,,2020-09-25,F,TERMINATE FOR CONVENIENCE (COMPLETE OR PARTIAL),2025-04-08,P00009,2025-04-08,,,2020-09-25,2025-04-08,idv_last_date_to_order,2025-09-24,0.00,,"TERMINATION FOR CONVENIENCE (COMPLETE) - PROFESSIONAL CIVIL DESIGN SERVICES AT KENNEDY SPACE CENTER (KSC), AND VARIOUS NASA LOCATIONS, ASSETS, LAUNCH OR LANDING SITES WORLDWIDE.",termination_action_code,Terminate-for-convenience action P00009 on 2025-04-08,"category_business, corporate_entity_not_tax_exempt, other_than_small_business, special_designations, subchapter_s_corporation, us_owned_business",https://www.usaspending.gov/award/CONT_IDV_80KSC020D0018_8000/,,,,
USAspending Terminations,MI-12,KCS Prototype and Design LLC,80GRC022AA014,P00003,,,2022-08-18,F,TERMINATE FOR CONVENIENCE (COMPLETE OR PARTIAL),2025-04-15,P00003,2025-04-15,,,2022-08-22,2025-04-15,idv_last_date_to_order,2027-05-31,0.00,,"TERMINATION FOR CONVENIENCE - NASA GLENN RESEARCH CENTER BLANKET PURCHASE AGREEMENT. EACH ORDER MAY INCLUDE, BUT IS NOT LIMITED TO, MACHINING, FABRICATION, WELDING/METAL JOINING, INSTRUMENTATION, INSPECTION AND NON-DESTRUCTIVE TESTING (NDT).",termination_action_code,Terminate-for-convenience action P00003 on 2025-04-15,"category_business, corporate_entity_not_tax_exempt, manufacturer_of_goods, self_certified_small_disadvanted_business, small_business, special_designations, subchapter_s_corporation, us_owned_business",https://www.usaspending.gov/award/CONT_IDV_80GRC022AA014_8000/,,,,
DOGE,VA-11,KPMG LLP,80NSSC24PC269,P00002,,,2024-09-03,C,FUNDING ONLY ACTION,2025-06-10,P00001,2025-03-24,,,2024-09-03,2025-03-24,period_of_performance,2025-09-02,96000.00,96000.00,"Status: TERMINATED. Reported savings: $0. DOGE Action Date: 2/18/2025. Training immersion to provide direct experience and exposure for NASA leaders to for-profit industry organizations in support of the agency’s public private talent program pilot program and in association with the leadership development program, NASA aspire, learning objectives.  more specifically understanding how the business drives efficiency in decision making, leads technology innovation / artificial intelligence / data ecosystems, and their investment strategy.",external_claim,TERMINATED,"category_business, other_than_small_business, partnership_or_limited_liability_partnership, special_designations, us_owned_business",https://www.usaspending.gov/award/CONT_AWD_80NSSC24PC269_8000_-NONE-_-NONE-/,DOGE,TERMINATED,0.0,2/18/2025
USAspending Terminations,IN-02,"Kessington, LLC",80GRC022AA024,P00002,,,2022-08-18,F,TERMINATE FOR CONVENIENCE (COMPLETE OR PARTIAL),2025-04-15,P00002,2025-04-15,,,2022-08-22,2025-04-15,idv_last_date_to_order,2027-05-31,0.00,,"TERMINATION FOR CONVENIENCE - NASA GLENN RESEARCH CENTER BLANKET PURCHASE AGREEMENT. EACH ORDER MAY INCLUDE, BUT IS NOT LIMITED TO, MACHINING, FABRICATION, WELDING/METAL JOINING, INSTRUMENTATION, INSPECTION AND NON-DESTRUCTIVE TESTING (NDT).",termination_action_code,Terminate-for-convenience action P00002 on 2025-04-15,"category_business, corporate_entity_not_tax_exempt, limited_liability_corporation, manufacturer_of_goods, small_business, special_designations, us_owned_business",https://www.usaspending.gov/award/CONT_IDV_80GRC022AA024_8000/,,,,
DOGE,CO-05,Keysight Technologies Inc,80NSSC24PA923,P00001,,,2024-04-23,F,TERMINATE FOR CONVENIENCE (COMPLETE OR PARTIAL),2025-03-17,P00001,2025-03-17,,,2024-06-14,2025-03-17,period_of_performance,2025-06-13,10152.96,10152.96,"Status: TERMINATED. Reported savings: $10,153.00. DOGE Action Date: 3/20/2025. This order is for ads software and support maintenance.",external_claim,TERMINATED,"category_business, corporate_entity_not_tax_exempt, manufacturer_of_goods, other_than_small_business, special_designations, us_owned_business",https://www.usaspending.gov/award/CONT_AWD_80NSSC24PA923_8000_-NONE-_-NONE-/,DOGE,TERMINATED,10153.0,3/20/2025
DOGE,CO-05,Keysight Technologies Inc,80NSSC24PA753,P00001,,,2024-03-28,F,TERMINATE FOR CONVENIENCE (COMPLETE OR PARTIAL),2025-03-19,P00001,2025-03-19,,,2024-04-15,2025-03-19,period_of_performance,2025-04-14,33662.52,33662.52,"Status: TERMINATED. Reported savings: $33,663.00. DOGE Action Date: 3/20/2025. This order is for genesys and support maintenance.",external_claim,TERMINATED,"category_business, corporate_entity_not_tax_exempt, manufacturer_of_goods, other_than_small_business, special_designations, us_owned_business",https://www.usaspending.gov/award/CONT_AWD_80NSSC24PA753_8000_-NONE-_-NONE-/,DOGE,TERMINATED,33663.0,3/20/2025
DOGE,PA-04,Kutztown University of Pennsylvania,80NSSC25K7045,P00002,A,NEW,2024-11-06,B,CONTINUATION,2025-03-21,,,,,2024-10-07,2025-03-21,period_of_performance,2029-10-06,74992.00,8674.57,"DOGE Action Date: 3/21/2025. Reported savings: $299,968.00. Here to observe + here to storytell experiences for undergraduate students, planetary sciences division",external_claim,,"educational_institution, government, higher_education, national_government, public_institution_of_higher_education, regional_and_state_government",https://www.usaspending.gov/award/ASST_NON_80NSSC25K7045_080/,DOGE,,299968.0,3/21/2025
DOGE,VA-11,"Leidos, Inc.",80NSSC24PC405,P00001,,,2024-09-19,M,OTHER ADMINISTRATIVE ACTION,2024-09-25,,,,,2024-09-01,2024-09-25,period_of_performance,2025-08-31,0.00,0.00,Status: Expired. Reported savings: $0. DOGE Action Date: 3/20/2025. Fy24 verint annual maintenance & support coverage standard plan,external_claim,Expired,"category_business, corporate_entity_not_tax_exempt, manufacturer_of_goods, other_than_small_business, special_designations, us_owned_business",https://www.usaspending.gov/award/CONT_AWD_80NSSC24PC405_8000_-NONE-_-NONE-/,DOGE,Expired,0.0,3/20/2025
USAspending Terminations,IN-07,Linde Advanced Material Technologies Inc.,80NSSC25PB270,P00001,,,2025-06-24,F,TERMINATE FOR CONVENIENCE (COMPLETE OR PARTIAL),2026-05-22,P00001,2026-05-22,,,2025-06-24,2025-07-01,period_of_performance,2025-07-01,0.00,0.00,"ALLOY Z, CHEM/SIZING POWDER",termination_action_code,Terminate-for-convenience action P00001 on 2026-05-22,"category_business, corporate_entity_not_tax_exempt, foreign_owned, foreign_owned_and_us_located_business, manufacturer_of_goods, other_than_small_business, special_designations",https://www.usaspending.gov/award/CONT_AWD_80NSSC25PB270_8000_-NONE-_-NONE-/,,,,
DOGE,VA-11,"Lmi Consulting, LLC",80NSSC24PA660,P00002,,,2024-03-07,F,TERMINATE FOR CONVENIENCE (COMPLETE OR PARTIAL),2025-04-16,P00002,2025-04-16,,,2024-03-07,2025-03-31,period_of_performance,2025-03-31,42878.06,42878.06,Status: TERMINATED. Reported savings: $0. DOGE Action Date: 5/6/2025. Bridge program retreat,external_claim,TERMINATED,"category_business, corporate_entity_not_tax_exempt, limited_liability_corporation, other_than_small_business, special_designations, us_owned_business",https://www.usaspending.gov/award/CONT_AWD_80NSSC24PA660_8000_-NONE-_-NONE-/,DOGE,TERMINATED,0.0,5/6/2025
USAspending Terminations,CO-07,Lockheed Martin Corp,80MSFC22CA005,P00032,,,2022-03-01,F,TERMINATE FOR CONVENIENCE (COMPLETE OR PARTIAL),2025-09-30,P00032,2025-09-30,,,2022-03-01,2025-09-30,period_of_performance,2028-07-31,103080002.51,96355083.30,MARS ASCENT VEHICLE INTEGRATED SYSTEM (MAVIS),termination_action_code,Terminate-for-convenience action P00032 on 2025-09-30,"category_business, corporate_entity_not_tax_exempt, manufacturer_of_goods, other_than_small_business, special_designations, us_owned_business",https://www.usaspending.gov/award/CONT_AWD_80MSFC22CA005_8000_-NONE-_-NONE-/,,,,
NASA Procurement Data View,CO-07,Lockheed Martin Corp,80MSFC21CA001,P00019,,,2021-08-19,F,TERMINATE FOR CONVENIENCE (COMPLETE OR PARTIAL),2026-04-03,P00019,2026-04-03,,,2021-08-06,2026-04-03,period_of_performance,2024-11-16,69721101.00,69721101.00,"TIPPING POINT CRYOGENIC DEMONSTRATION MISSION (CDM)ESTABLISH THE FINAL SETTLEMENT BETWEEN THE GOVERNMENT AND CONTRACTOR RESULTING FROM THE TERMINATION FOR CONVENIENCE OF CONTRACT NO. 80MSFC21CA001 ISSUED ON AUGUST 8, 2024.",description_keyword,,"category_business, corporate_entity_not_tax_exempt, manufacturer_of_goods, other_than_small_business, special_designations, us_owned_business",https://www.usaspending.gov/award/CONT_AWD_80MSFC21CA001_8000_-NONE-_-NONE-/,,,,
USAspending Terminations,CA-16,Lockheed Martin Corporation,NNG09FA40C,118,,,2009-09-30,C,FUNDING ONLY ACTION,2026-08-05,117,2026-08-03,,,2009-10-01,2027-09-30,period_of_performance,2010-04-30,194065277.28,35847593.80,"THE PURPOSE OF THIS MODIFICATION IS TO FINALIZE THE PARTIAL TERMINATION SETTLEMENT AND REDUCE THE CONTRACT VALUE ACCORDINGLY.   THE INTERFACE REGION IMAGING SPECTROGRAPH (IRIS) IS A NASA SMALL EXPLORER MISSION THAT OBSERVES THE SUN'S CHROMOSPHERE AND TRANSITION REGION, ALSO KNOWN AS THE INTERFACE REGION. IRIS IS DESIGNED TO STUDY HOW ENERGY AND PLASMA MOVE WITHIN THIS REGION, WHICH HELPS US UNDERSTAND HOW THE SUN'S CORONA IS HEATED AND HOW SOLAR ACTIVITY IMPACTS EARTH'S SPACE ENVIRONMENT. THIS MISSION FILLS A CRUCIAL GAP IN OUR ABILITY TO ADVANCE SUN-EARTH CONNECTION STUDIES BY TRACING THE FLOW OF ENERGY AND PLASMA INTO THE CORONA AND HELIOSPHERE FOR WHICH NO SUITABLE OBSERVATIONS EXIST.",termination_action_code,Terminate-for-convenience action 117 on 2026-08-03,"category_business, corporate_entity_not_tax_exempt, manufacturer_of_goods, other_than_small_business, special_designations, us_owned_business",https://www.usaspending.gov/award/CONT_AWD_NNG09FA40C_8000_-NONE-_-NONE-/,,,,
USAspending Terminations,LA-06,Louisiana State University,80NSSC24K1472,P00004,A,NEW,2024-09-06,D,ADJUSTMENT TO COMPLETED PROJECT,2026-07-15,,,P00004,2026-07-15,2024-08-01,2026-01-31,period_of_performance,2026-01-31,48606.43,48606.43,23-ASTRO23-0088  IDENTIFYING A POPULATION OF MAGNETAR GIANT FLARES,obligation_clawback,"Pure-clawback deobligation P00003 on 2025-09-13 (40% of $80,816)","educational_institution, government, higher_education, national_government, public_institution_of_higher_education, regional_and_state_government, school_of_forestry, veterinary_college",https://www.usaspending.gov/award/ASST_NON_80NSSC24K1472_080/,,,,
USAspending Terminations,IN-09,"MSP Aviation, Inc.",80GRC022AA017,P00003,,,2022-08-18,F,TERMINATE FOR CONVENIENCE (COMPLETE OR PARTIAL),2025-04-15,P00003,2025-04-15,,,2022-08-22,2025-04-15,idv_last_date_to_order,2027-05-31,0.00,,"TERMINATION FOR CONVENIENCE - NASA GLENN RESEARCH CENTER BLANKET PURCHASE AGREEMENT. EACH ORDER MAY INCLUDE, BUT IS NOT LIMITED TO, MACHINING, FABRICATION, WELDING/METAL JOINING, INSTRUMENTATION, INSPECTION AND NON-DESTRUCTIVE TESTING (NDT).",termination_action_code,Terminate-for-convenience action P00003 on 2025-04-15,"category_business, corporate_entity_not_tax_exempt, manufacturer_of_goods, small_business, special_designations, subchapter_s_corporation, us_owned_business",https://www.usaspending.gov/award/CONT_IDV_80GRC022AA017_8000/,,,,
NASA Procurement Data View,CA-51,"Malin Space Science Systems, Inc",80GSFC23PA006,P00003,,,2023-01-12,F,TERMINATE FOR CONVENIENCE (COMPLETE OR PARTIAL),2025-06-18,P00003,2025-06-18,,,2023-01-17,2024-01-11,period_of_performance,2024-10-16,862225.00,862225.00,"TERMINATION FOR CONVENIENCE AGREEMENT - MARS SAMPLE RETURN CAMPAIGN CAPTURE, CONTAINMENT, AND RETURN SAMPLE (CCRS) CAMERA",description_keyword,,"category_business, corporate_entity_not_tax_exempt, manufacturer_of_goods, small_business, special_designations, us_owned_business",https://www.usaspending.gov/award/CONT_AWD_80GSFC23PA006_8000_-NONE-_-NONE-/,,,,
USAspending Terminations,MA-07,Massachusetts Institute of Technology,80NSSC23K1269,P00001,A,NEW,2023-07-28,D,ADJUSTMENT TO COMPLETED PROJECT,2025-02-11,,,P00001,2025-02-11,2023-08-15,2025-02-12,period_of_performance,2026-08-14,0.00,0.00,22-SSW22-0043  TESTING THE GIANT IMPACT ORIGIN OF THE MARS HEMISPHERIC DICHOTOMY: NOVEL MODELS OF IMPACT DYNAMICS AND POST-IMPACT CRUSTAL FLOW,obligation_clawback,"Pure-clawback deobligation P00001 on 2025-02-11 (100% of $86,135)","category_business, corporate_entity_tax_exempt, educational_institution, higher_education, nonprofit, private_institution_of_higher_education, public_institution_of_higher_education",https://www.usaspending.gov/award/ASST_NON_80NSSC23K1269_080/,,,,
DOGE,MA-07,Massachusetts Institute of Technology,80NSSC22K1673,P00003,A,NEW,2022-08-19,B,CONTINUATION,2025-03-21,,,,,2022-09-01,2025-03-21,period_of_performance,2024-08-31,250000.00,250000.00,DOGE Action Date: 3/21/2025. Reported savings: $0.  applying the evdt integrated modeling framework for environmental justice applications - termination for convenience - earth science applications: equity and environmental justice support for science mission directorate (SMD/ESD) ,external_claim,,"category_business, corporate_entity_tax_exempt, educational_institution, higher_education, nonprofit, private_institution_of_higher_education, public_institution_of_higher_education",https://www.usaspending.gov/award/ASST_NON_80NSSC22K1673_080/,DOGE,,0.0,3/21/2025
USAspending Terminations,DC-98,"McKinsey & Company, Inc. Washington D.C.",80NSSC24AA013,P00004,,,2024-01-30,F,TERMINATE FOR CONVENIENCE (COMPLETE OR PARTIAL),2025-03-13,P00004,2025-03-13,,,2024-01-29,2025-03-12,idv_last_date_to_order,2029-07-15,0.00,,TERMINATION FOR CONVENIENCE AGREEMENT - CHANGE MANAGEMENT SUPPORT SERVICE BPA'S FOR NASA ADMINISTRATIVE SUITE.,termination_action_code,Terminate-for-convenience action P00004 on 2025-03-13,"category_business, corporate_entity_not_tax_exempt, other_than_small_business, special_designations, us_owned_business",https://www.usaspending.gov/award/CONT_IDV_80NSSC24AA013_8000/,,,,
DOGE,IL-07,"Messe Dusseldorf North America, Inc.",80NSSC25PA641,P00002,,,2025-02-27,C,FUNDING ONLY ACTION,2025-06-17,P00001,2025-04-08,,,2025-05-19,2025-05-22,period_of_performance,2025-05-22,0.00,0.00,Status: TERMINATED. Reported savings: $0. DOGE Action Date: 5/6/2025. Booth space for NASA at association for unmanned/uncrewed vehicle systems international 2025,external_claim,TERMINATED,"category_business, corporate_entity_not_tax_exempt, foreign_owned, foreign_owned_and_us_located_business, other_than_small_business, special_designations",https://www.usaspending.gov/award/CONT_AWD_80NSSC25PA641_8000_-NONE-_-NONE-/,DOGE,TERMINATED,0.0,5/6/2025
USAspending Terminations,MN-05,Minco Products Inc,80NSSC26P0347,P00001,,,2026-03-19,F,TERMINATE FOR CONVENIENCE (COMPLETE OR PARTIAL),2026-05-28,P00001,2026-05-28,,,2026-03-19,2026-04-23,period_of_performance,2026-04-23,0.00,0.00,PURCHASE OF CUSTOMIZED HEATERS,termination_action_code,Terminate-for-convenience action P00001 on 2026-05-28,"category_business, corporate_entity_not_tax_exempt, manufacturer_of_goods, small_business, special_designations, us_owned_business",https://www.usaspending.gov/award/CONT_AWD_80NSSC26P0347_8000_-NONE-_-NONE-/,,,,
DOGE,MA-03,"National Quality Assurance - U.S.A., Inc.",80NSSC25FA315,P00001,,,2025-03-28,F,TERMINATE FOR CONVENIENCE (COMPLETE OR PARTIAL),2025-05-05,P00001,2025-05-05,,,2025-05-05,2025-05-08,period_of_performance,2025-05-08,0.00,0.00,"Status: TERMINATED. Reported savings: $28,832.00. DOGE Action Date: 6/30/2025. Administrative management and general management consulting services: as9100 audit at armstrong flight research center, national aeronautics and space administration",external_claim,TERMINATED,"category_business, corporate_entity_not_tax_exempt, foreign_owned, other_than_small_business, special_designations, us_owned_business",https://www.usaspending.gov/award/CONT_AWD_80NSSC25FA315_8000_80NSSC24AA005_8000/,DOGE,TERMINATED,28832.0,6/30/2025
DOGE,VA-08,"National Society of Black Physicists, Inc.",80NSSC24K0944,P00001,A,NEW,2024-06-20,B,CONTINUATION,2025-03-21,,,,,2024-04-01,2025-03-21,period_of_performance,2027-03-31,99751.00,99751.00,"DOGE Action Date: 3/21/2025. Reported savings: $199,502.00. National society of black physicists/national society of hispanic physicists student leadership development summit",external_claim,,"category_business, corporate_entity_tax_exempt, nonprofit",https://www.usaspending.gov/award/ASST_NON_80NSSC24K0944_080/,DOGE,,199502.0,3/21/2025
DOGE,DC-98,"National Society of Black Physicists, Inc.",80NSSC24K1845,P00004,A,NEW,2024-09-12,D,ADJUSTMENT TO COMPLETED PROJECT,2026-03-20,,,P00004,2026-03-20,2024-10-15,2025-03-21,period_of_performance,2027-10-14,299960.00,299960.00,"DOGE Action Date: 3/21/2025. Reported savings: $241,961.00. National society of black physicists/national society of hispanic physicists joint annual conferences 2024-26",external_claim,,"category_business, corporate_entity_tax_exempt, nonprofit",https://www.usaspending.gov/award/ASST_NON_80NSSC24K1845_080/,DOGE,,241961.0,3/21/2025
DOGE,NY-13,Natural Areas Conservancy Inc,80NSSC24K0520,P00002,A,NEW,2024-06-28,D,ADJUSTMENT TO COMPLETED PROJECT,2025-08-15,,,P00002,2025-08-15,2024-04-01,2025-03-21,period_of_performance,2027-03-31,315207.82,315207.82,DOGE Action Date: 3/21/2025. Reported savings: $0.  assessing access to nature and their benefits in ej communities across US cities - interdisciplinary research in earth sciences for support for science mission directorate (SMD/ESD) ,external_claim,,"category_business, corporate_entity_tax_exempt, nonprofit",https://www.usaspending.gov/award/ASST_NON_80NSSC24K0520_080/,DOGE,,0.0,3/21/2025
NASA Procurement Data View,MD-04,Newton LLC,80GSFC22CA021,P00015,,,2022-03-07,F,TERMINATE FOR CONVENIENCE (COMPLETE OR PARTIAL),2025-06-17,P00015,2025-06-17,,,2022-03-07,2024-01-02,period_of_performance,2024-07-24,4459975.78,4459975.78,"TERMINATION FOR CONVENIENCE AGREEMENT - CAPTURE, CONTAINMENT RETURN SYSTEM (CCRS) CAPTURE LID MECHANISM (CLM)",description_keyword,,"8a_program_participant, category_business, corporate_entity_not_tax_exempt, hispanic_american_owned_business, limited_liability_corporation, manufacturer_of_goods, minority_owned_business, self_certified_small_disadvanted_business, small_business, special_designations, us_owned_business",https://www.usaspending.gov/award/CONT_AWD_80GSFC22CA021_8000_-NONE-_-NONE-/,,,,
DOGE,CA-47,"Noreas, Inc.",80KSC020F0077,P00008,,,2020-07-13,M,OTHER ADMINISTRATIVE ACTION,2025-04-22,,,,,2020-08-01,2025-07-31,period_of_performance,2021-07-31,2594431.77,2594431.77,"Status: Expired. Reported savings: $2,643,830.00. DOGE Action Date: 3/20/2025. Environmental consulting services",external_claim,Expired,"category_business, corporate_entity_not_tax_exempt, self_certified_small_disadvanted_business, small_business, special_designations, subchapter_s_corporation, us_owned_business",https://www.usaspending.gov/award/CONT_AWD_80KSC020F0077_8000_GS00F373GA_4732/,DOGE,Expired,2643830.0,3/20/2025
USAspending Terminations,VA-03,North Wind Systems LLC,80GRC022AA023,P00002,,,2022-08-18,F,TERMINATE FOR CONVENIENCE (COMPLETE OR PARTIAL),2025-04-15,P00002,2025-04-15,,,2022-08-22,2025-04-15,idv_last_date_to_order,2027-05-31,0.00,,"TERMINATION FOR CONVENIENCE - NASA GLENN RESEARCH CENTER BLANKET PURCHASE AGREEMENT. EACH ORDER MAY INCLUDE, BUT IS NOT LIMITED TO, MACHINING, FABRICATION, WELDING/METAL JOINING, INSTRUMENTATION, INSPECTION AND NON-DESTRUCTIVE TESTING (NDT).",termination_action_code,Terminate-for-convenience action P00002 on 2025-04-15,"category_business, corporate_entity_not_tax_exempt, limited_liability_corporation, manufacturer_of_goods, other_than_small_business, special_designations, us_owned_business",https://www.usaspending.gov/award/CONT_IDV_80GRC022AA023_8000/,,,,
USAspending Terminations,MD-01,Northrop Grumman Systems Corporation,80MSFC21C0010,P00043,,,2021-03-04,C,FUNDING ONLY ACTION,2026-07-14,P00042,2025-09-30,,,2021-03-04,2025-09-30,period_of_performance,2026-03-03,80635452.00,79087279.25,MARS ASCENT PROPULSION SYSTEM (MAPS),termination_action_code,Terminate-for-convenience action P00042 on 2025-09-30,"category_business, corporate_entity_not_tax_exempt, manufacturer_of_goods, other_than_small_business, special_designations, us_owned_business",https://www.usaspending.gov/award/CONT_AWD_80MSFC21C0010_8000_-NONE-_-NONE-/,,,,
DOGE,CO-06,Nuburu Inc.,80NSSC24CA161,P00002,,,2024-08-08,E,TERMINATE FOR DEFAULT (COMPLETE OR PARTIAL),2025-03-11,P00002,2025-03-11,,,2024-08-08,2025-03-05,period_of_performance,2026-08-07,849989.00,0.00,Status: TERMINATED. Reported savings: $0. DOGE Action Date: 4/4/2025. Sbir phase ii - blue-plume - blue laser planetary and lunar management of electrical power,external_claim,TERMINATED,"category_business, corporate_entity_not_tax_exempt, manufacturer_of_goods, small_business, special_designations, us_owned_business",https://www.usaspending.gov/award/CONT_AWD_80NSSC24CA161_8000_-NONE-_-NONE-/,DOGE,TERMINATED,0.0,4/4/2025
DOGE,OH-07,Ohio Aerospace Institute,80NSSC24K0114,P00003,A,NEW,2023-11-16,D,ADJUSTMENT TO COMPLETED PROJECT,2026-03-20,,,P00003,2026-03-20,2023-10-18,2025-03-21,period_of_performance,2028-10-17,94143.09,94143.09,"DOGE Action Date: 3/21/2025. Reported savings: $218,736.00. Here to observe student engagement program: ohio and puerto rico space grant consortiums",external_claim,,"category_business, corporate_entity_tax_exempt, nonprofit",https://www.usaspending.gov/award/ASST_NON_80NSSC24K0114_080/,DOGE,,218736.0,3/21/2025
DOGE,OK-03,Oklahoma State University,80NSSC21M0005,P00008,A,NEW,2020-12-01,D,ADJUSTMENT TO COMPLETED PROJECT,2025-07-22,,,P00008,2025-07-22,2021-01-01,2025-03-21,period_of_performance,2025-12-31,2141868.19,2141868.19,Status: TERMINATED. Reported savings: $0. DOGE Action Date: 3/24/2025. The primary objective of the  native earth | native sky  (NENS) program is to build culturally-relevant earth-sky stem programming for middle schoolers in three oklahoma native american nations that will increase the students  understanding of - termination for convenience agreement  - science activation program integration/ science engagement & partnerships division for support for science mission directorate (SMD),external_claim,TERMINATED,"category_business, educational_institution, higher_education, minority_owned_business, nonprofit, other_minority_owned_business, other_than_small_business, public_institution_of_higher_education, veterinary_college",https://www.usaspending.gov/award/ASST_NON_80NSSC21M0005_080/,DOGE,TERMINATED,0.0,3/24/2025
DOGE,VA-11,"Overlook Systems Technologies, Inc.",80HQTR21F0124,P00022,,,2021-04-20,M,OTHER ADMINISTRATIVE ACTION,2025-03-17,,,,,2021-05-01,2025-02-13,period_of_performance,2022-04-30,2472244.00,2471451.42,"Status: Expired. Reported savings: $4,390,932.00. DOGE Action Date: 3/20/2025. Provide contractor subject matter expertise in the
  areas of u.s. and international space policy as well as pnt policy, technology, engineering, and
  related applications",external_claim,Expired,"category_business, corporate_entity_not_tax_exempt, small_business, special_designations, subchapter_s_corporation, us_owned_business",https://www.usaspending.gov/award/CONT_AWD_80HQTR21F0124_8000_GS10F0100T_4730/,DOGE,Expired,4390932.0,3/20/2025
DOGE,OR-01,Pacific Research & Evaluation LLC,80NSSC23PB368,P00001,,,2023-09-22,F,TERMINATE FOR CONVENIENCE (COMPLETE OR PARTIAL),2025-03-06,P00001,2025-03-06,,,2023-09-01,2025-03-06,period_of_performance,2025-12-31,183337.00,119413.50,Status: TERMINATED. Reported savings: $0. DOGE Action Date: 5/1/2025. Audience evaluation of engagement content and materials,external_claim,TERMINATED,"category_business, limited_liability_corporation, partnership_or_limited_liability_partnership, small_business",https://www.usaspending.gov/award/CONT_AWD_80NSSC23PB368_8000_-NONE-_-NONE-/,DOGE,TERMINATED,0.0,5/1/2025
DOGE,DC-98,Partnership for Public Service Inc,80NSSC24PC394,P00001,,,2024-09-12,F,TERMINATE FOR CONVENIENCE (COMPLETE OR PARTIAL),2025-03-11,P00001,2025-03-11,,,2024-10-01,2025-03-11,period_of_performance,2025-09-30,28750.00,28750.00,Status: TERMINATED. Reported savings: $0. DOGE Action Date: 2/28/2025. Partnership for public service. membership in the federal human capital collaborative,external_claim,TERMINATED,"category_business, corporate_entity_tax_exempt, nonprofit, other_than_small_business, special_designations, us_owned_business",https://www.usaspending.gov/award/CONT_AWD_80NSSC24PC394_8000_-NONE-_-NONE-/,DOGE,TERMINATED,0.0,2/28/2025
USAspending Terminations,CA-28,Pasadena Area Community College District,80NSSC24K0890,P00003,A,NEW,2024-08-06,B,CONTINUATION,2026-05-13,,,P00002,2025-06-10,2024-04-08,2027-04-07,period_of_performance,2027-04-07,252523.00,0.00,19-DISC19-0006  VERITAS STUDENT OPPORTUNITIES IN ACADEMICS AND RESEARCH (SOAR),obligation_clawback,"Pure-clawback deobligation P00002 on 2025-06-10 (42% of $436,749)","educational_institution, government, higher_education, local_government, minority_owned_business, minority_serving_institution_of_higher_education, nonprofit, other_minority_owned_business, public_institution_of_higher_education",https://www.usaspending.gov/award/ASST_NON_80NSSC24K0890_080/,,,,
DOGE,VA-08,"Politico, LLC",80NSSC24PA609,P00001,,,2024-02-28,F,TERMINATE FOR CONVENIENCE (COMPLETE OR PARTIAL),2025-02-18,P00001,2025-02-18,,,2024-03-11,2025-02-18,period_of_performance,2025-03-10,10600.00,10600.00,Status: TERMINATED. Reported savings: $0. DOGE Action Date: 2/13/2025. Politico pro agreement for ocfo,external_claim,TERMINATED,"category_business, partnership_or_limited_liability_partnership, small_business, special_designations, us_owned_business",https://www.usaspending.gov/award/CONT_AWD_80NSSC24PA609_8000_-NONE-_-NONE-/,DOGE,TERMINATED,0.0,2/13/2025
DOGE,VA-08,"Politico, LLC",80NSSC24PA723,P00001,,,2024-03-22,F,TERMINATE FOR CONVENIENCE (COMPLETE OR PARTIAL),2025-02-18,P00001,2025-02-18,,,2024-05-03,2025-02-18,period_of_performance,2026-05-02,202600.00,202600.00,Status: TERMINATED. Reported savings: $0. DOGE Action Date: 3/19/2025. Renewal for politico pro service for olia,external_claim,TERMINATED,"category_business, partnership_or_limited_liability_partnership, small_business, special_designations, us_owned_business",https://www.usaspending.gov/award/CONT_AWD_80NSSC24PA723_8000_-NONE-_-NONE-/,DOGE,TERMINATED,0.0,3/19/2025
USAspending Terminations,FL-08,"Precision Fabricating & Cleaning Company, Inc.",80GRC022AA018,P00003,M,OTHER ADMINISTRATIVE ACTION,2022-08-18,F,TERMINATE FOR CONVENIENCE (COMPLETE OR PARTIAL),2025-04-15,P00003,2025-04-15,,,2022-08-22,2025-04-15,idv_last_date_to_order,2027-05-31,0.00,,"TERMINATION FOR CONVENIENCE - NASA GLENN RESEARCH CENTER BLANKET PURCHASE AGREEMENT. EACH ORDER MAY INCLUDE, BUT IS NOT LIMITED TO, MACHINING, FABRICATION, WELDING/METAL JOINING, INSTRUMENTATION, INSPECTION AND NON-DESTRUCTIVE TESTING (NDT).",termination_action_code,Terminate-for-convenience action P00003 on 2025-04-15,"category_business, corporate_entity_not_tax_exempt, manufacturer_of_goods, small_business, special_designations, subchapter_s_corporation, us_owned_business",https://www.usaspending.gov/award/CONT_IDV_80GRC022AA018_8000/,,,,
NASA Procurement Data View,MA-05,President and Fellows of Harvard College,80NSSC24M0193,P00004,A,NEW,2024-09-16,D,ADJUSTMENT TO COMPLETED PROJECT,2025-08-12,,,P00004,2025-08-12,2024-08-01,2025-05-09,period_of_performance,2025-07-31,19299.47,19299.47,TERMINATION FOR CONVENIENCE AGREEMENT - NASA OPEN INNOVATION RESEARCH -SUPPORT FOR STMD DIRECTORATE,description_keyword,,"category_business, corporate_entity_tax_exempt, educational_institution, higher_education, nonprofit, private_institution_of_higher_education",https://www.usaspending.gov/award/ASST_NON_80NSSC24M0193_080/,,,,
NASA Procurement Data View,MA-05,President and Fellows of Harvard College,80NSSC19K0326,P00020,A,NEW,2019-04-02,B,CONTINUATION,2025-09-09,,,,,2019-01-01,2025-12-31,period_of_performance,2023-12-31,7680199.00,7296509.00,"THE TERMINATION HAS BEEN VACATED AND SET ASIDE PURSUANT TO THE ORDER ENTERED ON SEPTEMBER 3, 2025, IN PRESIDENT AND FELLOWS OF HARVARD COLLEGE V. US DEPARTMENT OF HEALTH AND HUMAN SERVICES ET AL., 1:25-CV-11048 (D. MASS).THERE IS A COMPELLING NEED FOR INTENSIVE STUDY OF CONVECTIVE IMPACTS ON THE SUMMER STRATOSPHERE OVER NORTH AMERICA. EACH SUMMER THE NORTH AMERICAN MONSOON ANTICYCLONE (NAMA) DOMINATES THE CIRCULATION OF THE NORTH-WESTERN HEMISPHERE AND ACTS TO PARTIALLY CONFINE AND ISOLATE AIR FROM THE SURROUNDING ATMOSPHERE. STRONG CONVECTIVE STORMS IN THE NAMA REGULARLY PENETRATE DEEP INTO THE LOWER STRATOSPHERE (LS), WITH SOME ASCENDING ABOVE 20 KM (~450 K POTENTIAL TEMPERATURE). THE UNIQUENESS OF THE NAMA REGION IS MOST EASILY SEEN IN SATELLITE MEASUREMENTS OF WATER VAPOR, WHICH SHOW A LARGE ENHANCEMENT IN THE LS OVER NORTH AMERICA NOT SEEN EITHER IN MAGNITUDE OR AT SUCH HIGH LATITUDES ELSEWHERE AROUND THE GLOBE. BUT THE COUPLING OF TROPOPAUSE-PENETRATING CONVECTION WITH LARGE-SCALE MONSOONAL MOTION IS POORLY UNDERSTOOD, AS IS THE IMPACT OF CONVECTION ON THE CHEMICAL COMPOSITION OF THE LS, BOTH IN MONSOON REGIONS AND IN THE GLOBAL STRATOSPHERE, WHICH RECEIVES INPUTS OF MOIST AND POLLUTED MONSOON AIR FROM THE NAMA. THE DYNAMICS AND CHEMISTRY OF THE SUMMER STRATOSPHERE (DCOTSS) PROPOSAL DIRECTLY ADDRESSES THIS KNOWLEDGE GAP.",description_keyword,,"category_business, corporate_entity_tax_exempt, educational_institution, higher_education, nonprofit, private_institution_of_higher_education",https://www.usaspending.gov/award/ASST_NON_80NSSC19K0326_080/,,,,
DOGE,MA-05,President and Fellows of Harvard College,80NSSC21K1443,P00006,A,NEW,2021-08-21,D,ADJUSTMENT TO COMPLETED PROJECT,2026-07-06,,,P00006,2026-07-06,2021-08-01,2025-07-31,period_of_performance,2024-07-31,586625.65,586625.65,DOGE Action Date: 5/12/2025. Reported savings: $0.  NASA airborne observations of oxygenated volatile organic compounds over korea ,external_claim,,"category_business, corporate_entity_tax_exempt, educational_institution, higher_education, nonprofit, private_institution_of_higher_education",https://www.usaspending.gov/award/ASST_NON_80NSSC21K1443_080/,DOGE,,0.0,5/12/2025
USAspending Terminations,IN-06,Prime Property Scans LLC,80NSSC26P0407,P00001,,,2026-04-14,F,TERMINATE FOR CONVENIENCE (COMPLETE OR PARTIAL),2026-04-21,P00001,2026-04-21,,,2026-05-01,2026-04-21,period_of_performance,2027-04-30,0.00,0.00,SPIRAL TECHNOLOGY SOFTWARE SUPPORT RENEWAL,termination_action_code,Terminate-for-convenience action P00001 on 2026-04-21,"black_american_owned_business, category_business, minority_owned_business, self_certified_small_disadvanted_business, small_business, sole_proprietorship, special_designations, us_owned_business",https://www.usaspending.gov/award/CONT_AWD_80NSSC26P0407_8000_-NONE-_-NONE-/,,,,
DOGE,CA-51,Qualcomm Technologies Inc,80NSSC24PC363,P00002,,,2024-09-12,F,TERMINATE FOR CONVENIENCE (COMPLETE OR PARTIAL),2025-04-08,P00002,2025-04-08,,,2024-10-01,2025-04-08,period_of_performance,2025-09-30,6000.00,0.00,Status: TERMINATED. Reported savings: $0. DOGE Action Date: 5/6/2025. Qualcomm 5g learning - four subscriptions,external_claim,TERMINATED,"category_business, corporate_entity_not_tax_exempt, other_than_small_business, special_designations, us_owned_business",https://www.usaspending.gov/award/CONT_AWD_80NSSC24PC363_8000_-NONE-_-NONE-/,DOGE,TERMINATED,0.0,5/6/2025
DOGE,IA-01,R3 Uniq Inc,80NSSC24PB720,P00001,,,2024-07-15,F,TERMINATE FOR CONVENIENCE (COMPLETE OR PARTIAL),2025-04-08,P00001,2025-04-08,,,2024-07-15,2025-04-08,period_of_performance,2025-07-14,71648.90,71648.90,Status: TERMINATED. Reported savings: $0. DOGE Action Date: 4/11/2025. Omnest network simulation software licenses and support,external_claim,TERMINATED,"8a_program_participant, category_business, corporate_entity_not_tax_exempt, dot_certified_disadvantaged_business_enterprise, minority_owned_business, self_certified_small_disadvanted_business, small_business, special_designations, subchapter_s_corporation, subcontinent_asian_indian_american_owned_business, us_owned_business",https://www.usaspending.gov/award/CONT_AWD_80NSSC24PB720_8000_-NONE-_-NONE-/,DOGE,TERMINATED,0.0,4/11/2025
USAspending Terminations,CA-12,"Regents of the University of California, The",80NSSC22K0674,P00003,A,NEW,2022-04-11,D,ADJUSTMENT TO COMPLETED PROJECT,2025-04-22,,,P00003,2025-04-22,2022-02-16,2025-05-15,period_of_performance,2025-02-15,268899.51,268899.51,"DETECTION OF OVER 4700 EXOPLANETS SUGGESTS THAT CLOSE-IN  ROCKY EXOPLANETS OF MAGNETICALLY ACTIVE G  K AND M DWARFS SHOULD BE EXPOSED TO HIGH STELLAR CORONAL X-RAY AND EXTREME ULTRAVIOLET (XUV) AND LARGE STELLAR WIND MASS FLUXES. THE KEPLER AND TESS MISSIONS HAVE REVEALED FREQUENT SUPERFLARES ON COOL G--M PLANET-HOSTING DWARF STARS  PROVIDING A MECHANISM BY WHICH HOST STARS COULD DIRECTLY INFLUENCE THE PHYSICAL AND CHEMICAL EVOLUTION OF EXOPLANETARY ATMOSPHERES. SOLAR STUDIES SUGGEST THAT LARGE FLARES ARE ACCOMPANIED BY THE ERUPTION OF MAGNETIZED CORONAL PLASMA REFERRED TO AS CORONAL MASS EJECTIONS (CMES). WHILE STELLAR SUPERFLARES CAN BE DIRECTLY DETECTED AND CHARACTERIZED IN XUV  OPTICAL  AND RADIO WAVELENGTHS  THE SIGNATURES OF STELLAR WINDS AND SUPERFLARE CMES REMAIN ELUSIVE AND REQUIRE DETAILED THEORETICAL MODELING. OUR MAJOR SCIENCE QUESTIONS ARE: 1.) WHAT ARE THE CORONAL XUV EMISSION AND STELLAR WIND MASS FLUXES FROM ACTIVE G--M DWARFS? 2.) HOW DOES THE EVOLUTION OF THE MAGNETIC FIELD AND STELLAR ATMOSPHERE TRIGGER STELLAR SUPERFLARES? WHAT IS THE NATURE OF THE STELLAR FLARE--CME RELATIONSHIP AND WHAT ARE THEIR OBSERVATIONAL SIGNATURES? 3.) HOW ARE EXOPLANETARY SPACE WEATHER IMPACTS DRIVEN BY THE HOST STAR'S XUV EMISSION  AMBIENT STELLAR WINDS  SUPERFLARES AND THEIR ASSOCIATED CMES AND ENERGETIC PARTICLE FLUXES? THE SCIENCE GOALS OF THE PROPOSED INTERDISCIPLINARY STUDY ARE TO USE AVAILABLE HST  XMM-NEWTON  TESS  NICER AND SPECTROPOLARIMETRIC OBSERVATIONS OF ACTIVE G--M DWARFS AS INPUTS AND CONSTRAINTS FOR MULTI-DIMENSIONAL MAGNETOHYDRODYNAMIC (MHD) MODELING OF (A) THE STRUCTURE AND ENERGIZATION OF THE MAGNETIC FIELD CONFIGURATIONS OF STARSPOT GROUPS/STELLAR ACTIVE REGIONS  AND (B) THE RAPID RELEASE OF FREE MAGNETIC ENERGY DURING STELLAR SUPERFLARES AND THE DYNAMICS AND OBSERVATIONAL SIGNATURES OF THEIR ASSOCIATED CMES. THE PROPOSED INVESTIGATION IS HIGHLY RELEVANT TO XRP PROGRAMMATIC QUESTIONS AS IT CROSSES NASA S MULTI-DIVISIONAL BOUNDARIES THROUGH THE COUPLING OF DATA OBTAINED WITH FLAGSHIP ASTROPHYSICS MISSIONS WITH HELIOPHYSICS MODELS TO ADDRESS THE PROGRAM S GOAL: ""OBSERVATIONAL CHARACTERIZATION OF EXOPLANETS  THEIR ATMOSPHERES  THEIR INTERACTIONS WITH THEIR HOST STARS  OR SPECIFIC HOST STAR PROPERTIES THAT DIRECTLY IMPACT OUR UNDERSTANDING OF EXOPLANETARY SYSTEMS."" THE PROPOSED PROJECT WILL HAVE A POTENTIALLY TRANSFORMATIVE IMPACT ON THE FIELD OF EXOPLANET RESEARCH BECAUSE IT EXPANDS THE DEFINITION OF HABITABLE ZONES EXPOSED TO STELLAR IONIZING RADIATION AND PROVIDES CRITICAL INPUTS FOR MODELING AND CHARACTERIZATION OF EXOPLANET ATMOSPHERES AND THEIR EVOLUTION. THIS PROJECT IS DIRECTLY RELEVANT TO DATA FROM HST  KEPLER AND TESS AND WILL LEAD TO PREDICTIONS THAT CAN BE TESTED WITH OBSERVATIONS.",obligation_clawback,"Pure-clawback deobligation P00003 on 2025-04-22 (26% of $361,552)","educational_institution, higher_education, minority_owned_business, minority_serving_institution_of_higher_education, nonprofit, other_minority_owned_business, public_institution_of_higher_education",https://www.usaspending.gov/award/ASST_NON_80NSSC22K0674_080/,,,,
DOGE,VA-11,"Rei Systems, Inc.",80NSSC23FA267,P00006,,,2023-03-28,G,EXERCISE AN OPTION,2026-03-31,,,,,2023-04-01,2027-03-31,period_of_performance,2024-03-31,3978520.18,2787005.19,"Status: OTHER ADMINISTRATIVE ACTION. Reported savings: $5,437,168.00. DOGE Action Date: 3/20/2025. This task provides unique, direct portfolio planning, operations and execution support to the early stage innovations and partnerships portfolio which provides support to NASA’s early stage technology development and tech commercialization programs that are pioneering aerospace research and transformative technology ventures to enable NASA’s mission and invigorate our economic future. task provides operations management support; strategic planning and execution support for stmd-wide processes run by esip to identify and competitively select industry technology development partnerships; organization design and change management as stmd re-organizes; and engagement support to improve the ""front door"" to stmd for external innovators.",external_claim,OTHER ADMINISTRATIVE ACTION,"category_business, corporate_entity_not_tax_exempt, minority_owned_business, other_than_small_business, special_designations, subcontinent_asian_indian_american_owned_business, us_owned_business",https://www.usaspending.gov/award/CONT_AWD_80NSSC23FA267_8000_80NSSC23AA003_8000/,DOGE,OTHER ADMINISTRATIVE ACTION,5437168.0,3/20/2025
DOGE,NC-04,Research Triangle Institute,80NSSC25K7029,P00003,A,NEW,2024-11-04,D,ADJUSTMENT TO COMPLETED PROJECT,2026-05-04,,,P00003,2026-05-04,2024-10-04,2025-05-09,period_of_performance,2027-10-03,15620.96,15620.96,"DOGE Action Date: 5/14/2025. Reported savings: $0.  project green, greenspace and remote sensing for the environment and equity in neighborhoods ",external_claim,,"category_business, corporate_entity_tax_exempt, nonprofit, other_than_small_business, special_designations, us_owned_business",https://www.usaspending.gov/award/ASST_NON_80NSSC25K7029_080/,DOGE,,0.0,5/14/2025
USAspending Terminations,VA-08,"Rios Partners, LLC",80NSSC24AA014,P00004,,,2024-01-30,F,TERMINATE FOR CONVENIENCE (COMPLETE OR PARTIAL),2025-06-09,P00004,2025-06-09,,,2024-01-29,2029-04-15,idv_last_date_to_order,2029-07-15,0.00,,TERMINATION FOR CONVENIENCE AGREEMENT - CHANGE MANAGEMENT SUPPORT SERVICE BPAS FOR NASA ADMINISTRATIVE SUITE.,termination_action_code,Terminate-for-convenience action P00004 on 2025-06-09,"category_business, corporate_entity_not_tax_exempt, hispanic_american_owned_business, minority_owned_business, self_certified_small_disadvanted_business, service_disabled_veteran_owned_business, small_business, special_designations, subchapter_s_corporation, us_owned_business, veteran_owned_business",https://www.usaspending.gov/award/CONT_IDV_80NSSC24AA014_8000/,,,,
USAspending Terminations,VA-08,Rma Associates LLC,80HQTR22AA003,P00005,,,2022-05-27,N,LEGAL CONTRACT CANCELLATION,2025-04-03,,,,,2022-06-01,2025-04-03,idv_last_date_to_order,2027-05-31,0.00,,LEGAL CONTRACT CANCELLATION - NASA'S ANNUAL FISMA EVALUATION SUPPORT FOR OIG DIRECTORATE,legal_contract_cancellation,Legal-contract-cancellation action P00005 on 2025-04-03,"8a_program_participant, category_business, corporate_entity_not_tax_exempt, limited_liability_corporation, minority_owned_business, other_minority_owned_business, self_certified_small_disadvanted_business, small_business, special_designations, us_owned_business",https://www.usaspending.gov/award/CONT_IDV_80HQTR22AA003_8000/,,,,
USAspending Terminations,CA-16,SETI Institute,80HQTR20D0005,P00005,,,2020-06-15,M,OTHER ADMINISTRATIVE ACTION,2025-04-08,,,,,2020-07-01,2025-04-08,idv_last_date_to_order,2025-06-30,0.00,,STOP WORK NOTICE ISSUED WITH NOTIFICATION OF INTENT TO TERMINATE FOR CONVENIENCE - PPSS IDIQ PROVIDES MULTIDISCIPLINE TECHNICAL SUPPORT SERVICES THROUGHOUT THE PRODUCT LIFECYCLE OF SPACE FLIGHT HARDWARE.,termination_language,Termination-language transaction P00005 on 2025-04-08,"category_business, corporate_entity_tax_exempt, nonprofit",https://www.usaspending.gov/award/CONT_IDV_80HQTR20D0005_8000/,,,,
USAspending Terminations,TX-07,Schlumberger Technology Corporation,80GSFC21C0057,P00014,,,2021-03-26,M,OTHER ADMINISTRATIVE ACTION,2025-09-04,P00013,2025-08-18,,,2021-03-26,2026-03-26,period_of_performance,2026-03-25,2855464.73,2835061.93,"TERMINATION FOR CONVENIENCE AGREEMENT - PULSED NEUTRON GENERATORS FOR THE NASA DRAGONFLY AND DRAGONFLY TITAN LANDER AND THE DEVELOPMENT AND ADVANCEMENT OF LUNAR INSTRUMENTATION (DALI), BULK ELEMENTAL COMPOSITION ANALYZER (BECA) INSTRUMENT.",termination_action_code,Terminate-for-convenience action P00013 on 2025-08-18,"category_business, corporate_entity_not_tax_exempt, other_than_small_business, special_designations, us_owned_business",https://www.usaspending.gov/award/CONT_AWD_80GSFC21C0057_8000_-NONE-_-NONE-/,,,,
DOGE,VA-11,Science Applications International Corporation,80HQTR25FA007,P00003,,,2024-10-23,M,OTHER ADMINISTRATIVE ACTION,2025-03-14,,,,,2024-10-23,2025-02-14,period_of_performance,2024-12-23,865076.75,807172.06,"Status: Expired. Reported savings: $0. DOGE Action Date: 3/20/2025. Review, validate, and advise on draft plan, messaging and branding of the plan, plan implementation analysis and recommendations, rollout & metrics",external_claim,Expired,"category_business, corporate_entity_not_tax_exempt, other_than_small_business, special_designations, us_owned_business",https://www.usaspending.gov/award/CONT_AWD_80HQTR25FA007_8000_80HQTR24AA005_8000/,DOGE,Expired,0.0,3/20/2025
USAspending Terminations,PA-02,Scistarter LLC,80NSSC26M0012,P00003,A,NEW,2026-02-19,D,ADJUSTMENT TO COMPLETED PROJECT,2026-07-22,,,P00003,2026-07-22,2026-02-01,2029-01-31,period_of_performance,,41262.00,25000.00,SINGLE SOURCE,obligation_clawback,"Pure-clawback deobligation P00003 on 2026-07-22 (72% of $149,946)","category_business, limited_liability_corporation, partnership_or_limited_liability_partnership, self_certified_small_disadvanted_business, small_business, special_designations, woman_owned_business, women_owned_small_business",https://www.usaspending.gov/award/ASST_NON_80NSSC26M0012_080/,,,,
USAspending Terminations,TX-22,Silverback Associates LLC,80NSSC26P0009,P00001,,,2025-11-20,F,TERMINATE FOR CONVENIENCE (COMPLETE OR PARTIAL),2026-02-18,P00001,2026-02-18,,,2025-11-20,2025-12-31,period_of_performance,2025-12-31,0.00,0.00,BARD AC UNIT,termination_action_code,Terminate-for-convenience action P00001 on 2026-02-18,"black_american_owned_business, category_business, manufacturer_of_goods, minority_owned_business, partnership_or_limited_liability_partnership, small_business, special_designations, us_owned_business",https://www.usaspending.gov/award/CONT_AWD_80NSSC26P0009_8000_-NONE-_-NONE-/,,,,
DOGE,IL-07,Society of Women Engineers,80NSSC24PC049,P00002,,,2024-08-14,F,TERMINATE FOR CONVENIENCE (COMPLETE OR PARTIAL),2025-03-06,P00002,2025-03-06,,,2024-08-01,2025-03-06,period_of_performance,2025-07-31,33100.00,33100.00,"Status: TERMINATED. Reported savings: $33,100.00. DOGE Action Date: 3/20/2025. Recruiting: society of women engineers (SWE) corporate partnership council and participation in associated recruiting events",external_claim,TERMINATED,"category_business, corporate_entity_tax_exempt, nonprofit, other_than_small_business",https://www.usaspending.gov/award/CONT_AWD_80NSSC24PC049_8000_-NONE-_-NONE-/,DOGE,TERMINATED,33100.0,3/20/2025
NASA Procurement Data View,TX-20,Southwest Research Institute,80GSFC23CA005,P00006,,,2022-12-06,F,TERMINATE FOR CONVENIENCE (COMPLETE OR PARTIAL),2025-09-11,P00006,2025-09-11,,,2022-12-06,2025-07-30,period_of_performance,2023-12-05,2759020.00,2758875.12,COMPLETE TERMINATION FOR CONVENIENCE OF NASA GEOSPACE DYNAMICS CONSTELLATION (GDC) COMPREHENSIVE AURORAL PRECIPITATION EXPERIMENT (CAPE),description_keyword,,"category_business, corporate_entity_tax_exempt, nonprofit, other_than_small_business, special_designations, us_owned_business",https://www.usaspending.gov/award/CONT_AWD_80GSFC23CA005_8000_-NONE-_-NONE-/,,,,
USAspending Terminations,TX-20,Southwest Research Institute,NNM16AA08C,P00058,,,2015-11-09,C,FUNDING ONLY ACTION,2026-07-16,,,,,2015-11-13,2034-02-28,period_of_performance,2016-11-12,74931167.70,58977454.68,"STOP WORK NOTICE ISSUED WITH NOTIFICATION OF INTENT TO DESCOPE - LUCY IS A PLANNED NASA SPACE PROBE THAT WILL TOUR FIVE JUPITER TROJANS, ASTEROIDS WHICH SHARE JUPITER'S ORBIT AROUND THE SUN, ORBITING EITHER AHEAD OF OR BEHIND THE PLANET AND ONE MAIN BELT ASTEROID. ALL TARGET ENCOUNTERS WILL BE FLY-BY ENCOUNTERS.",termination_language,Termination-language transaction 44 on 2025-01-23,"category_business, corporate_entity_tax_exempt, nonprofit, other_than_small_business, special_designations, us_owned_business",https://www.usaspending.gov/award/CONT_AWD_NNM16AA08C_8000_-NONE-_-NONE-/,,,,
DOGE,CA-24,Space Exploration Technologies Corp,80NSSC25PA014,P00001,,,2024-10-02,F,TERMINATE FOR CONVENIENCE (COMPLETE OR PARTIAL),2025-04-08,P00001,2025-04-08,,,2024-10-07,2025-04-08,period_of_performance,2025-08-31,19038.40,19038.40,"Status: TERMINATED. Reported savings: $0. DOGE Action Date: 5/6/2025. Aspire public-private talent program, spacex immersion",external_claim,TERMINATED,"category_business, corporate_entity_not_tax_exempt, manufacturer_of_goods, other_than_small_business, special_designations, us_owned_business",https://www.usaspending.gov/award/CONT_AWD_80NSSC25PA014_8000_-NONE-_-NONE-/,DOGE,TERMINATED,0.0,5/6/2025
USAspending Terminations,CA-14,Spatial Informatics Group LLC,80MSFC20C0050,P00012,,,2020-09-11,M,OTHER ADMINISTRATIVE ACTION,2025-04-28,,,,,2020-09-13,2025-04-15,period_of_performance,2021-09-12,954983.90,954983.62,STOP WORK NOTICE ISSUED WITH NOTIFICATION OF INTENT TO DE-SCOPE - SERVIR GLOBAL NETWORK CAPABILITY PROGRAM,termination_language,Termination-language transaction P00011 on 2025-02-07,"category_business, corporate_entity_not_tax_exempt, limited_liability_corporation, small_business, special_designations, us_owned_business",https://www.usaspending.gov/award/CONT_AWD_80MSFC20C0050_8000_-NONE-_-NONE-/,,,,
DOGE,VA-11,"Strategy Consulting Team, LLC",80NSSC24FA447,P00005,,,2024-04-15,M,OTHER ADMINISTRATIVE ACTION,2026-06-08,,,,,2024-04-15,2027-06-30,period_of_performance,2025-02-28,236532.44,125422.44,"Status: FUNDING ONLY ACTION. Reported savings: $248,077.12. DOGE Action Date: 2/18/2025. Provides NASA supervisory intensive leadership program (SILP) support on the NASA enterprise-wide human capital support services (NEHCSS) contract in accordance with contract terms and conditions for the NASA office of the chief human capital officer (OCHCO).",external_claim,FUNDING ONLY ACTION,"category_business, corporate_entity_not_tax_exempt, limited_liability_corporation, self_certified_small_disadvanted_business, small_business, special_designations, us_owned_business, woman_owned_business, women_owned_small_business",https://www.usaspending.gov/award/CONT_AWD_80NSSC24FA447_8000_80NSSC23DA003_8000/,DOGE,FUNDING ONLY ACTION,248077.12,2/18/2025
USAspending Terminations,MD-03,"Straughan Environmental, Inc.",80JSC024F0025,P00009,,,2024-02-08,M,OTHER ADMINISTRATIVE ACTION,2025-05-21,,,,,2024-03-01,2025-02-28,period_of_performance,2025-02-28,246063.96,246063.96,"CANCELLATION OF PARTIAL STOP WORK NOTICE AS NON-APPLICABLE - CALL 29 (NON-CORE SUPPORT), JSC ENVIRONMENTAL SERVICES TEAM I (JEST I)",termination_language,Termination-language transaction P00007 on 2025-02-20,"category_business, corporate_entity_not_tax_exempt, dot_certified_disadvantaged_business_enterprise, economically_disadvantaged_women_owned_small_business, minority_owned_business, other_minority_owned_business, self_certified_small_disadvanted_business, small_business, special_designations, subchapter_s_corporation, us_owned_business, woman_owned_business, women_owned_small_business",https://www.usaspending.gov/award/CONT_AWD_80JSC024F0025_8000_80JSC018A0012_8000/,,,,
USAspending Terminations,MD-03,"Straughan Environmental, Inc.",80JSC025FA076,P00017,M,OTHER ADMINISTRATIVE ACTION,2025-01-14,G,EXERCISE AN OPTION,2026-07-15,,,,,2025-03-01,2026-09-30,period_of_performance,2026-02-28,1135843.46,825972.25,"CANCELLATION OF PARTIAL STOP WORK NOTICE AS NON-APPLICABLE - CALL 02 (T&M SUPPORT), JSC ENVIRONMENTAL SERVICES TEAM II (JEST II)",termination_language,Termination-language transaction P00004 on 2025-02-24,"category_business, corporate_entity_not_tax_exempt, dot_certified_disadvantaged_business_enterprise, economically_disadvantaged_women_owned_small_business, minority_owned_business, other_minority_owned_business, self_certified_small_disadvanted_business, small_business, special_designations, subchapter_s_corporation, us_owned_business, woman_owned_business, women_owned_small_business",https://www.usaspending.gov/award/CONT_AWD_80JSC025FA076_8000_80JSC024AA029_8000/,,,,
USAspending Terminations,MD-03,"Straughan Environmental, Inc.",80JSC025FA077,P00027,,,2025-01-14,B,SUPPLEMENTAL AGREEMENT FOR WORK WITHIN SCOPE,2026-08-06,,,,,2025-03-01,2026-09-30,period_of_performance,2026-02-28,711537.67,571122.74,"CANCELLATION OF PARTIAL STOP WORK NOTICE AS NON-APPLICABLE - CALL 03 (NON-CORE SUPPORT), JSC ENVIRONMENTAL SERVICES TEAM II (JEST II)",termination_language,Termination-language transaction P00003 on 2025-02-18,"category_business, corporate_entity_not_tax_exempt, dot_certified_disadvantaged_business_enterprise, economically_disadvantaged_women_owned_small_business, minority_owned_business, other_minority_owned_business, self_certified_small_disadvanted_business, small_business, special_designations, subchapter_s_corporation, us_owned_business, woman_owned_business, women_owned_small_business",https://www.usaspending.gov/award/CONT_AWD_80JSC025FA077_8000_80JSC024AA029_8000/,,,,
DOGE,VA-09,"Techpride, Inc.",80NSSC25FA034,P00002,,,2024-10-21,F,TERMINATE FOR CONVENIENCE (COMPLETE OR PARTIAL),2025-03-10,P00002,2025-03-10,,,2024-10-21,2025-03-10,period_of_performance,2025-10-21,75664.00,75664.00,Status: TERMINATED. Reported savings: $0. DOGE Action Date: 2/18/2025. Scan program,external_claim,TERMINATED,"asian_pacific_american_owned_business, category_business, corporate_entity_not_tax_exempt, historically_underutilized_business_firm, minority_owned_business, small_business, special_designations, us_owned_business, woman_owned_business, women_owned_small_business",https://www.usaspending.gov/award/CONT_AWD_80NSSC25FA034_8000_47QRAA19D006N_4732/,DOGE,TERMINATED,0.0,2/18/2025
NASA Procurement Data View,CA-36,The Aerospace Corporation,80HQTR24F0096,P00002,,,2024-09-26,M,OTHER ADMINISTRATIVE ACTION,2025-04-08,,,,,2024-09-26,2025-04-08,period_of_performance,2025-09-30,61000.00,37752.23,STOP WORK NOTICE ISSUED WITH NOTIFICATION OF INTENT TO TERMINATE FOR CONVENIENCE - STRATEGIC COMMUNICATIONS AND INTEGRATION SUPPORT FOR MISSION SUPPORT DIRECTORATE,description_keyword,,"category_business, corporate_entity_tax_exempt, nonprofit, other_than_small_business, special_designations, us_owned_business",https://www.usaspending.gov/award/CONT_AWD_80HQTR24F0096_8000_80GSFC19D0011_8000/,,,,
USAspending Terminations,CA-36,The Aerospace Corporation,80GSFC22CA013,P00006,,,2022-07-11,F,TERMINATE FOR CONVENIENCE (COMPLETE OR PARTIAL),2026-02-09,P00006,2026-02-09,,,2022-07-11,2025-12-19,period_of_performance,2028-10-31,1986108.00,1982220.21,INTERDISCIPLINARY SCIENTIST SUPPORT FOR THE GEOSPACE DYNAMICS CONSTELLATION (GDC) PROGRAM.,termination_action_code,Terminate-for-convenience action P00006 on 2026-02-09,"category_business, corporate_entity_tax_exempt, nonprofit, other_than_small_business, special_designations, us_owned_business",https://www.usaspending.gov/award/CONT_AWD_80GSFC22CA013_8000_-NONE-_-NONE-/,,,,
DOGE,CA-36,The Aerospace Corporation,80LARC24F0039,P00002,,,2024-09-27,M,OTHER ADMINISTRATIVE ACTION,2026-03-17,P00001,2025-04-15,,,2024-09-27,2025-04-15,period_of_performance,2025-07-31,0.00,0.00,"Status: TERMINATED. Reported savings: $162,533.00. DOGE Action Date: 7/1/2025. Space applied research: guide future human-rated spacecraft fire safety system, NASA engineering and safety center's team",external_claim,TERMINATED,"category_business, corporate_entity_tax_exempt, nonprofit, other_than_small_business, special_designations, us_owned_business",https://www.usaspending.gov/award/CONT_AWD_80LARC24F0039_8000_80GSFC19D0011_8000/,DOGE,TERMINATED,162533.0,7/1/2025
DOGE,CA-36,The Aerospace Corporation,80LARC25F7003,P00002,,,2024-12-13,M,OTHER ADMINISTRATIVE ACTION,2026-03-17,P00001,2025-04-15,,,2024-12-13,2025-04-15,period_of_performance,2025-12-12,0.00,0.00,"Status: TERMINATED. Reported savings: $42,518.00. DOGE Action Date: 5/15/2025. NASA engineering and safety center's (NESC) environmental control and life support (ECLSS) technical discipline team (TDT), provides technical expertise for resolution of issues related to vehicle and spacesuit environmental control.",external_claim,TERMINATED,"category_business, corporate_entity_tax_exempt, nonprofit, other_than_small_business, special_designations, us_owned_business",https://www.usaspending.gov/award/CONT_AWD_80LARC25F7003_8000_80GSFC19D0011_8000/,DOGE,TERMINATED,42518.0,5/15/2025
DOGE,TX-07,The Jandor Group LLC,80NSSC24PC064,P00001,,,2024-08-14,F,TERMINATE FOR CONVENIENCE (COMPLETE OR PARTIAL),2025-04-08,P00001,2025-04-08,,,2024-08-14,2025-04-09,period_of_performance,2025-08-14,100000.00,100000.00,Status: TERMINATED. Reported savings: $0. DOGE Action Date: 5/6/2025. Training,external_claim,TERMINATED,"category_business, corporate_entity_not_tax_exempt, hispanic_american_owned_business, limited_liability_corporation, minority_owned_business, self_certified_small_disadvanted_business, service_disabled_veteran_owned_business, small_business, special_designations, us_owned_business, veteran_owned_business",https://www.usaspending.gov/award/CONT_AWD_80NSSC24PC064_8000_-NONE-_-NONE-/,DOGE,TERMINATED,0.0,5/6/2025
USAspending Terminations,MD-07,The Johns Hopkins University,80NSSC22K1414,P00004,A,NEW,2022-08-16,D,ADJUSTMENT TO COMPLETED PROJECT,2025-02-10,,,P00004,2025-02-10,2022-09-01,2025-08-31,period_of_performance,2025-08-31,313476.14,313476.14,21-XRP21-0114  A THREE-DIMENSIONAL EXTINCTION MAP FOR MICROLENSING PLANET DISCOVERY AND CHARACTERIZATION,obligation_clawback,"Pure-clawback deobligation P00004 on 2025-02-10 (25% of $420,718)","category_business, corporate_entity_tax_exempt, educational_institution, higher_education, nonprofit, other_than_small_business, private_institution_of_higher_education, special_designations, us_owned_business",https://www.usaspending.gov/award/ASST_NON_80NSSC22K1414_080/,,,,
DOGE,MD-07,The Johns Hopkins University,80NSSC24K0177,P00004,A,NEW,2023-11-30,D,ADJUSTMENT TO COMPLETED PROJECT,2026-03-11,,,P00004,2026-03-11,2023-10-25,2025-03-21,period_of_performance,2026-10-24,507640.22,507640.22,"DOGE Action Date: 3/21/2025. Reported savings: $496,601.00. Basic research: resolving intra urban variability in heat and air quality from space and the ground leveraging diverse observations to support environmental justice",external_claim,,"category_business, corporate_entity_tax_exempt, educational_institution, higher_education, nonprofit, other_than_small_business, private_institution_of_higher_education, special_designations, us_owned_business",https://www.usaspending.gov/award/ASST_NON_80NSSC24K0177_080/,DOGE,,496601.0,3/21/2025
USAspending Terminations,MD-03,The Johns Hopkins University Applied Physics Laboratory LLC,80MSFC24F0067,P00003,,,2024-03-22,M,OTHER ADMINISTRATIVE ACTION,2025-04-21,,,,,2024-04-01,2025-01-23,period_of_performance,2028-09-30,61257.49,61257.49,STOP WORK NOTICE ISSUED WITH NOTIFICATION OF INTENT TO TERMINATE FOR CONVENIENCE - HERE TO OBSERVE (H2O) SUPPORT FOR PLANETARY SCIENCE DIVISION (PSD) MISSIONS,termination_language,Termination-language transaction P00002 on 2025-01-23,"category_business, educational_institution, higher_education, limited_liability_corporation, minority_owned_business, nonprofit, other_minority_owned_business, other_than_small_business, private_institution_of_higher_education, special_designations, us_owned_business",https://www.usaspending.gov/award/CONT_AWD_80MSFC24F0067_8000_80MSFC20D0004_8000/,,,,
USAspending Terminations,MD-03,The Johns Hopkins University Applied Physics Laboratory LLC,80MSFC22F0153,P00005,,,2022-07-15,C,FUNDING ONLY ACTION,2025-09-25,,,,,2022-07-15,2025-04-08,period_of_performance,2023-03-31,19512.00,19010.22,STOP WORK NOTICE ISSUED WITH NOTIFICATION OF INTENT TO TERMINATE FOR CONVENIENCE - NESC AVIONICS PACKAGING ENGINEERING PROCESSES AND BEST PRACTICES,termination_language,Termination-language transaction P00004 on 2025-04-08,"category_business, educational_institution, higher_education, limited_liability_corporation, minority_owned_business, nonprofit, other_minority_owned_business, other_than_small_business, private_institution_of_higher_education, special_designations, us_owned_business",https://www.usaspending.gov/award/CONT_AWD_80MSFC22F0153_8000_80MSFC20D0004_8000/,,,,
USAspending Terminations,FL-07,"The Performance Knowledge Group, LLC",80KSC021A0007,P00006,,,2021-05-07,F,TERMINATE FOR CONVENIENCE (COMPLETE OR PARTIAL),2025-03-21,P00006,2025-03-21,,,2021-07-01,2025-02-14,idv_last_date_to_order,2026-03-29,0.00,,TERMINATE FOR CONVENIENCE AGREEMENT - STRATEGIC MANAGEMENT SUPPORT SERVICES FOR MULTIPLE CUSTOMERS.,termination_action_code,Terminate-for-convenience action P00006 on 2025-03-21,"category_business, partnership_or_limited_liability_partnership, small_business, special_designations, us_owned_business, woman_owned_business, women_owned_small_business",https://www.usaspending.gov/award/CONT_IDV_80KSC021A0007_8000/,,,,
DOGE,FL-07,"The Performance Knowledge Group, LLC",80KSC024F0043,P00004,,,2024-07-11,M,OTHER ADMINISTRATIVE ACTION,2025-04-10,,,,,2024-07-01,2025-02-14,period_of_performance,2025-06-30,137213.00,137213.00,"Status: Expired. Reported savings: $0. DOGE Action Date: 2/18/2025. Non-personal services contract to provide strategic management support, professional/team coaching, advanced planning, integration, and implementation to NASA kennedy space center (KSC), launch service program.",external_claim,Expired,"category_business, partnership_or_limited_liability_partnership, small_business, special_designations, us_owned_business, woman_owned_business, women_owned_small_business",https://www.usaspending.gov/award/CONT_AWD_80KSC024F0043_8000_80KSC021A0007_8000/,DOGE,Expired,0.0,2/18/2025
DOGE,FL-07,"The Performance Knowledge Group, LLC",80KSC024F0044,P00002,,,2024-07-11,M,OTHER ADMINISTRATIVE ACTION,2025-04-10,,,,,2024-07-01,2025-02-14,period_of_performance,2025-06-30,77219.10,77219.10,"Status: Expired. Reported savings: $0. DOGE Action Date: 2/18/2025. Non-personal services contract to provide strategic management support, professional/team coaching, advanced planning, integration, and implementation to NASA kennedy space center (KSC), exploration ground system (EGS)",external_claim,Expired,"category_business, partnership_or_limited_liability_partnership, small_business, special_designations, us_owned_business, woman_owned_business, women_owned_small_business",https://www.usaspending.gov/award/CONT_AWD_80KSC024F0044_8000_80KSC021A0007_8000/,DOGE,Expired,0.0,2/18/2025
DOGE,FL-07,"The Performance Knowledge Group, LLC",80KSC024F0045,P00002,,,2024-07-11,M,OTHER ADMINISTRATIVE ACTION,2025-04-22,,,,,2024-07-01,2025-02-14,period_of_performance,2025-06-30,38535.00,38535.00,"Status: Expired. Reported savings: $0. DOGE Action Date: 2/18/2025. Non-personal services contract to provide strategic management support, professional/team coaching, advanced planning, integration, and implementation to NASA kennedy space center (KSC).",external_claim,Expired,"category_business, partnership_or_limited_liability_partnership, small_business, special_designations, us_owned_business, woman_owned_business, women_owned_small_business",https://www.usaspending.gov/award/CONT_AWD_80KSC024F0045_8000_80KSC021A0007_8000/,DOGE,Expired,0.0,2/18/2025
NASA Procurement Data View,CO-03,The Pinhead Institute Inc,80NSSC19K0748,P00006,A,NEW,2019-07-02,B,CONTINUATION,2025-05-14,,,,,2019-05-20,2025-05-09,period_of_performance,2022-05-19,114321.00,0.00,TERMINATION FOR CONVENIENCE AGREEMENT - AN ANALYSIS OF LADEE UVS DATA FOR METALLIC SPECIES - SUPPORT FOR SMD DIRECTORATE,description_keyword,,"category_business, corporate_entity_tax_exempt, nonprofit",https://www.usaspending.gov/award/ASST_NON_80NSSC19K0748_080/,,,,
USAspending Terminations,CO-02,The Regents of the University of Colorado,80GSFC22CA012,P00009,,,2022-08-19,F,TERMINATE FOR CONVENIENCE (COMPLETE OR PARTIAL),2026-02-12,P00009,2026-02-12,,,2022-08-19,2026-01-08,period_of_performance,2028-10-31,1724514.55,1724514.55,INTERDISCIPLINARY SCIENTIST SUPPORT FOR THE GEOSPACE DYNAMICS CONSTELLATION (GDC) PROGRAM.,termination_action_code,Terminate-for-convenience action P00009 on 2026-02-12,"educational_institution, government, higher_education, national_government, private_institution_of_higher_education, public_institution_of_higher_education, regional_and_state_government",https://www.usaspending.gov/award/CONT_AWD_80GSFC22CA012_8000_-NONE-_-NONE-/,,,,
DOGE,NY-13,The Trustees of Columbia University in the City of New York,80ARC023CA004,P00004,,,2022-11-01,F,TERMINATE FOR CONVENIENCE (COMPLETE OR PARTIAL),2025-03-21,P00004,2025-03-21,,,2022-11-01,2025-03-07,period_of_performance,2026-10-31,2000000.00,1208343.00,Status: TERMINATED. Reported savings: $0. DOGE Action Date: 3/10/2025. Contract for research and development work to extended longevity of 3d tissues and microph,external_claim,TERMINATED,"category_business, corporate_entity_tax_exempt, educational_institution, higher_education, nonprofit, private_institution_of_higher_education",https://www.usaspending.gov/award/CONT_AWD_80ARC023CA004_8000_-NONE-_-NONE-/,DOGE,TERMINATED,0.0,3/10/2025
USAspending Terminations,NY-13,The Trustees of Columbia University in the City of New York,80NSSC24M0209,P00005,A,NEW,2024-09-27,B,CONTINUATION,2026-07-28,,,P00002,2025-07-21,2024-09-15,2027-09-30,period_of_performance,2026-09-30,399998.00,64588.54,SINGLE-SOURCE  ICME OPTIMIZATION OF ADVANCED COMPOSITE COMPONENTS OF THE AURORA D8 AIRCRAFT: VERIFICATION,obligation_clawback,"Pure-clawback deobligation P00002 on 2025-07-21 (35% of $618,813)","category_business, corporate_entity_tax_exempt, educational_institution, higher_education, nonprofit, private_institution_of_higher_education",https://www.usaspending.gov/award/ASST_NON_80NSSC24M0209_080/,,,,
DOGE,NY-13,The Trustees of Columbia University in the City of New York,80GSFC23CA001,P00013,,,2023-07-26,F,TERMINATE FOR CONVENIENCE (COMPLETE OR PARTIAL),2026-07-30,P00013,2026-07-30,,,2023-08-01,2025-07-31,period_of_performance,2024-07-31,8821159.89,8065973.90,"Status: TERMINATED. Reported savings: $19,404,348.00. DOGE Action Date: 3/10/2025. Sedac facilitates the analysis and portrayal of the human dimensions of global change need",external_claim,TERMINATED,"category_business, corporate_entity_tax_exempt, educational_institution, higher_education, nonprofit, private_institution_of_higher_education",https://www.usaspending.gov/award/CONT_AWD_80GSFC23CA001_8000_-NONE-_-NONE-/,DOGE,TERMINATED,19404348.0,3/10/2025
NASA Procurement Data View,NJ-12,The Trustees of Princeton University,80NSSC25K7437,P00002,A,NEW,2025-02-07,B,CONTINUATION,2025-12-10,,,,,2025-01-01,2027-12-31,period_of_performance,2027-12-31,238675.00,69859.69,"RESCINDING STOP WORK NOTICE. EXECUTE A BALANCED SCIENCE PROGRAM BASED ON DISCIPLINE-SPECIFIC GUIDANCE FROM THE NATIONAL ACADEMIES OF SCIENCES, ENGINEERING, AND MEDICINE, ADMINISTRATION PRIORITIES, AND DIRECTION FROM CONGRESS.   PARTICIPATE AS A KEY PARTNER AND ENABLER IN THE AGENCY S EXPLORATION INITIATIVE, FOCUSING ON SCIENTIFIC RESEARCH OF, ON, AND FROM THE MOON, LUNAR ORBIT, MARS, AND BEYOND.   ADVANCE DISCOVERY IN EMERGING FIELDS BY IDENTIFYING AND EXPLOITING CROSS-DISCIPLINARY OPPORTUNITIES BETWEEN TRADITIONAL SCIENCE DISCIPLINES   DEVELOP A DIRECTORATE-WIDE, TARGET-USER FOCUSED APPROACH TO APPLIED PROGRAMS, INCLUDING EARTH SCIENCE APPLICATIONS, SPACE WEATHER, PLANETARY DEFENSE, AND SPACE SITUATIONAL AWARENESS",description_keyword,,"category_business, corporate_entity_tax_exempt, educational_institution, higher_education, nonprofit, private_institution_of_higher_education",https://www.usaspending.gov/award/ASST_NON_80NSSC25K7437_080/,,,,
USAspending Terminations,FL-10,The University of Central Florida Board of Trustees,80NSSC25K7548,P00001,A,NEW,2025-05-27,D,ADJUSTMENT TO COMPLETED PROJECT,2026-03-03,,,P00001,2026-03-03,2025-01-15,2028-01-14,period_of_performance,2028-01-14,0.00,0.00,24-SSW24-0007 APOLLO SAMPLES AS A WINDOW TO CHARACTERIZING REGOLITHS THROUGHOUT THE SOLAR SYSTEM WITH MIR SPECTROSCOPY,obligation_clawback,"Pure-clawback deobligation P00001 on 2026-03-03 (100% of $170,515)","category_business, corporate_entity_tax_exempt, educational_institution, higher_education, nonprofit, other_than_small_business, public_institution_of_higher_education, special_designations, us_owned_business",https://www.usaspending.gov/award/ASST_NON_80NSSC25K7548_080/,,,,
DOGE,TX-15,The University of Texas Rio Grande Valley,80NSSC22K1681,P00005,A,NEW,2022-09-07,D,ADJUSTMENT TO COMPLETED PROJECT,2025-09-10,,,P00005,2025-09-10,2022-09-01,2025-03-21,period_of_performance,2024-08-31,220220.64,220220.64,"DOGE Action Date: 3/21/2025. Reported savings: $0.  21-eej21-0061, integration of satellite data on air pollution with socioeconomic indicators to assess the impacts of agricultural burning on local communities in the lower rio grande valley of south texas. - termination for convenience - earth science applications: equity and environmental justice support for smd/esd ",external_claim,,"educational_institution, government, higher_education, minority_serving_institution_of_higher_education, national_government, public_institution_of_higher_education, regional_and_state_government",https://www.usaspending.gov/award/ASST_NON_80NSSC22K1681_080/,DOGE,,0.0,3/21/2025
USAspending Terminations,TX-16,The University of Texas at El Paso,80NSSC25K7164,P00003,A,NEW,2024-11-15,B,CONTINUATION,2025-12-30,,,P00001,2025-02-21,2025-01-01,2026-12-31,period_of_performance,2025-12-31,119043.00,100937.76,FROM DUST TO PLANETESIMALS: GAS-PARTICLE INTERACTIONS IN BINARY SYSTEMS,obligation_clawback,"Pure-clawback deobligation P00001 on 2025-02-21 (40% of $199,043)","educational_institution, government, higher_education, local_government, minority_serving_institution_of_higher_education, national_government, public_institution_of_higher_education",https://www.usaspending.gov/award/ASST_NON_80NSSC25K7164_080/,,,,
DOGE,VA-11,"Three Wire Systems, LLC",80NSSC24FA558,P00001,,,2024-05-09,F,TERMINATE FOR CONVENIENCE (COMPLETE OR PARTIAL),2025-04-16,P00001,2025-04-16,,,2024-04-01,2025-04-16,period_of_performance,2025-06-30,17400.00,17400.00,Status: TERMINATED. Reported savings: $0. DOGE Action Date: 5/6/2025. Stor- one software renewal,external_claim,TERMINATED,"category_business, corporate_entity_not_tax_exempt, limited_liability_corporation, service_disabled_veteran_owned_business, small_business, special_designations, us_owned_business, veteran_owned_business",https://www.usaspending.gov/award/CONT_AWD_80NSSC24FA558_8000_NNG15SD25B_8000/,DOGE,TERMINATED,0.0,5/6/2025
NASA Procurement Data View,MS-04,Trilogy Medical Resources LLC,80SSC021F0001,P00004,,,2020-10-20,M,OTHER ADMINISTRATIVE ACTION,2025-04-08,,,,,2020-10-20,2025-04-08,period_of_performance,2021-06-30,32600.00,32600.00,STOP WORK NOTICE ISSUED WITH NOTIFICATION OF INTENT TO TERMINATE FOR CONVENIENCE - PROVIDE COVID-19 RAPID TESTING FOR STENNIS SPACE CENTER.,description_keyword,,"category_business, self_certified_small_disadvanted_business, small_business, sole_proprietorship, special_designations, subchapter_s_corporation, us_owned_business",https://www.usaspending.gov/award/CONT_AWD_80SSC021F0001_8000_80SSC021A0001_8000/,,,,
DOGE,MA-07,Trustees of Tufts College,80NSSC24K1232,P00002,A,NEW,2024-07-23,D,ADJUSTMENT TO COMPLETED PROJECT,2025-08-12,,,P00002,2025-08-12,2024-07-15,2025-03-21,period_of_performance,2028-07-14,169287.92,169287.92,"DOGE Action Date: 3/21/2025. Reported savings: $0.  environmental justice & public health: climate, land, & (HEALTH) outcome of dengue fever (CLOUD) ",external_claim,,"category_business, corporate_entity_tax_exempt, educational_institution, higher_education, nonprofit, private_institution_of_higher_education",https://www.usaspending.gov/award/ASST_NON_80NSSC24K1232_080/,DOGE,,0.0,3/21/2025
DOGE,MA-07,Trustees of Tufts College,80NSSC25K7031,P00003,A,NEW,2024-10-31,D,ADJUSTMENT TO COMPLETED PROJECT,2026-05-11,,,P00003,2026-05-11,2024-10-04,2025-06-06,period_of_performance,2027-10-03,149834.25,149834.25,"Status: TERMINATED. Reported savings: $604,288.00. DOGE Action Date: 9/18/2025. Basic research: integrating earth observations toward advancing equitable resilience to geohazards in a changing climate",external_claim,TERMINATED,"category_business, corporate_entity_tax_exempt, educational_institution, higher_education, nonprofit, private_institution_of_higher_education",https://www.usaspending.gov/award/ASST_NON_80NSSC25K7031_080/,DOGE,TERMINATED,604288.0,9/18/2025
DOGE,,Unibap Space Solutions Ab (PUBL),80NSSC24PA210,P00002,,,2023-11-29,F,TERMINATE FOR CONVENIENCE (COMPLETE OR PARTIAL),2025-03-28,P00002,2025-03-28,,,2023-11-30,2025-03-28,period_of_performance,2024-11-29,70000.00,70000.00,Status: TERMINATED. Reported savings: $0. DOGE Action Date: 4/10/2025. Unibap - ose-sat in-space autonomy testbed,external_claim,TERMINATED,"category_business, corporate_entity_tax_exempt, foreign_owned, manufacturer_of_goods, other_than_small_business, special_designations",https://www.usaspending.gov/award/CONT_AWD_80NSSC24PA210_8000_-NONE-_-NONE-/,DOGE,TERMINATED,0.0,4/10/2025
USAspending Terminations,FL-16,"Unipak Aviation, LLC",80GRC022AA021,P00003,,,2022-08-18,F,TERMINATE FOR CONVENIENCE (COMPLETE OR PARTIAL),2025-04-15,P00003,2025-04-15,,,2022-08-22,2025-04-15,idv_last_date_to_order,2027-05-31,0.00,,"TERMINATION FOR CONVENIENCE - NASA GLENN RESEARCH CENTER BLANKET PURCHASE AGREEMENT. EACH ORDER MAY INCLUDE, BUT IS NOT LIMITED TO, MACHINING, FABRICATION, WELDING/METAL JOINING, INSTRUMENTATION, INSPECTION AND NON-DESTRUCTIVE TESTING (NDT).",termination_action_code,Terminate-for-convenience action P00003 on 2025-04-15,"category_business, manufacturer_of_goods, partnership_or_limited_liability_partnership, self_certified_small_disadvanted_business, small_business, special_designations, us_owned_business",https://www.usaspending.gov/award/CONT_IDV_80GRC022AA021_8000/,,,,
DOGE,MD-03,Universities Space Research Association,80NSSC21M0003,P00011,A,NEW,2020-11-16,D,ADJUSTMENT TO COMPLETED PROJECT,2025-08-27,,,P00011,2025-08-27,2021-01-01,,,2025-12-31,2767668.23,2767668.23,Status: TERMINATED. Reported savings: $0. DOGE Action Date: 3/31/2025. Planetary exploration  - science activation program integration/ science engagement & partnerships division for support for science mission directorate (SMD),external_claim,TERMINATED,"category_business, corporate_entity_tax_exempt, nonprofit, other_than_small_business, special_designations, us_owned_business",https://www.usaspending.gov/award/ASST_NON_80NSSC21M0003_080/,DOGE,TERMINATED,0.0,3/31/2025
USAspending Terminations,DC-98,Universities Space Research Association,80NSSC24M0217,P00003,A,NEW,2024-09-19,D,ADJUSTMENT TO COMPLETED PROJECT,2026-04-08,,,P00003,2026-04-08,2024-08-01,2025-04-11,period_of_performance,2025-04-30,747.63,747.63,"NNH22ZDA001N-TWSC ""THE PROFESSIONAL ADVANCEMENT WORKSHOP SERIES (PAWS) CAPSTONE EVENT:.CREATING THE RISING TIDE.",obligation_clawback,"Pure-clawback deobligation P00001 on 2025-02-06 (97% of $26,692)","category_business, corporate_entity_tax_exempt, nonprofit, other_than_small_business, special_designations, us_owned_business",https://www.usaspending.gov/award/ASST_NON_80NSSC24M0217_080/,,,,
DOGE,CO-02,University Corporation for Atmospheric Research,80NSSC25PA068,P00003,,,2024-10-16,F,TERMINATE FOR CONVENIENCE (COMPLETE OR PARTIAL),2025-04-08,P00003,2025-04-08,,,2024-10-16,2025-04-08,period_of_performance,2025-12-31,14000.00,0.00,Status: TERMINATED. Reported savings: $0. DOGE Action Date: 4/11/2025. Other scientific and technical consulting services ot dynamical neutral atmosphere-ionosphere coupling-x (DYNAMIC-X)  phase a study virginia polytechnic institute and state university (VT)/work on the development of data assimilation system with the hao/ncar whole atmosphere community climate model.,external_claim,TERMINATED,"category_business, corporate_entity_tax_exempt, nonprofit, other_than_small_business, special_designations, us_owned_business",https://www.usaspending.gov/award/CONT_AWD_80NSSC25PA068_8000_-NONE-_-NONE-/,DOGE,TERMINATED,0.0,4/11/2025
DOGE,AK-00,University of Alaska Fairbanks,80NSSC24K1264,P00003,A,NEW,2024-07-11,D,ADJUSTMENT TO COMPLETED PROJECT,2026-03-11,,,P00003,2026-03-11,2024-06-12,2025-03-21,period_of_performance,2025-06-11,4718.63,4718.63,DOGE Action Date: 3/21/2025. Reported savings: $0.  bringing edia to the planetary sciences community: a two-day ag-style meeting of the cross-ag edia working group - termination for convenience agreement - bringing edia to the planetary sciences community: a two-day ag-style meeting of the cross-ag edia working group ,external_claim,,"educational_institution, government, higher_education, minority_serving_institution_of_higher_education, national_government, public_institution_of_higher_education, regional_and_state_government",https://www.usaspending.gov/award/ASST_NON_80NSSC24K1264_080/,DOGE,,0.0,3/21/2025
USAspending Terminations,AZ-07,University of Arizona,80NSSC23K1211,P00002,A,NEW,2023-07-31,D,ADJUSTMENT TO COMPLETED PROJECT,2025-02-11,,,P00002,2025-02-11,2023-08-15,2025-02-12,period_of_performance,2027-08-14,65437.55,65437.55,TOWARD UNIVERSAL QUANTUM OPTIMAL PHOTONIC PROCESSING USING QUANTUM COMPUTATION,obligation_clawback,"Pure-clawback deobligation P00002 on 2025-02-11 (59% of $159,848)","category_business, educational_institution, government, higher_education, minority_serving_institution_of_higher_education, national_government, other_than_small_business, public_institution_of_higher_education, regional_and_state_government",https://www.usaspending.gov/award/ASST_NON_80NSSC23K1211_080/,,,,
DOGE,AR-04,University of Arkansas System,80NSSC24K0113,P00004,A,NEW,2023-12-06,D,ADJUSTMENT TO COMPLETED PROJECT,2026-05-12,,,P00004,2026-05-12,2023-10-18,2025-03-21,period_of_performance,2028-10-17,0.00,0.00,"DOGE Action Date: 3/21/2025. Reported savings: $224,997.00. Here to observe student engagement program: university of arkansas at pine bluff",external_claim,,"educational_institution, government, higher_education, minority_serving_institution_of_higher_education, national_government, public_institution_of_higher_education, regional_and_state_government",https://www.usaspending.gov/award/ASST_NON_80NSSC24K0113_080/,DOGE,,224997.0,3/21/2025
USAspending Terminations,CA-36,"University of California, Los Angeles",80MSFC24CA008,P00011,,,2024-09-10,M,OTHER ADMINISTRATIVE ACTION,2026-06-25,,,,,2024-09-10,2027-10-31,period_of_performance,2027-10-31,16057000.00,6017891.59,"STOP WORK NOTICE ISSUED WITH NOTIFICATION OF INTENT TO DESCOPE - THE GOAL OF NEO SURVEYOR IS TO FIND, TRACK, AND CHARACTERIZE THE ASTEROIDS AND COMETS THAT COULD POTENTIALLY THREATEN THE EARTH.",termination_language,Termination-language transaction P00003 on 2025-01-23,"educational_institution, government, higher_education, national_government, public_institution_of_higher_education, regional_and_state_government",https://www.usaspending.gov/award/CONT_AWD_80MSFC24CA008_8000_-NONE-_-NONE-/,,,,
NASA Procurement Data View,HI-01,University of Hawaii,80NSSC24K1913,P00003,A,NEW,2024-09-06,B,CONTINUATION,2025-09-09,,,,,2024-09-05,2027-09-04,period_of_performance,2027-09-04,235960.00,178683.77,RESCIND - STOP WORK NOTICE ISSUED WITH NOTIFICATION OF INTENT TO TERMINATE - 21-JPSP21-0018 MICROWAVE MEASUREMENTS OF THE GALILEAN SATELLITES,description_keyword,,"educational_institution, government, higher_education, minority_serving_institution_of_higher_education, national_government, public_institution_of_higher_education, regional_and_state_government",https://www.usaspending.gov/award/ASST_NON_80NSSC24K1913_080/,,,,
USAspending Terminations,IL-13,University of Illinois,80NSSC23K0833,P00001,A,NEW,2023-05-17,D,ADJUSTMENT TO COMPLETED PROJECT,2025-05-06,,,P00001,2025-05-06,2023-06-16,2026-06-15,period_of_performance,2026-06-15,74152.54,74152.54,22-TOPST22-0023 BRINGING TOGETHER OPEN SCIENCE AND RESEARCH SOFTWARE,obligation_clawback,"Pure-clawback deobligation P00001 on 2025-05-06 (75% of $299,081)","educational_institution, government, higher_education, national_government, public_institution_of_higher_education, regional_and_state_government",https://www.usaspending.gov/award/ASST_NON_80NSSC23K0833_080/,,,,
USAspending Terminations,MD-07,University of Maryland Baltimore County,80GSFC23CA032,P00012,,,2023-02-23,F,TERMINATE FOR CONVENIENCE (COMPLETE OR PARTIAL),2026-07-30,P00012,2026-07-30,,,2023-02-23,2025-09-30,period_of_performance,,885525.56,885525.56,GEOSPACE DYNAMICS CONSTELLATION (GDC) MODULAR SPECTROMETER FOR  ATMOSPHERE AND IONOSPHERE CHARACTERIZATION (MOSAIC) INSTRUMENT  INVESTIGATION,termination_action_code,Terminate-for-convenience action P00012 on 2026-07-30,"educational_institution, government, higher_education, national_government, public_institution_of_higher_education, regional_and_state_government",https://www.usaspending.gov/award/CONT_AWD_80GSFC23CA032_8000_-NONE-_-NONE-/,,,,
USAspending Terminations,MD-04,"University of Maryland, College Park",80NSSC24K0157,P00002,A,NEW,2023-11-09,D,ADJUSTMENT TO COMPLETED PROJECT,2026-04-14,,,P00002,2026-04-14,2024-01-01,2026-12-31,period_of_performance,2026-12-31,124502.57,124502.57,23-XRP23_2-0090 STATISTICAL COMPARATIVE PLANETOLOGY FOR LOW-MASS ERA OF JWST,obligation_clawback,"Pure-clawback deobligation P00002 on 2026-04-14 (76% of $517,171)","educational_institution, government, higher_education, national_government, public_institution_of_higher_education, regional_and_state_government",https://www.usaspending.gov/award/ASST_NON_80NSSC24K0157_080/,,,,
DOGE,OK-04,University of Oklahoma,80NSSC25K7034,P00002,A,NEW,2024-10-28,D,ADJUSTMENT TO COMPLETED PROJECT,2025-08-15,,,P00002,2025-08-15,2024-10-02,2025-03-21,period_of_performance,2027-10-01,34613.83,34613.83,DOGE Action Date: 3/21/2025. Reported savings: $0.  building co-design and co-learning digital twins: supporting indigenous communities against tribal lands flooding ,external_claim,,"educational_institution, government, higher_education, national_government, public_institution_of_higher_education, regional_and_state_government",https://www.usaspending.gov/award/ASST_NON_80NSSC25K7034_080/,DOGE,,0.0,3/21/2025
DOGE,VA-07,University of Richmond,80NSSC25K7036,P00003,A,NEW,2024-11-19,D,ADJUSTMENT TO COMPLETED PROJECT,2026-04-30,,,P00003,2026-04-30,2024-10-04,2025-05-10,period_of_performance,2027-10-03,0.00,0.00,"DOGE Action Date: 5/14/2025. Reported savings: $0.  space exploration,  equity and environmental justice regarding the changing indigenous landscapes of virginia ",external_claim,,"category_business, corporate_entity_tax_exempt, educational_institution, higher_education, nonprofit, private_institution_of_higher_education",https://www.usaspending.gov/award/ASST_NON_80NSSC25K7036_080/,DOGE,,0.0,5/14/2025
USAspending Terminations,CA-37,University of Southern California,80NSSC23K1228,P00002,A,NEW,2023-08-03,D,ADJUSTMENT TO COMPLETED PROJECT,2025-05-06,,,P00002,2025-05-06,2023-08-01,2027-07-31,period_of_performance,2027-07-31,65662.76,65662.76,22-NSTGRO23-0391 ROBUST ONLINE SAFETY ASSURANCES FOR AUTONOMOUS PLANETARY MOBILITY IN UNCERTAIN AND VARIABLE TERRAINS,obligation_clawback,"Pure-clawback deobligation P00002 on 2025-05-06 (55% of $144,863)","category_business, corporate_entity_tax_exempt, educational_institution, higher_education, nonprofit, private_institution_of_higher_education",https://www.usaspending.gov/award/ASST_NON_80NSSC23K1228_080/,,,,
DOGE,TX-18,University of Texas Health Science Center at Houston,80NSSC24K0913,P00003,A,NEW,2024-06-06,D,ADJUSTMENT TO COMPLETED PROJECT,2026-04-30,,,P00003,2026-04-30,2024-06-06,2025-05-10,period_of_performance,2025-06-05,40652.80,40652.80,DOGE Action Date: 5/14/2025. Reported savings: $0. Climate & sustainability,external_claim,,"educational_institution, government, higher_education, national_government, public_institution_of_higher_education, regional_and_state_government",https://www.usaspending.gov/award/ASST_NON_80NSSC24K0913_080/,DOGE,,0.0,5/14/2025
DOGE,TX-18,University of Texas Health Science Center at Houston,80NSSC25K7030,P00003,A,NEW,2024-12-16,D,ADJUSTMENT TO COMPLETED PROJECT,2026-04-30,,,P00003,2026-04-30,2024-10-04,2025-05-10,period_of_performance,2027-10-03,69975.13,69975.13,"DOGE Action Date: 5/14/2025. Reported savings: $0.  health effects of light pollution, chicago's initiative for environmental justice and light pollution outreach ",external_claim,,"educational_institution, government, higher_education, national_government, public_institution_of_higher_education, regional_and_state_government",https://www.usaspending.gov/award/ASST_NON_80NSSC25K7030_080/,DOGE,,0.0,5/14/2025
USAspending Terminations,TX-25,University of Texas at Arlington,80GSFC22CA011,P00009,,,2022-08-25,F,TERMINATE FOR CONVENIENCE (COMPLETE OR PARTIAL),2026-01-30,P00009,2026-01-30,,,2022-08-25,2026-01-31,period_of_performance,2028-10-31,1533152.00,1448468.00,INTERDISCIPLINARY SCIENTIST SUPPORT FOR THE GEOSPACE DYNAMICS CONSTELLATION (GDC) PROGRAM.,termination_action_code,Terminate-for-convenience action P00009 on 2026-01-30,"educational_institution, government, higher_education, minority_serving_institution_of_higher_education, national_government, public_institution_of_higher_education, regional_and_state_government",https://www.usaspending.gov/award/CONT_AWD_80GSFC22CA011_8000_-NONE-_-NONE-/,,,,
DOGE,TX-25,University of Texas at Austin,80NSSC22K1675,P00003,A,NEW,2022-09-01,B,CONTINUATION,2025-03-21,,,,,2022-09-01,2025-03-21,period_of_performance,2024-08-31,249842.00,196892.73,"DOGE Action Date: 3/21/2025. Reported savings: $0.  eo14042 atx ca3tch up: climate atlas for accountability and advocacy strategies through co-production with historically underserved community partners in austin, tx - termination for convenience - earth science applications: equity and environmental justice support for smd/esd mission directorate ",external_claim,,"educational_institution, higher_education, minority_owned_business, nonprofit, other_minority_owned_business, public_institution_of_higher_education",https://www.usaspending.gov/award/ASST_NON_80NSSC22K1675_080/,DOGE,,0.0,3/21/2025
DOGE,TX-25,University of Texas at Austin,80NSSC24K1612,P00002,A,NEW,2024-09-05,D,ADJUSTMENT TO COMPLETED PROJECT,2026-03-11,,,P00002,2026-03-11,2024-08-16,2025-03-21,period_of_performance,2027-08-15,31233.60,31233.60,DOGE Action Date: 3/21/2025. Reported savings: $0.  23-earth23-0422 climate harmony: studying and informing urban climate efforts in central texas through the.development of a regional climate atlas ,external_claim,,"educational_institution, higher_education, minority_owned_business, nonprofit, other_minority_owned_business, public_institution_of_higher_education",https://www.usaspending.gov/award/ASST_NON_80NSSC24K1612_080/,DOGE,,0.0,3/21/2025
DOGE,VA-09,Virginia Polytechnic Institute & State University,80NSSC24K0176,P00004,A,NEW,2023-11-22,D,ADJUSTMENT TO COMPLETED PROJECT,2025-08-12,,,P00004,2025-08-12,2023-10-25,2025-03-21,period_of_performance,2026-10-24,390648.69,390648.69,"DOGE Action Date: 3/21/2025. Reported savings: $0.  democratizing data to support adaptation decision making in the north-atlantic coastal plain: land subsidence, compound flooding hazard and water quality - interdisciplinary research in earth science support for science mission directorate (SMD/ESD) ",external_claim,,"category_business, educational_institution, government, higher_education, national_government, other_than_small_business, public_institution_of_higher_education, regional_and_state_government",https://www.usaspending.gov/award/ASST_NON_80NSSC24K0176_080/,DOGE,,0.0,3/21/2025
DOGE,VA-04,Virginia State University,80NSSC24K0115,P00003,A,NEW,2023-11-29,D,ADJUSTMENT TO COMPLETED PROJECT,2025-09-25,,,P00003,2025-09-25,2023-10-18,2025-03-21,period_of_performance,2028-10-17,0.00,0.00,"DOGE Action Date: 3/21/2025. Reported savings: $224,850.00. Here to observe student engagement program: virginia state university",external_claim,,"educational_institution, government, higher_education, minority_serving_institution_of_higher_education, national_government, public_institution_of_higher_education, regional_and_state_government",https://www.usaspending.gov/award/ASST_NON_80NSSC24K0115_080/,DOGE,,224850.0,3/21/2025
USAspending Terminations,VA-04,Virginia State University,80NSSC25K0134,P00002,A,NEW,2025-08-05,B,CONTINUATION,2025-09-30,,,P00001,2025-09-10,2025-06-16,2027-06-15,period_of_performance,2027-06-15,239988.00,0.00,DEVELOPMENT OF LPBF-MANUFACTURED WAVEGUIDES FOR MILLIMETER-WAVE TELESCOPE APPLICATIONS: A FEASIBILITY STUDY,obligation_clawback,"Pure-clawback deobligation P00001 on 2025-09-10 (33% of $358,793)","educational_institution, government, higher_education, minority_serving_institution_of_higher_education, national_government, public_institution_of_higher_education, regional_and_state_government",https://www.usaspending.gov/award/ASST_NON_80NSSC25K0134_080/,,,,
USAspending Terminations,IL-05,Volaire Energy LLC,80NSSC25PA844,P00001,,,2025-04-04,F,TERMINATE FOR CONVENIENCE (COMPLETE OR PARTIAL),2026-02-20,P00001,2026-02-20,,,2025-04-03,2025-06-12,period_of_performance,2025-06-12,12000.00,0.00,GEER MASS FLOW METER,termination_action_code,Terminate-for-convenience action P00001 on 2026-02-20,"black_american_owned_business, category_business, corporate_entity_not_tax_exempt, dot_certified_disadvantaged_business_enterprise, economically_disadvantaged_women_owned_small_business, limited_liability_corporation, minority_owned_business, self_certified_small_disadvanted_business, small_business, special_designations, us_owned_business, woman_owned_business, women_owned_small_business",https://www.usaspending.gov/award/CONT_AWD_80NSSC25PA844_8000_-NONE-_-NONE-/,,,,
USAspending Terminations,MA-09,Woods Hole Oceanographic Institution,80NSSC23K1391,P00003,A,NEW,2023-08-29,D,ADJUSTMENT TO COMPLETED PROJECT,2026-04-19,,,P00003,2026-04-19,2023-09-01,2027-05-31,period_of_performance,2026-05-31,99999.00,34531.42,PI-MAP: PLANETARY INSTRUMENT FOR MULTIMODAL AUTONOMOUS PERCEPTION,obligation_clawback,"Pure-clawback deobligation P00003 on 2026-04-19 (33% of $149,998)","category_business, corporate_entity_tax_exempt, nonprofit",https://www.usaspending.gov/award/ASST_NON_80NSSC23K1391_080/,,,,
DOGE,MA-03,Zuken USA Inc,80NSSC24PC475,P00002,,,2024-09-20,F,TERMINATE FOR CONVENIENCE (COMPLETE OR PARTIAL),2025-04-08,P00002,2025-04-08,,,2024-10-01,2025-04-08,period_of_performance,2025-09-30,0.00,44325.00,"Status: TERMINATED. Reported savings: $44,325.00. DOGE Action Date: 6/27/2025. Zuken electrical design data management software (DS.E3) license, data and configuration management",external_claim,TERMINATED,"category_business, corporate_entity_not_tax_exempt, small_business, special_designations, us_owned_business",https://www.usaspending.gov/award/CONT_AWD_80NSSC24PC475_8000_-NONE-_-NONE-/,DOGE,TERMINATED,44325.0,6/27/2025
