Source,District,Recipient,Award ID,Latest Modification Number,Latest Modification Date,Start Date,End Date,Award Amount,Total Outlays,Description,Business Categories,URL,Claiming Source,Claimed Status,Claimed Savings,Claim Date
DOGE,WV-02,"A3l Federal Works,llc",80GSFC24CA024,P00013,2026-06-18,2024-07-08,2027-01-06,1007597.51,820237.05,"Status: TERMINATED. Reported savings: $1,423,496.00. DOGE Action Date: 4/14/2025. Knowledge management, events and communications supports (KMECS) ivv contract","8a_program_participant, category_business, economically_disadvantaged_women_owned_small_business, historically_underutilized_business_firm, limited_liability_corporation, self_certified_small_disadvanted_business, small_business, sole_proprietorship, special_designations, us_owned_business, woman_owned_business, women_owned_small_business",https://www.usaspending.gov/award/CONT_AWD_80GSFC24CA024_8000_-NONE-_-NONE-/,DOGE,TERMINATED,1423496.0,4/14/2025
USAspendingTerminations,TX-37,Aantilia LLC,80NSSC26P0289,P00001,2026-06-15,2026-03-02,2026-05-04,0.00,0.00,INSTRUMENT & LAB EQPT - 16 INCH DIAMETER FLAT MIRROR,"category_business, corporate_entity_not_tax_exempt, limited_liability_corporation, self_certified_small_disadvanted_business, small_business, special_designations, us_owned_business",https://www.usaspending.gov/award/CONT_AWD_80NSSC26P0289_8000_-NONE-_-NONE-/,,,,
USAspendingTerminations,CA-34,"Aecom Technical Services, Inc.",80KSC020D0016,P00007,2025-04-08,2020-09-25,2025-09-24,0.00,,"TERMINATION FOR CONVENIENCE (COMPLETE) - PROFESSIONAL CIVIL DESIGN SERVICES AT KENNEDY SPACE CENTER (KSC), AND VARIOUS NASA LOCATIONS, ASSETS, LAUNCH OR LANDING SITES WORLDWIDE.","category_business, corporate_entity_not_tax_exempt, other_than_small_business, special_designations, us_owned_business",https://www.usaspending.gov/award/CONT_IDV_80KSC020D0016_8000/,,,,
NASAGrants,GA-05,"Agnes Scott College, Inc.",80NSSC23M0123,P00002,2025-06-20,2023-08-01,2025-07-31,494824.00,494824.00,"Approved/ Awarded - Administrative | Administrative - Change Pop End Date, Administrative - Decrease. Alumnae network & career resources program ? stem support anchored at asc","educational_institution, higher_education, minority_owned_business, nonprofit, other_minority_owned_business, private_institution_of_higher_education",https://www.usaspending.gov/award/ASST_NON_80NSSC23M0123_080/,,,,
USAspendingTerminations,VA-11,Airbus Ds Geo Inc.,80HQTR21AA001,P00004,2025-03-28,2021-07-29,2025-03-11,0.00,,CANCELLATION - NO LONGER REQUIRED COMMERCIAL SMALLSAT DATA ACQUISITION PROGRAM (CSDAP)THE CONTRACTOR SHALL BE RESPONSIBLE FOR DELIVERY OF A COMPREHENSIVE CATALOGUE OF THE SYNTHETIC APERTURE RADAR (SAR) EARTH OBSERVATION DATA PRODUCTS.,"category_business, corporate_entity_not_tax_exempt, foreign_owned, foreign_owned_and_us_located_business, other_than_small_business, special_designations",https://www.usaspending.gov/award/CONT_IDV_80HQTR21AA001_8000/,,,,
NASAGrants,WI-04,Alverno College,80NSSC23M0119,P00002,2026-07-06,2023-08-01,2025-07-31,455222.76,455222.76,"Approved/ Awarded - Administrative | Administrative - Change Pop End Date, Administrative - Decrease. Alverno college ""launching the future"": an intersectional approach to boosting recruitment and retention of women in stem undergraduate education","category_business, corporate_entity_tax_exempt, educational_institution, higher_education, minority_serving_institution_of_higher_education, nonprofit, private_institution_of_higher_education",https://www.usaspending.gov/award/ASST_NON_80NSSC23M0119_080/,,,,
NPDV,DC-98,American Geophysical Union,80NSSC22K0223,P00006,2026-05-20,2021-11-09,2025-05-09,1414711.87,1414711.87,"TERMINATION FOR CONVENIENCE AGREEMENT - AGU, AAS, ASGSR TO NASA: SUPPORTING EARLY CAREER RESEARCHERS POST PANDEMIC - SUPPORT FOR SMD DIRECTORATE","category_business, minority_owned_business, nonprofit, other_minority_owned_business, other_than_small_business, special_designations, us_owned_business",https://www.usaspending.gov/award/ASST_NON_80NSSC22K0223_080/,,,,
NASAGrants,DC-98,American University,80NSSC23M0024,P00004,2026-04-20,2023-01-26,2025-04-08,197381.55,197381.55,"Approved/ Awarded - Administrative | Administrative - Decrease, Administrative - Change Pop End Date. Modeling of exoplanet atmospheres and climates","category_business, corporate_entity_tax_exempt, educational_institution, higher_education, nonprofit, private_institution_of_higher_education",https://www.usaspending.gov/award/ASST_NON_80NSSC23M0024_080/,,,,
USAspendingTerminations,WI-07,"Applied Fab & Machining, Inc.",80GRC022AA005,P00002,2025-04-15,2022-08-22,2025-04-15,0.00,,"TERMINATION FOR CONVENIENCE - NASA GLENN RESEARCH CENTER BLANKET PURCHASE AGREEMENT. EACH ORDER MAY INCLUDE, BUT IS NOT LIMITED TO, MACHINING, FABRICATION, WELDING/METAL JOINING, INSTRUMENTATION, INSPECTION AND NON-DESTRUCTIVE TESTING (NDT)","category_business, corporate_entity_not_tax_exempt, manufacturer_of_goods, service_disabled_veteran_owned_business, small_business, special_designations, subchapter_s_corporation, us_owned_business, veteran_owned_business",https://www.usaspending.gov/award/CONT_IDV_80GRC022AA005_8000/,,,,
USAspendingTerminations,VA-11,Ares Technical Services Corporation,80GSFC25P0001,P00001,2025-09-24,2025-04-08,2025-05-31,0.00,0.00,"SMAS III PHASE-IN - SUPPORTS DEVELOPMENT OF SAFETY AND MISSION ASSURANCE REQUIREMENTS AND THE INDEPENDENT SURVEILLANCE, AUDIT, REVIEW AND ASSESSMENT OF DESIGN, DEVELOPMENT, TEST, AND MISSION OPERATIONS ACTIVITIES.","category_business, corporate_entity_not_tax_exempt, small_business, special_designations, us_owned_business",https://www.usaspending.gov/award/CONT_AWD_80GSFC25P0001_8000_-NONE-_-NONE-/,,,,
LocalUSASpendingMirror,AZ-04,Arizona State University,80NSSC21K1274,P00005,2025-05-21,2021-08-16,2024-05-07,187989.46,187989.46,FUNCTIONALIZATION OF NANOPOROUS COVALENT ORGANIC FRAMEWORKS TO ENHANCE PROCESSABILITY AND BROADEN SEPARATION APPLICATIONS,"educational_institution, government, higher_education, minority_serving_institution_of_higher_education, national_government, public_institution_of_higher_education, regional_and_state_government",https://www.usaspending.gov/award/ASST_NON_80NSSC21K1274_080/,,,,
LocalUSASpendingMirror,AZ-04,Arizona State University,80NSSC23K1164,P00003,2026-02-20,2023-06-26,2025-02-10,4809.13,4809.13,22-MMXPSP22-0030 DETERMINING PHOBOS ORIGIN VIA THE OPAQUE MINERALOGY OF RETURNED SAMPLES,"educational_institution, government, higher_education, minority_serving_institution_of_higher_education, national_government, public_institution_of_higher_education, regional_and_state_government",https://www.usaspending.gov/award/ASST_NON_80NSSC23K1164_080/,,,,
LocalUSASpendingMirror,AZ-04,Arizona State University,80NSSC23K0787,P00002,2026-02-20,2023-04-01,2025-02-10,113229.37,113229.37,WE PROPOSE TO INVESTIGATE GRAIN MIGRATION IN THE PROTOPLANETARY DISK DURING THE ERA OF CHONDRULE FORMATION BY INVESTIGATING THE CHEMICAL AND O-ISOTOPE COMPOSITIONS OF CHONDRULE PRECURSORS. WHILE THE DISCOVERY OF CALCIUM-ALUMINUM RICH INCLUSIONS AND CHONDRULE-LIKE OBJECTS IN COMET WILD 2 SHOWED THAT OUTWARD MIGRATION OF SUB-MM SIZED-PARTICLES OCCURRED VERY EARLY IN THE SOLAR SYSTEM  THE EXTENT AND DIRECTION(S) OF MIGRATION AFTER THIS EARLY TIME IN SOLAR SYSTEM HISTORY IS NOT KNOWN. THE PROPOSED WORK IS RELEVANT TO THE SCOPE OF THE EMERGING WORLDS PROGRAM  AS ITS GOAL IS   TO ADVANCE SCIENTIFIC KNOWLEDGE OF THE SOLAR SYSTEM BY INVESTIGATING HOW IT FORMED AND EVOLVED  THROUGH THE ANALYSES OF EXTRATERRESTRIAL MATERIALS IN THE LABORATORY. EMERGING WORLDS IS MOST APPROPRIATE FOR THIS RESEARCH SINCE IT IS RELEVANT TO MULTIPLE TOPICS LISTED IN THE PROGRAM S SCOPE IN C.2.  INCLUDING  BUT NOT LIMITED TO:  STUDIES OF ALL ASPECTS OF MATERIALS PRESENT AND PROCESSES OCCURRING IN AND AFFECTING THE PROTOPLANETARY DISK  . WE WILL ACHIEVE THESE GOALS BY DETERMINING THE MORPHOLOGIES  ELEMENTAL  AND O-ISOTOPE COMPOSITIONS OF CHONDRULE PRECURSORS USING STATE-OF-THE-ART COORDINATED MICROANALYTICAL TECHNIQUES (FIELD EMISSION ELECTRON PROBE MICROANALYSIS AND SECONDARY ION MASS SPECTROMETRY). PARTIALLY MELTED CHONDRULES CONTAIN UNMELTED CHONDRULE PRECURSOR SILICATES THAT SURVIVED HEATING DURING CHONDRULE FORMATION  WHICH ARE TERMED RELICT GRAINS. THESE RELICT GRAINS MAY BE PRIMORDIAL SILICATES RELATED TO REFRACTORY INCLUSIONS  RECYCLED CHONDRULE FRAGMENTS FROM THE SAME METEORITE GROUP  XENOCRYSTS FROM ANOTHER CHONDRITE GROUP  OR DEBRIS FROM DIFFERENTIATED/ UNDIFFERENTIATED PLANETESIMALS. CHONDRULES FROM DISTINCT METEORITE GROUPS HAVE CHARACTERISTIC CHEMICAL AND/OR O-ISOTOPE COMPOSITIONS  ALLOWING US TO IDENTIFY THE ORIGIN(S) OF RELICT GRAINS. RELICT GRAINS IN CHONDRULES ARE IMPORTANT TO STUDY BECAUSE WE KNOW THEY WERE PRESENT DURING CHONDRULE FORMATION IN THE EARLY SOLAR SYSTEM. BY CONSTRAINING THE ORIGIN(S) OF RELICT GRAINS IN CHONDRULES FROM METEORITE GROUPS WITH DISTINCT ESTABLISHED FORMATION AGES THAT FORMED AT DISTINCT RADIAL LOCATIONS IN THE PROTOPLANETARY DISK  WE WILL INVESTIGATE GRAIN MIGRATION BETWEEN CHONDRITE GROUPS PRIOR TO AND DURING CHONDRULE FORMATION AND CONSTRAIN THEIR SOURCE(S). OUR PRELIMINARY DATA INDICATE THAT CHONDRULE FRAGMENTS MIGRATED BETWEEN DISTINCT CHONDRULE-FORMING REGIONS  FROM THE NON-CARBONACEOUS [NC] METEORITE REGION IN THE INNER SOLAR SYSTEM TO THE CARBONACEOUS CHONDRITE [CC] METEORITE REGION IN THE OUTER SOLAR SYSTEM REGION  IMPLYING OUTWARD MIGRATION OF GRAINS IN THE PROTOPLANETARY DISK. OUR DATA WILL HAVE SIGNIFICANT IMPLICATIONS FOR MIXING OF MATERIAL IN THE EARLY SOLAR SYSTEM  AND ASSUMING 26AL HOMOGENEITY  PROVIDE ESTIMATES ON THE TIMING OF SUCH MIGRATION(S) BETWEEN FORMATION REGIONS. DETERMINING THE ORIGIN(S) OF CHONDRULE PRECURSORS  RELICT GRAINS  WILL PROVIDE ANALYTICAL CONSTRAINTS TO TEST OUR HYPOTHESIS THAT THE RADIAL MIGRATION OF GRAINS IN THE PROTOPLANETARY DISK DURING THE ERA OF CHONDRULE FORMATION WAS OUTWARD.,"educational_institution, government, higher_education, minority_serving_institution_of_higher_education, national_government, public_institution_of_higher_education, regional_and_state_government",https://www.usaspending.gov/award/ASST_NON_80NSSC23K0787_080/,,,,
LocalUSASpendingMirror,MD-07,"Association of Universities for Research in Astronomy, Inc.",80NSSC25K7577,P00002,2026-03-05,2025-03-01,2026-02-25,647.87,647.87,CATCHING TRANSIENT OBSCURING OUTFLOWS IN AGN WITH SWIFT,"category_business, corporate_entity_tax_exempt, nonprofit",https://www.usaspending.gov/award/ASST_NON_80NSSC25K7577_080/,,,,
LocalUSASpendingMirror,MD-07,"Association of Universities for Research in Astronomy, Inc.",80NSSC24K0540,P00005,2026-03-20,2024-03-01,2026-03-10,7052.30,7052.30,23-XMMNC22-0020 CATCHING CHANGING-LOOK NGC 3516 AT A BRIGHT FLUX TO ESTABLISH THE ROLE OF WINDS,"category_business, corporate_entity_tax_exempt, nonprofit",https://www.usaspending.gov/award/ASST_NON_80NSSC24K0540_080/,,,,
LocalUSASpendingMirror,MD-07,"Association of Universities for Research in Astronomy, Inc.",80NSSC23K0241,P00004,2026-03-20,2023-02-01,2026-03-10,22153.65,22153.65,21-NUSTAR21-0005  DECIPHERING EVOLUTION OF CHANGING-LOOK AGN NGC 3516,"category_business, corporate_entity_tax_exempt, nonprofit",https://www.usaspending.gov/award/ASST_NON_80NSSC23K0241_080/,,,,
DOGE,MD-06,Autonomic Integra LLC,80GSFC23CA041,P00028,2026-06-12,2023-03-01,2027-02-28,14272022.47,11685239.76,"Status: FUNDING ONLY ACTION. Reported savings: $21,134,122.00. DOGE Action Date: 3/20/2025. The purpose of this contract is to acquire scientific support and related services for the giss facility in new york city, ny.","category_business, dot_certified_disadvantaged_business_enterprise, limited_liability_corporation, minority_owned_business, partnership_or_limited_liability_partnership, sba_certified_8a_joint_venture, self_certified_small_disadvanted_business, small_business, special_designations, subcontinent_asian_indian_american_owned_business, us_owned_business",https://www.usaspending.gov/award/CONT_AWD_80GSFC23CA041_8000_-NONE-_-NONE-/,DOGE,FUNDING ONLY ACTION,21134122.0,3/20/2025
USAspendingTerminations,TX-18,"Axial Global, LLC.",80GRC022AA006,P00002,2025-04-15,2022-08-22,2025-04-15,0.00,,"TERMINATION FOR CONVENIENCE - NASA GLENN RESEARCH CENTER BLANKET PURCHASE AGREEMENT. EACH ORDER MAY INCLUDE, BUT IS NOT LIMITED TO, MACHINING, FABRICATION, WELDING/METAL JOINING, INSTRUMENTATION, INSPECTION AND NON-DESTRUCTIVE TESTING (NDT).","category_business, manufacturer_of_goods, partnership_or_limited_liability_partnership, small_business, special_designations, us_owned_business",https://www.usaspending.gov/award/CONT_IDV_80GRC022AA006_8000/,,,,
LocalUSASpendingMirror,AZ-01,"Axon Enterprise, Inc.",80NSSC25PA110,P00003,2025-05-19,2024-10-29,2025-04-24,0.00,0.00,DEOB,"category_business, corporate_entity_not_tax_exempt, manufacturer_of_goods, other_than_small_business, special_designations, us_owned_business",https://www.usaspending.gov/award/CONT_AWD_80NSSC25PA110_8000_-NONE-_-NONE-/,,,,
DOGE,MD-05,"B/W Color Prints, LLC",80NSSC25FA145,P00001,2025-06-27,2025-01-14,2025-03-31,10771.00,10771.00,Status: Expired. Reported savings: $0. DOGE Action Date: 3/20/2025. Printing services for inspire/strategic communications,"category_business, corporate_entity_not_tax_exempt, limited_liability_corporation, small_business, special_designations, us_owned_business",https://www.usaspending.gov/award/CONT_AWD_80NSSC25FA145_8000_GS07F216BA_4732/,DOGE,Expired,0.0,3/20/2025
LocalUSASpendingMirror,FL-08,BRPH Architects Engineers Inc,80KSC025FA049,P00002,2026-07-06,2025-06-02,2026-07-10,73533.90,65715.90,"SOUTHEAST REGIONAL ARCHITECT-ENGINEER (SERAE) TASK ORDER TO REPLACE T-10 TRANSFORMER AT C5 SUBSTATION AT KENNEDY SPACE CENTER, FLORIDA","category_business, corporate_entity_not_tax_exempt, other_than_small_business, special_designations, us_owned_business",https://www.usaspending.gov/award/CONT_AWD_80KSC025FA049_8000_80KSC022DA114_8000/,,,,
DOGE,TX-36,"Barrios Technology, LLC",80HQTR24F0046,P00002,2025-03-20,2024-04-16,2025-01-22,226082.84,179082.90,"Status: Expired. Reported savings: $261,854.00. DOGE Action Date: 3/20/2025. Strategic planning, analysis, and programmatic support for.planetary sciences division.hq science mission directorate","category_business, limited_liability_corporation, partnership_or_limited_liability_partnership, small_business, special_designations, us_owned_business, woman_owned_business, women_owned_small_business",https://www.usaspending.gov/award/CONT_AWD_80HQTR24F0046_8000_80MSFC21D0009_8000/,DOGE,Expired,261854.0,3/20/2025
DOGE,TX-36,"Barrios Technology, LLC",80HQTR24F0070,P00001,2025-03-20,2024-08-01,2025-01-22,112312.76,75051.32,"Status: Expired. Reported savings: $122,313.00. DOGE Action Date: 3/20/2025. Research and development in the physical, engineering, and life sciences (except nanotechnology and biotechnology)","category_business, limited_liability_corporation, partnership_or_limited_liability_partnership, small_business, special_designations, us_owned_business, woman_owned_business, women_owned_small_business",https://www.usaspending.gov/award/CONT_AWD_80HQTR24F0070_8000_80MSFC21D0009_8000/,DOGE,Expired,122313.0,3/20/2025
DOGE,TX-36,"Barrios Technology, LLC",80HQTR24F0071,P00001,2025-03-20,2024-08-01,2025-01-22,82838.19,55355.35,"Status: Expired. Reported savings: $82,838.00. DOGE Action Date: 3/20/2025. The project aims to enhance administrative operations and optimize efficiency within odeo by leveraging the expertise of an administrative operations specialist.","category_business, limited_liability_corporation, partnership_or_limited_liability_partnership, small_business, special_designations, us_owned_business, woman_owned_business, women_owned_small_business",https://www.usaspending.gov/award/CONT_AWD_80HQTR24F0071_8000_80MSFC21D0009_8000/,DOGE,Expired,82838.0,3/20/2025
DOGE,TX-36,"Barrios Technology, LLC",80HQTR24F0074,P00001,2025-03-20,2024-08-01,2025-01-22,82838.19,55355.35,"Status: Expired. Reported savings: $82,838.00. DOGE Action Date: 3/20/2025. Will be responsible for overseeing and managing the successful execution of special projects","category_business, limited_liability_corporation, partnership_or_limited_liability_partnership, small_business, special_designations, us_owned_business, woman_owned_business, women_owned_small_business",https://www.usaspending.gov/award/CONT_AWD_80HQTR24F0074_8000_80MSFC21D0009_8000/,DOGE,Expired,82838.0,3/20/2025
DOGE,TX-36,"Barrios Technology, LLC",80HQTR24F0064,P00003,2025-03-21,2024-06-24,2025-03-21,129377.08,33554.38,"Status: Expired. Reported savings: $129,377.00. DOGE Action Date: 3/20/2025. Coordinate and support the utilization of msds risk management plan and agency procedural documents and provide analysis and recommendation support to assist with msd risk management.","category_business, limited_liability_corporation, partnership_or_limited_liability_partnership, small_business, special_designations, us_owned_business, woman_owned_business, women_owned_small_business",https://www.usaspending.gov/award/CONT_AWD_80HQTR24F0064_8000_80MSFC21D0009_8000/,DOGE,Expired,129377.0,3/20/2025
DOGE,TX-36,"Barrios Technology, LLC",80HQTR24F0073,P00001,2025-03-21,2024-08-05,2025-03-21,74496.90,16699.75,"Status: Expired. Reported savings: $74,497.00. DOGE Action Date: 3/20/2025. Provide primary integration and administrative support to the esdmd moon to mars (M2M) program planning & control (PP&C) office","category_business, limited_liability_corporation, partnership_or_limited_liability_partnership, small_business, special_designations, us_owned_business, woman_owned_business, women_owned_small_business",https://www.usaspending.gov/award/CONT_AWD_80HQTR24F0073_8000_80MSFC21D0009_8000/,DOGE,Expired,74497.0,3/20/2025
LocalUSASpendingMirror,TX-36,"Barrios Technology, LLC",80HQTR25F7080,P00001,2025-08-28,2025-04-16,2025-09-05,44947.72,44947.72,PROJECT COORDINATION SUPPORT FOR COMPLAINTS DIVISION.,"category_business, limited_liability_corporation, partnership_or_limited_liability_partnership, small_business, special_designations, us_owned_business, woman_owned_business, women_owned_small_business",https://www.usaspending.gov/award/CONT_AWD_80HQTR25F7080_8000_80MSFC21D0009_8000/,,,,
LocalUSASpendingMirror,TX-36,"Barrios Technology, LLC",80HQTR25F7083,P00001,2025-09-04,2025-04-16,2025-09-05,39097.16,39097.16,PROJECT COORDINATION SERVICES FOR ARMD.,"category_business, limited_liability_corporation, partnership_or_limited_liability_partnership, small_business, special_designations, us_owned_business, woman_owned_business, women_owned_small_business",https://www.usaspending.gov/award/CONT_AWD_80HQTR25F7083_8000_80MSFC21D0009_8000/,,,,
USAspendingTerminations,TX-36,"Barrios Technology, LLC",80HQTR24F0072,P00002,2026-03-27,2024-08-01,2025-04-09,177017.05,177017.05,"STOP WORK NOTICE ISSUED WITH NOTIFICATION OF INTENT TO TERMINATE FOR CONVENIENCE-PROVIDES DATA AND EVIDENCE-DRIVEN ADVICE TO NASA LEADERSHIP TO ASSURE AN INTEGRATED ENTERPRISE APPROACH TO TECHNOLOGY, POLICY, AND STRATEGY.","category_business, limited_liability_corporation, partnership_or_limited_liability_partnership, small_business, special_designations, us_owned_business, woman_owned_business, women_owned_small_business",https://www.usaspending.gov/award/CONT_AWD_80HQTR24F0072_8000_80MSFC21D0009_8000/,,,,
USAspendingTerminations,VA-11,"Bechtel National, Inc.",80KSC019C0013,P00180,2026-05-06,2019-07-01,2026-06-05,1550689354.01,1463153431.17,DESIGN AND CONSTRUCTION OF NASA SPACE LAUNCH SYSTEM (SLS) MOBILE LAUNCHER 2 (ML2).,"category_business, corporate_entity_not_tax_exempt, other_than_small_business, special_designations, us_owned_business",https://www.usaspending.gov/award/CONT_AWD_80KSC019C0013_8000_-NONE-_-NONE-/,,,,
USAspendingTerminations,VA-11,"Blacksky Geospatial Solutions, LLC",80HQTR21AA002,P00005,2025-04-21,2021-09-30,2025-03-11,0.00,,LEGAL CONTRACT CANCELLATION - NO LONGER REQUIRED COMMERCIAL SMALLSAT DATA ACQUISITION PROGRAM (CSDAP) EARTH SCIENCES DIVISION,"category_business, corporate_entity_not_tax_exempt, small_business, special_designations, us_owned_business",https://www.usaspending.gov/award/CONT_IDV_80HQTR21AA002_8000/,,,,
NPDV,DE-00,Blue Marble Space,80NSSC23M0020,P00004,2026-05-20,2023-01-01,2025-05-09,44879.00,44879.00,TERMINATION FOR CONVENIENCE AGREEMENT - THREE-DIMENSIONAL MODELING OF OBSERVABLE TERRESTRIAL WORLDS - SUPPORT FOR SMD DIRECTORATE,"category_business, corporate_entity_tax_exempt, nonprofit",https://www.usaspending.gov/award/ASST_NON_80NSSC23M0020_080/,,,,
LocalUSASpendingMirror,TX-23,"Blue Origin Texas, LLC",80AFRC25FA003,P00001,2026-04-14,2024-11-04,2025-07-31,0.00,0.00,UNIQUE VEHICLE CAPABILITY ASSESSMENT AND FUTURE SPACE TECHNOLOGY INTEGRATION STUDY DEMONSTRATING ALIGNMENT WITH FLIGHT OPPORTUNITIES PROGRAM OBJECTIVES AND GOALS. INCLUDES PAYLOAD SUITABILITY AND THE END-TO-END PAYLOAD INTEGRATION PROCESS.,"category_business, corporate_entity_not_tax_exempt, limited_liability_corporation, manufacturer_of_goods, other_than_small_business, special_designations, us_owned_business",https://www.usaspending.gov/award/CONT_AWD_80AFRC25FA003_8000_80AFRC25DA001_8000/,,,,
LocalUSASpendingMirror,NE-01,Board of Regents of the University of Nebraska,80NSSC23K0584,P00004,2026-02-05,2023-05-01,2025-01-31,119990.98,119990.98,22-NIAC23B-0017  BIOMINERALIZATION-ENABLED SELF-GROWING BUILDING BLOCKS FOR HABITAT OUTFITTING ON MARS,"category_business, corporate_entity_tax_exempt, educational_institution, higher_education, nonprofit, public_institution_of_higher_education",https://www.usaspending.gov/award/ASST_NON_80NSSC23K0584_080/,,,,
DOGE,VA-11,Booz Allen Hamilton Inc,80JSC024FA083,P00002,2025-07-31,2024-03-05,2025-01-22,1923416.00,1923416.00,"Status: TERMINATED. Reported savings: $0. DOGE Action Date: 3/20/2025. NASA’s deia strategic plan emphasizes the need to implement a deia analytics capability within NASA’s enterprise data platform (EDP) to enable evidence-based awareness, planning, decisions, and assessments of the current and future state of deia at NASA. the way forward for NASA’s deia analytics capability and the application of it","category_business, corporate_entity_not_tax_exempt, other_than_small_business, special_designations, us_owned_business",https://www.usaspending.gov/award/CONT_AWD_80JSC024FA083_8000_80JSC023AA001_8000/,DOGE,TERMINATED,0.0,3/20/2025
DOGE,VA-11,Booz Allen Hamilton Inc,80JSC024FA088,0,2025-07-31,2024-03-13,2025-03-13,442470.00,442470.00,"Status: Expired. Reported savings: $0. DOGE Action Date: 3/20/2025. The contractor shall provide independent programmatic and institutional assessment capability to support NASA. reviews and assessments are performed in support of organizational tactical and strategic planning efforts specifically for strategic messaging within the heliophysics science community, responding to the the next decade of discovery in solar and space physics: exploring and safeguarding humanity's home in space released in 2024, overall strategy and implementation of the space weather program and heliophysics digital resource library, leadership and division operational management, knowledge management, and support for division digital organization tools. the scope of reviews and assessments supported within this statement of work (SOW) includes NASA programs, projects within the heliophysics division as NASA headquarters.","category_business, corporate_entity_not_tax_exempt, other_than_small_business, special_designations, us_owned_business",https://www.usaspending.gov/award/CONT_AWD_80JSC024FA088_8000_80JSC023AA001_8000/,DOGE,Expired,0.0,3/20/2025
DOGE,VA-11,Booz Allen Hamilton Inc,80JSC024FA120,P00003,2025-07-31,2024-05-21,2025-05-21,857617.00,857617.00,"Status: Expired. Reported savings: $0. DOGE Action Date: 3/20/2025. The contractor shall assess and evaluate existing NASA science mission directorate (SMD) programming and procedures to identify gaps and/or underlying issues in support of the open science strategic initiatives. recommend updates to strategy documents and collect modifications for input. provide an assessment and recommendations to cross-cutting alignments across the directorate. the contractor shall facilitate planning and discussion meetings to conduct strategic assessment activities, provide recommendations on agenda and materials and document results, and report findings and recommendations to the oscdo and other leadership to inform mission directorate processes. the contractor shall develop and foster relationships with agency points of contact and others to further the oscdo offices’ goals. the contractor shall monitor developments in and around open science and technology polices relative to agency and ocsdo goals and directives. the contractor shall provide management and assessment of ocsdo schedules, milestones, actions, and risks using applicable tools and trackers. the contractor shall review and assess strategic engagement opportunities on behalf of smd ocsdo front office, open science data officer, and open science program scientist and recommend strategies to maximize reach and impact. recommend processes, slide deck templates (internal and external), and procedures to optimize the programs’ activities and knowledge management practices.","category_business, corporate_entity_not_tax_exempt, other_than_small_business, special_designations, us_owned_business",https://www.usaspending.gov/award/CONT_AWD_80JSC024FA120_8000_80JSC023AA001_8000/,DOGE,Expired,0.0,3/20/2025
USAspendingTerminations,VA-11,Booz Allen Hamilton Inc,80NSSC24AA015,P00004,2026-02-03,2024-01-29,2025-03-12,0.00,,TERMINATION FOR CONVENIENCE AGREEMENT - CHANGE MANAGEMENT SUPPORT SERVICE BPSS FOR NASA ADMINISTRATIVE SUITE.,"category_business, corporate_entity_not_tax_exempt, other_than_small_business, special_designations, us_owned_business",https://www.usaspending.gov/award/CONT_IDV_80NSSC24AA015_8000/,,,,
DOGE,VA-11,Booz Allen Hamilton Inc,80JSC025FA015,P00003,2026-03-19,2024-11-01,2026-10-31,1986458.00,1586789.00,"Status: ADDITIONAL WORK (NEW AGREEMENT, JUSTIFICATION REQUIRED). Reported savings: $0. DOGE Action Date: 3/20/2025. Game changing development (GCD) program data management and gcd tool support","category_business, corporate_entity_not_tax_exempt, other_than_small_business, special_designations, us_owned_business",https://www.usaspending.gov/award/CONT_AWD_80JSC025FA015_8000_80JSC023AA001_8000/,DOGE,"ADDITIONAL WORK (NEW AGREEMENT, JUSTIFICATION REQUIRED)",0.0,3/20/2025
DOGE,VA-11,Booz Allen Hamilton Inc,80JSC024FA135,P00002,2026-05-01,2024-06-11,2025-01-22,701923.00,701923.00,Status: TERMINATED. Reported savings: $0. DOGE Action Date: 3/20/2025. Strategic professional engineering assessment contract ii (SPEACII),"category_business, corporate_entity_not_tax_exempt, other_than_small_business, special_designations, us_owned_business",https://www.usaspending.gov/award/CONT_AWD_80JSC024FA135_8000_80JSC023AA001_8000/,DOGE,TERMINATED,0.0,3/20/2025
USAspendingTerminations,RI-01,Brown University,80NSSC25K0030,P00001,2026-02-05,2025-07-01,2026-01-19,0.00,0.00,EXECUTE A BALANCED SCIENCE PROGRAM BASED ON DISCIPLINE-SPECIFIC GUIDANCE FROM THE NATIONAL ACADEMIES OF SCIENCES  ENGINEERING  AND MEDICINE  ADMINISTRATION PRIORITIES  AND DIRECTION FROM CONGRESS.   PARTICIPATE AS A KEY PARTNER AND ENABLER IN THE AGE,"category_business, corporate_entity_tax_exempt, educational_institution, higher_education, nonprofit, private_institution_of_higher_education",https://www.usaspending.gov/award/ASST_NON_80NSSC25K0030_080/,,,,
DOGE,RI-01,Brown University,80NSSC24K0178,P00003,2026-04-06,2023-11-01,2025-03-21,352074.28,352074.28,"DOGE Action Date: 3/21/2025. Reported savings: $380,667.00. Basic research: NASA earth observations for resilient salton sea communities","category_business, corporate_entity_tax_exempt, educational_institution, higher_education, nonprofit, private_institution_of_higher_education",https://www.usaspending.gov/award/ASST_NON_80NSSC24K0178_080/,DOGE,,380667.0,3/21/2025
USAspendingTerminations,RI-01,Brown University,80NSSC25M7096,P00003,2026-05-05,2025-01-28,2027-01-27,187500.00,125000.00,24-24NIACPROP-0008  MYCOTECTURE OFF PLANET: EN ROUTE TO THE MOON AND MARS,"category_business, corporate_entity_tax_exempt, educational_institution, higher_education, nonprofit, private_institution_of_higher_education",https://www.usaspending.gov/award/ASST_NON_80NSSC25M7096_080/,,,,
LocalUSASpendingMirror,RI-01,Brown University,80NSSC23K0935,P00002,2026-06-05,2023-05-01,2025-08-26,124083.70,124083.70,22-ICESAT2_22-0016 OBSERVING THE MARGINAL ICE ZONE WITH ICESAT-2: IMPROVING ESTIMATES OF SEA ICE FREEBOARD AND STORM IMPACTS,"category_business, corporate_entity_tax_exempt, educational_institution, higher_education, nonprofit, private_institution_of_higher_education",https://www.usaspending.gov/award/ASST_NON_80NSSC23K0935_080/,,,,
USAspendingTerminations,MA-03,Bruker Scientific LLC,80TECH25PA010,P00001,2025-07-09,2025-02-25,2025-02-26,0.00,0.00,VERTEX 80V SPECTROMETER,"category_business, corporate_entity_not_tax_exempt, foreign_owned_and_us_located_business, limited_liability_corporation, manufacturer_of_goods, other_than_small_business, special_designations",https://www.usaspending.gov/award/CONT_AWD_80TECH25PA010_8000_-NONE-_-NONE-/,,,,
DOGE,VA-08,"Bryce Solutions, LLC",80NSSC23FB052,P00017,2026-02-10,2023-09-01,2025-02-28,2527240.48,2305450.88,"Status: Expired. Reported savings: $5,013,199.49. DOGE Action Date: 2/18/2025. Provides leadership and executive level one-on-one coaching services to the NASA enterprise-wide human capital support services (NEHCSS) contract.","category_business, joint_venture_women_owned_small_business, limited_liability_corporation, partnership_or_limited_liability_partnership, small_business, special_designations, us_owned_business, woman_owned_business, women_owned_small_business",https://www.usaspending.gov/award/CONT_AWD_80NSSC23FB052_8000_80NSSC23DA002_8000/,DOGE,Expired,5013199.49,2/18/2025
DOGE,VA-08,"Bryce Space and Technology, LLC",80NSSC24FA979,P00004,2026-01-15,2024-08-01,2025-04-10,645125.14,645125.14,"Status: TERMINATED. Reported savings: $4,667,483.22. DOGE Action Date: 4/4/2025. Administrative management and general management consulting services to provide NASA leadership with independent diagnostics and strategic advisory work on matters involving, technology policy and economics through independent research and analysis that answers specific questions on topics of interest.","category_business, limited_liability_corporation, partnership_or_limited_liability_partnership, small_business, special_designations, us_owned_business, woman_owned_business, women_owned_small_business",https://www.usaspending.gov/award/CONT_AWD_80NSSC24FA979_8000_80NSSC24AA010_8000/,DOGE,TERMINATED,4667483.22,4/4/2025
USAspendingTerminations,VA-08,"Bryce Space and Technology, LLC",80NSSC24AA010,P00004,2026-05-21,2024-01-29,2026-05-19,0.00,,TERMINATION FOR CONVENIENCE AGREEMENT - CHANGE MANAGEMENT SUPPORT SERVICE BPSS FOR NASA ADMINISTRATIVE SUITE.,"category_business, limited_liability_corporation, partnership_or_limited_liability_partnership, small_business, special_designations, us_owned_business, woman_owned_business, women_owned_small_business",https://www.usaspending.gov/award/CONT_IDV_80NSSC24AA010_8000/,,,,
DOGE,CA-20,Business Class Aviation Inc.,80NSSC23PA010,P00004,2025-08-13,2022-10-01,2025-04-08,0.00,0.00,"Status: TERMINATED. Reported savings: $96,700.00. DOGE Action Date: 3/20/2025. Dc-8 and sofia aircraft storage and parts removal","category_business, corporate_entity_not_tax_exempt, self_certified_small_disadvanted_business, small_business, special_designations, subchapter_s_corporation, us_owned_business",https://www.usaspending.gov/award/CONT_AWD_80NSSC23PA010_8000_-NONE-_-NONE-/,DOGE,TERMINATED,96700.0,3/20/2025
NPDV,PA-11,Caes Mission Systems LLC,80NSSC26P0092,P00002,2026-06-17,2025-12-18,2026-08-18,45694.00,0.00,SCALED COMPOSITES PN: SALES-003 PN: 570014-XXX FLIGHT TERMINATION RECEIVER/DECODER AND UHF COMMAND ANTENNA REPLACEMENT,"category_business, corporate_entity_not_tax_exempt, limited_liability_corporation, manufacturer_of_goods, other_than_small_business, special_designations, us_owned_business",https://www.usaspending.gov/award/CONT_AWD_80NSSC26P0092_8000_-NONE-_-NONE-/,,,,
NPDV,CA-28,California Institute of Technology,80NM0018F0669,P00007,2025-04-21,2018-10-01,2025-04-07,906320.78,624806.22,STOP WORK ORDER ISSUED WITH NOTIFICATION OF INTENT TO TERMINATE FOR CONVENIENCE - GEOSTATIONARY CARBON CYCLE OBSERVATORY (GEOCARB) PRE-PHASE A AND PHASE A (87-700073) FOR SMD DIRECTORATE,"category_business, corporate_entity_tax_exempt, educational_institution, higher_education, nonprofit, other_than_small_business, private_institution_of_higher_education, special_designations, us_owned_business",https://www.usaspending.gov/award/CONT_AWD_80NM0018F0669_8000_80NM0018D0004_8000/,,,,
LocalUSASpendingMirror,CA-28,California Institute of Technology,80NM0022F0008,P00013,2025-06-10,2018-10-01,2025-03-31,31000000.00,31000000.00,FY2022 4TH QUARTER FIXED FEE THE FIXED FEE IS FOR THE CONTRACT/SPONSORING AGREEMENT BETWEEN THE NASA AND THE CALTECH OPERATION OF THE FFRDC KNOWN AS THE JPL.,"category_business, corporate_entity_tax_exempt, educational_institution, higher_education, nonprofit, other_than_small_business, private_institution_of_higher_education, special_designations, us_owned_business",https://www.usaspending.gov/award/CONT_AWD_80NM0022F0008_8000_80NM0018D0004_8000/,,,,
LocalUSASpendingMirror,CA-28,California Institute of Technology,80NSSC21K1280,P00006,2025-08-20,2021-08-02,2024-08-30,196116.33,196116.33,WE ARE PROPOSING TO DEMONSTRATE TWO TYPES OF NOVEL ON-CHIP LASER SOURCES IN THE NEAR AND MID INFRARED.,"category_business, corporate_entity_tax_exempt, educational_institution, higher_education, nonprofit, other_than_small_business, private_institution_of_higher_education, special_designations, us_owned_business",https://www.usaspending.gov/award/ASST_NON_80NSSC21K1280_080/,,,,
LocalUSASpendingMirror,CA-28,California Institute of Technology,80MSFC19C0042,P00045,2025-09-26,2019-09-05,2025-09-30,51861005.60,50746644.85,"FOR LUNAR TRAILBLAZER PHASES C/D EFFORT, THE CONTRACTOR SHALL BASELINE OPERATIONAL PROCEDURES, FLIGHT SYSTEM OPERATIONS MANUALS, KEY FLIGHT SEQUENCES, AND PREPARE FOR THE PROJECT LEVEL CRITICAL DESIGN REVIEW AND SYSTEM INTEGRATION REVIEW.","category_business, corporate_entity_tax_exempt, educational_institution, higher_education, nonprofit, other_than_small_business, private_institution_of_higher_education, special_designations, us_owned_business",https://www.usaspending.gov/award/CONT_AWD_80MSFC19C0042_8000_-NONE-_-NONE-/,,,,
NPDV,CA-28,California Institute of Technology,80NM0024F0047,P00004,2026-04-13,2024-09-09,2026-02-28,127003.61,51292.77,TERMINATION FOR CONVENIENCE AGREEMENT - ADVANCING VIETNAM'S MARINE SPATIAL PLANNING FOR OFFSHORE WIND ENERGY DEVELOPMENT (82-222737),"category_business, corporate_entity_tax_exempt, educational_institution, higher_education, nonprofit, other_than_small_business, private_institution_of_higher_education, special_designations, us_owned_business",https://www.usaspending.gov/award/CONT_AWD_80NM0024F0047_8000_80NM0018D0004_8000/,,,,
NPDV,CA-28,California Institute of Technology,80NM0018F0566,P00029,2026-05-01,2018-10-01,2026-03-29,3743031.81,3255060.09,STOP WORK NOTICE ISSUED WITH NOTIFICATION OF INTENT TO TERMINATE FOR CONVENIENCE - OFFICE OF CHIEF TECHNOLOGIST (OCT) STRATEGIC INTEGRATION FOR SMD DIRECTORATE,"category_business, corporate_entity_tax_exempt, educational_institution, higher_education, nonprofit, other_than_small_business, private_institution_of_higher_education, special_designations, us_owned_business",https://www.usaspending.gov/award/CONT_AWD_80NM0018F0566_8000_80NM0018D0004_8000/,,,,
NPDV,CA-28,California Institute of Technology,80NM0019F0075,P00009,2026-06-17,2019-08-02,2025-04-02,1140711.53,960005.72,TERMINATION FOR CONVENIENCE AGREEMENT - MARS TO MOON ENGINEERING SUPPORT FOR XYZ DIRECTORATE,"category_business, corporate_entity_tax_exempt, educational_institution, higher_education, nonprofit, other_than_small_business, private_institution_of_higher_education, special_designations, us_owned_business",https://www.usaspending.gov/award/CONT_AWD_80NM0019F0075_8000_80NM0018D0004_8000/,,,,
USAspendingTerminations,CA-11,Capella Space Corporation,80HQTR23AA002,P00005,2025-04-21,2023-04-07,2025-03-11,0.00,,LEGAL CONTRACT CANCELLATION - NO LONGER REQUIRED COMMERCIAL SMALLEST DATA ACQUISITION (CSDA) PROGRAM - EARTH SCIENCES DIVISION,"category_business, corporate_entity_not_tax_exempt, manufacturer_of_goods, small_business, special_designations, us_owned_business",https://www.usaspending.gov/award/CONT_IDV_80HQTR23AA002_8000/,,,,
DOGE,MD-07,"Career Communications Group, Inc.",80NSSC24PB891,P00003,2025-05-15,2024-09-01,2025-04-16,12500.00,12500.00,"Status: TERMINATED. Reported savings: $0. DOGE Action Date: 5/6/2025. Women of color in science, technology, engineering, and mathematics silver partnership and participation in their national convention","black_american_owned_business, category_business, corporate_entity_not_tax_exempt, dot_certified_disadvantaged_business_enterprise, minority_owned_business, self_certified_small_disadvanted_business, small_business, special_designations, subchapter_s_corporation, us_owned_business",https://www.usaspending.gov/award/CONT_AWD_80NSSC24PB891_8000_-NONE-_-NONE-/,DOGE,TERMINATED,0.0,5/6/2025
LocalUSASpendingMirror,PA-12,Carnegie-Mellon University,80NSSC21K0446,P00014,2026-06-19,2021-01-05,2026-06-10,854833.50,854833.50,AUTONOMOUS NAVIGATION FOR SMALL SPACECRAFT FORMATIONS,"category_business, corporate_entity_tax_exempt, educational_institution, higher_education, nonprofit, other_than_small_business, private_institution_of_higher_education, special_designations, us_owned_business",https://www.usaspending.gov/award/ASST_NON_80NSSC21K0446_080/,,,,
USAspendingTerminations,OH-11,Case Western Reserve University,80GRC024CA008,P00003,2025-06-10,2023-11-01,2024-03-31,33269.00,33269.00,STOP WORK NOTICE ISSUED WITH NOTICE OF INTENT TO DE-SCOPE. CENTRIFUGAL ACCELERATION TESTING - NASA GRC IS PURSUING THE DEVELOPMENT OF DYNAMIC CONVERSION TECHNOLOGIES TO SUPPORT SCIENCE MISSION POWER SYSTEM DEVELOPMENT.,"category_business, corporate_entity_tax_exempt, educational_institution, higher_education, nonprofit, other_than_small_business, private_institution_of_higher_education, special_designations, us_owned_business",https://www.usaspending.gov/award/CONT_AWD_80GRC024CA008_8000_-NONE-_-NONE-/,,,,
USAspendingTerminations,DC-98,Catholic University of America (THE),80NSSC23K1058,P00005,2025-12-19,2024-01-01,2025-09-11,120698.84,120698.84,A STUDY OF OSCILLATIONS IN STELLAR AND SOLAR FLARES.,"category_business, corporate_entity_tax_exempt, educational_institution, higher_education, nonprofit, private_institution_of_higher_education",https://www.usaspending.gov/award/ASST_NON_80NSSC23K1058_080/,,,,
NASAGrants,PA-07,Cedar Crest College,80NSSC23M0127,P00002,2025-06-20,2023-08-01,2026-07-31,500000.00,500000.00,"Approved/ Awarded - Administrative | Administrative - Change Pop End Date, Administrative - Decrease. Towers ? tackling obstacles for women's engagement & retention in stem at cedar crest college","category_business, corporate_entity_tax_exempt, educational_institution, higher_education, nonprofit, private_institution_of_higher_education",https://www.usaspending.gov/award/ASST_NON_80NSSC23M0127_080/,,,,
DOGE,VA-11,"Chenega Global Protection, LLC",80HQTR23FA044,P00005,2026-03-24,2023-06-20,2025-02-28,231345.20,231345.20,Status: TERMINATED. Reported savings: $0. DOGE Action Date: 4/1/2025. NASA hq protective service- security police officer post- east lobby- earth information center (EIC) - termination for convenience agreement- earth information center (EIC) support for NASA office of protective services,"8a_program_participant, alaskan_native_corporation_owned_firm, category_business, limited_liability_corporation, minority_owned_business, native_american_owned_business, other_minority_owned_business, self_certified_small_disadvanted_business, small_business, special_designations, us_owned_business",https://www.usaspending.gov/award/CONT_AWD_80HQTR23FA044_8000_80GSFC23DA004_8000/,DOGE,TERMINATED,0.0,4/1/2025
DOGE,OH-11,Cleveland State University,80NSSC22K1658,P00003,2026-04-06,2023-01-01,2025-03-21,149765.00,134223.37,DOGE Action Date: 3/21/2025. Reported savings: $0.  improved monitoring and management of urban tree equity: integrating metrics of tree quality with tree cover - commercial satellite data analysis characterizing canopy chlorophyll and photosynthetic productivity for agricultural crops and forest monitoring support for smd/esd directorate ,"educational_institution, government, higher_education, national_government, public_institution_of_higher_education, regional_and_state_government",https://www.usaspending.gov/award/ASST_NON_80NSSC22K1658_080/,DOGE,,0.0,3/21/2025
NASAGrants,NE-02,College of Saint Mary,80NSSC23M0124,P00002,2025-06-20,2023-08-01,2025-07-31,368044.00,274299.00,"Approved/ Awarded - Administrative | Administrative - Change Pop End Date, Administrative - Decrease. Project bloom for women in stem? bolstering learning, opportunities, outreach, and mindfulness","category_business, corporate_entity_tax_exempt, educational_institution, higher_education, nonprofit, private_institution_of_higher_education",https://www.usaspending.gov/award/ASST_NON_80NSSC23M0124_080/,,,,
DOGE,MD-03,Colossal Contracting LLC,80NSSC25FA078,P00001,2025-08-13,2024-11-24,2025-04-16,16200.00,16200.00,Status: TERMINATED. Reported savings: $0. DOGE Action Date: 5/6/2025. Prisma cloud security renewal,"category_business, corporate_entity_not_tax_exempt, limited_liability_corporation, self_certified_small_disadvanted_business, service_disabled_veteran_owned_business, small_business, special_designations, subchapter_s_corporation, us_owned_business, veteran_owned_business",https://www.usaspending.gov/award/CONT_AWD_80NSSC25FA078_8000_NNG15SD72B_8000/,DOGE,TERMINATED,0.0,5/6/2025
LocalUSASpendingMirror,,Compagnie Maritime d'EXPERTISES,80NSSC25PC038,P00001,2026-04-30,2025-09-26,2025-12-11,0.00,0.00,CHAMBER SERVICES FOR DECOMPRESSION SICKNESS TESTING OF EXERCISE COUNTERMEASURES.,"category_business, corporate_entity_not_tax_exempt, foreign_owned, other_than_small_business, special_designations",https://www.usaspending.gov/award/CONT_AWD_80NSSC25PC038_8000_-NONE-_-NONE-/,,,,
NPDV,MD-03,Cornell Technical Services LLC,80LARC25F7011,P00003,2025-04-10,2024-11-19,2025-07-31,780306.00,690426.26,STOP WORK NOTICE ISSUED WITH NOTIFICATION OF INTENT TO TERMINATE FOR CONVENIENCE - 2025 ASTROPHYSICS DIVISION SENIOR REVIEW,"category_business, limited_liability_corporation, partnership_or_limited_liability_partnership, small_business, special_designations, us_owned_business",https://www.usaspending.gov/award/CONT_AWD_80LARC25F7011_8000_80LARC20D0007_8000/,,,,
USAspendingTerminations,MD-03,Cornell Technical Services LLC,80LARC21F0083,P00007,2025-08-05,2021-03-17,2025-04-18,115865.00,114570.06,STOP WORK NOTICE ISSUED WITH NOTIFICATION OF INTENT TO TERMINATE FOR CONVENIENCE - SOMA VAULT ADMINISTRATION,"category_business, limited_liability_corporation, partnership_or_limited_liability_partnership, small_business, special_designations, us_owned_business",https://www.usaspending.gov/award/CONT_AWD_80LARC21F0083_8000_80LARC20D0007_8000/,,,,
USAspendingTerminations,MD-03,Cornell Technical Services LLC,80LARC21F0153,P00007,2025-09-22,2021-09-10,2025-04-18,316380.00,313302.24,"STOP WORK NOTICE ISSUED WITH NOTIFICATION OF INTENT TO TERMINATE FOR CONVENIENCE - MARS EXPLORATION PROGRAM (MEP) ASSESSMENT FOR MANAGEMENT, PLANNING, TECHNICAL, SCIENTIFIC, RISK, COST, AND SCHEDULE SUPPORT","category_business, limited_liability_corporation, partnership_or_limited_liability_partnership, small_business, special_designations, us_owned_business",https://www.usaspending.gov/award/CONT_AWD_80LARC21F0153_8000_80LARC20D0007_8000/,,,,
DOGE,NY-19,Cornell University,80NSSC24K1193,P00002,2026-04-06,2024-07-01,2025-03-21,95267.75,95267.75,"DOGE Action Date: 3/21/2025. Reported savings: $389,598.00. Basic research: an innovative workshop on equity, diversity, inclusion, and accessibility for leaders in planetary science","category_business, corporate_entity_tax_exempt, educational_institution, higher_education, manufacturer_of_goods, nonprofit, other_than_small_business, private_institution_of_higher_education, public_institution_of_higher_education, veterinary_college",https://www.usaspending.gov/award/ASST_NON_80NSSC24K1193_080/,DOGE,,389598.0,3/21/2025
NASAGrants,NY-19,Cornell University,80NSSC21K1288,P00006,2026-07-06,2021-08-16,2025-06-30,300273.00,300273.00,"Approved/ Awarded - Administrative | Administrative - Change Pop End Date, Administrative - Decrease. Advancing microwave kinetic inductance technology for cosmology and astrophysics applications","category_business, corporate_entity_tax_exempt, educational_institution, higher_education, manufacturer_of_goods, nonprofit, other_than_small_business, private_institution_of_higher_education, public_institution_of_higher_education, veterinary_college",https://www.usaspending.gov/award/ASST_NON_80NSSC21K1288_080/,,,,
DOGE,DC-08,"Costar Realty Information, Inc.",80NSSC24PB717,P00002,2025-12-09,2024-07-12,2025-04-08,49050.00,49050.00,Status: TERMINATED. Reported savings: $0. DOGE Action Date: 5/6/2025. Web search portals and all other information services: costar,"category_business, corporate_entity_not_tax_exempt, small_business, special_designations, us_owned_business",https://www.usaspending.gov/award/CONT_AWD_80NSSC24PB717_8000_-NONE-_-NONE-/,DOGE,TERMINATED,0.0,5/6/2025
DOGE,VA-08,Creative Solutions International Coporation,80NSSC23FA279,P00003,2025-04-21,2023-03-07,2025-02-20,138793.75,108446.41,Status: TERMINATED. Reported savings: $0. DOGE Action Date: 2/18/2025. Consulting and meeting facilitation in support of ocio transformation initiatives,"category_business, corporate_entity_not_tax_exempt, self_certified_small_disadvanted_business, small_business, special_designations, us_owned_business, woman_owned_business",https://www.usaspending.gov/award/CONT_AWD_80NSSC23FA279_8000_GS10F0331M_4730/,DOGE,TERMINATED,0.0,2/18/2025
USAspendingTerminations,OH-07,Crescent Electric Supply Co,80NSSC26P0115,P00001,2026-03-23,2026-03-05,2027-03-04,0.00,0.00,SCHNEIDER ELECTRIC SOFTWARE SUPPORT RENEWAL,"category_business, corporate_entity_not_tax_exempt, other_than_small_business, special_designations, subchapter_s_corporation, us_owned_business",https://www.usaspending.gov/award/CONT_AWD_80NSSC26P0115_8000_-NONE-_-NONE-/,,,,
LocalUSASpendingMirror,CA-14,"Crowdplat, Inc.",80JSC024F0086,P00001,2026-02-18,2024-09-18,2025-04-21,150000.00,150000.00,PER- AND POLYFLUOROALKYL SUBSTANCES (PFAS) PRIZE COMPETITIONS,"category_business, corporate_entity_not_tax_exempt, minority_owned_business, self_certified_small_disadvanted_business, small_business, special_designations, subcontinent_asian_indian_american_owned_business, us_owned_business",https://www.usaspending.gov/award/CONT_AWD_80JSC024F0086_8000_80JSC020D0040_8000/,,,,
DOGE,VA-08,"Crown Innovations, Inc.",80HQTR24FA038,P00002,2025-03-20,2024-06-06,2025-03-20,136646.85,75915.14,Status: Expired. Reported savings: $0. DOGE Action Date: 2/18/2025. Technical support for armd's office of the associate administrator,"category_business, corporate_entity_not_tax_exempt, minority_owned_business, self_certified_small_disadvanted_business, small_business, special_designations, subchapter_s_corporation, subcontinent_asian_indian_american_owned_business, us_owned_business",https://www.usaspending.gov/award/CONT_AWD_80HQTR24FA038_8000_80HQTR24AA006_8000/,DOGE,Expired,0.0,2/18/2025
NPDV,NY-12,"Datadog, Inc.",80NSSC24PB139,P00002,2025-12-05,2024-06-01,2025-04-08,0.00,0.00,TERMINATION FOR CONVENIENCE AGREEMENT - DATADOG SUBSCRIPTION,"category_business, corporate_entity_not_tax_exempt, other_than_small_business, special_designations, us_owned_business",https://www.usaspending.gov/award/CONT_AWD_80NSSC24PB139_8000_-NONE-_-NONE-/,,,,
USAspendingTerminations,VA-08,Deloitte Consulting LLP,80NSSC24AA011,P00004,2026-02-02,2024-01-29,2024-01-29,0.00,,TERMINATION FOR CONVENIENCE AGREEMENT - CHANGE MANAGEMENT SUPPORT SERVICE BPAS FOR NASA ADMINISTRATIVE SUITE.,"category_business, other_than_small_business, partnership_or_limited_liability_partnership, special_designations, us_owned_business",https://www.usaspending.gov/award/CONT_IDV_80NSSC24AA011_8000/,,,,
DOGE,VA-08,Deloitte Consulting LLP,80HQTR25FA019,P00001,2026-06-26,2025-02-11,2025-08-11,90488.46,90488.46,"Status: Expired. Reported savings: $0. DOGE Action Date: 3/20/2025. The technical work performed directly enables NASA to submit the annual president's budget request & congressional justification, required by the following laws: budget & accounting act (p.l. 67-13), budget impoundment & control act (p.l. 93-344). the task ends 8/11/2025 because the work will be complete.","category_business, other_than_small_business, partnership_or_limited_liability_partnership, special_designations, us_owned_business",https://www.usaspending.gov/award/CONT_AWD_80HQTR25FA019_8000_80HQTR22AA005_8000/,DOGE,Expired,0.0,3/20/2025
DOGE,VA-08,Deloitte Consulting LLP,80HQTR23FA018,P00002,2026-07-01,2023-02-08,2025-07-31,659225.96,644337.82,Status: Expired. Reported savings: $0. DOGE Action Date: 3/20/2025. Conducting evidence and evaluation activities for the space technology mission directorate in order to meet the requirements of the evidence act (p.l. 115-435).,"category_business, other_than_small_business, partnership_or_limited_liability_partnership, special_designations, us_owned_business",https://www.usaspending.gov/award/CONT_AWD_80HQTR23FA018_8000_80HQTR22AA005_8000/,DOGE,Expired,0.0,3/20/2025
USAspendingTerminations,WA-02,Devglobal Partners LLC,80NSSC26P0502,P00001,2026-07-08,2026-04-27,2026-11-01,0.00,0.00,FACILITATION AND LOGISTICAL COORDINATION OF THE 2026 SMD DATA REPOSITORIES WORKSHOP,"category_business, limited_liability_corporation, self_certified_small_disadvanted_business, small_business, sole_proprietorship, special_designations, us_owned_business",https://www.usaspending.gov/award/CONT_AWD_80NSSC26P0502_8000_-NONE-_-NONE-/,,,,
DOGE,MD-06,"Diversified Services Group, Inc.",80NSSC22PA482,P00006,2025-04-08,2022-07-01,2025-04-09,46982.62,46982.54,"Status: TERMINATED. Reported savings: $38,577.84. DOGE Action Date: 4/14/2025. Live plant maintenance services","black_american_owned_business, category_business, corporate_entity_not_tax_exempt, dot_certified_disadvantaged_business_enterprise, economically_disadvantaged_women_owned_small_business, minority_owned_business, self_certified_small_disadvanted_business, small_business, special_designations, us_owned_business, woman_owned_business, women_owned_small_business",https://www.usaspending.gov/award/CONT_AWD_80NSSC22PA482_8000_-NONE-_-NONE-/,DOGE,TERMINATED,38577.84,4/14/2025
USAspendingTerminations,PA-03,Drexel University,80NSSC24K0482,P00004,2025-09-19,2023-11-30,2026-11-29,150000.00,127836.00,22-ASTRO22-0070 INVESTIGATING CHAOS AND COMPLEXITY IN THE ACCRETION MODES OF STELLAR AND SUPERMASSIVE BLACK HOLES,"category_business, corporate_entity_tax_exempt, educational_institution, higher_education, nonprofit, private_institution_of_higher_education",https://www.usaspending.gov/award/ASST_NON_80NSSC24K0482_080/,,,,
DOGE,TX-26,"Eli Group, LLC",80NSSC24PA590,P00001,2025-04-21,2024-06-12,2025-03-06,27500.00,27500.00,Status: TERMINATED. Reported savings: $0. DOGE Action Date: 2/18/2025. Eli group leadership lab for women,"category_business, corporate_entity_not_tax_exempt, limited_liability_corporation, self_certified_small_disadvanted_business, small_business, special_designations, us_owned_business, woman_owned_business",https://www.usaspending.gov/award/CONT_AWD_80NSSC24PA590_8000_-NONE-_-NONE-/,DOGE,TERMINATED,0.0,2/18/2025
DOGE,TX-26,"Eli Group, LLC",80NSSC24PC331,P00001,2025-11-26,2025-02-19,2025-02-19,27500.00,27500.00,Status: TERMINATED. Reported savings: $0. DOGE Action Date: 2/18/2025. The exclusive leadership lab for women provides senior-level women with a development program designed to enhance leadership influence and behavior change to help them succeed within your organization.,"category_business, corporate_entity_not_tax_exempt, limited_liability_corporation, self_certified_small_disadvanted_business, small_business, special_designations, us_owned_business, woman_owned_business",https://www.usaspending.gov/award/CONT_AWD_80NSSC24PC331_8000_-NONE-_-NONE-/,DOGE,TERMINATED,0.0,2/18/2025
LocalUSASpendingMirror,FL-06,"Embry-Riddle Aeronautical University, Inc.",80NSSC23K1200,P00003,2026-05-20,2023-08-15,2025-05-15,167958.68,167958.68,NOVEL DUAL QUATERNION BASED MODEL AND CONTROL FOR GRAVITY RECOVERY MISSIONS,"category_business, corporate_entity_tax_exempt, educational_institution, higher_education, nonprofit, private_institution_of_higher_education",https://www.usaspending.gov/award/ASST_NON_80NSSC23K1200_080/,,,,
DOGE,GA-05,Emory University,80NSSC25K7032,P00003,2026-05-20,2024-10-04,2025-05-10,72879.91,72879.91,DOGE Action Date: 5/14/2025. Reported savings: $0.  basic research grant: advancing environmental justice in atlanta through geographic information system-enabled community engagement ,"category_business, corporate_entity_tax_exempt, educational_institution, higher_education, nonprofit, other_than_small_business, private_institution_of_higher_education, special_designations, us_owned_business",https://www.usaspending.gov/award/ASST_NON_80NSSC25K7032_080/,DOGE,,0.0,5/14/2025
DOGE,MD-08,"Emp Consultants, LLC",80NSSC24PA710,P00001,2025-03-27,2024-05-01,2025-04-30,45960.00,45960.00,"Status: TERMINATED. Reported savings: $45,960.00. DOGE Action Date: 3/20/2025. This order is for novice software and support maintenance.","category_business, corporate_entity_not_tax_exempt, limited_liability_corporation, small_business, special_designations, us_owned_business",https://www.usaspending.gov/award/CONT_AWD_80NSSC24PA710_8000_-NONE-_-NONE-/,DOGE,TERMINATED,45960.0,3/20/2025
LocalUSASpendingMirror,CO-06,Exoterra Resource LLC,80ARC020C0002,P00014,2025-04-14,2020-01-13,2025-04-30,1738528.00,1738528.00,"DESCOPE OF THE COURIER SOLAR ELECTRIC PROPULSION MODULE: MODULAR, FULLY INTEGRATED, MINIATURE HALL THRUSTER SYSTEM PRIMARILY DESIGNED FOR 12U CUBESATS","category_business, corporate_entity_not_tax_exempt, limited_liability_corporation, partnership_or_limited_liability_partnership, small_business, special_designations, us_owned_business",https://www.usaspending.gov/award/CONT_AWD_80ARC020C0002_8000_-NONE-_-NONE-/,,,,
LocalUSASpendingMirror,MD-08,"Fcn, Inc.",80NSSC26FA315,P00001,2026-07-01,2026-06-01,2026-07-01,0.00,,FY26 RED HAT RHEL LICENSE RENEWAL,"category_business, corporate_entity_not_tax_exempt, small_business, special_designations, us_owned_business, woman_owned_business, women_owned_small_business",https://www.usaspending.gov/award/CONT_AWD_80NSSC26FA315_8000_NNG15SC71B_8000/,,,,
USAspendingTerminations,PA-04,Fed Crew Inc,80NSSC25PB602,P00003,2026-05-01,2025-08-04,2025-09-25,0.00,0.00,SPHERICAL HEA ALLOY POWDER,"category_business, corporate_entity_not_tax_exempt, minority_owned_business, self_certified_small_disadvanted_business, small_business, special_designations, subcontinent_asian_indian_american_owned_business, us_owned_business, woman_owned_business, women_owned_small_business",https://www.usaspending.gov/award/CONT_AWD_80NSSC25PB602_8000_-NONE-_-NONE-/,,,,
NPDV,CA-47,"Flawless Photonics, Inc.",80JSC022CA012,P00008,2025-04-08,2022-08-25,2025-11-15,2315075.00,2315075.00,TERMINATION NOTICE ISSUED: IN SPACE PRODUCTION APPLICATIONS (INSPA) - FABRICATION OF FLAWLESSPREFORMS IN MICROGRAVITY FOR OA DIRECTORATE,"category_business, corporate_entity_not_tax_exempt, manufacturer_of_goods, self_certified_small_disadvanted_business, small_business, special_designations, us_owned_business",https://www.usaspending.gov/award/CONT_AWD_80JSC022CA012_8000_-NONE-_-NONE-/,,,,
DOGE,FL-08,"Florida First Robotics Education Foundation, Inc",80NSSC23PB058,P00002,2025-08-13,2023-05-15,2025-04-08,40200.00,40200.00,"Status: TERMINATED. Reported savings: $60,300.00. DOGE Action Date: 4/14/2025. Sponsorship of the first orlando regional","category_business, corporate_entity_tax_exempt, foundation, nonprofit, other_than_small_business, special_designations, us_owned_business",https://www.usaspending.gov/award/CONT_AWD_80NSSC23PB058_8000_-NONE-_-NONE-/,DOGE,TERMINATED,60300.0,4/14/2025
LocalUSASpendingMirror,FL-21,Florida Power & Light Company,80KSC020F0179,P00046,2025-09-08,2019-10-01,2025-03-31,6828880.18,6775605.32,KSC NATURAL GAS DISTRIBUTION UTILITY SERVICE.,"category_business, corporate_entity_not_tax_exempt, other_than_small_business",https://www.usaspending.gov/award/CONT_AWD_80KSC020F0179_8000_GS00P15BSD1124_4740/,,,,
USAspendingTerminations,FL-02,Florida State University,80NSSC23K0600,P00001,2026-02-20,2023-02-07,2026-02-15,0.00,0.00,SINGLE SOURCE  RODENT RESEARCH STANDARD HOUSING MISSION: MULTIDISCIPLINARY APPROACH TO UNDERSTANDING SPACEFLIGHT RESPONSES,"category_business, educational_institution, higher_education, minority_owned_business, nonprofit, other_minority_owned_business, other_than_small_business, public_institution_of_higher_education, special_designations, us_owned_business",https://www.usaspending.gov/award/ASST_NON_80NSSC23K0600_080/,,,,
USAspendingTerminations,FL-02,Florida State University,80NSSC23K0466,P00001,2026-03-20,2023-04-01,2026-03-31,15006.21,15006.21,22-ADAP22-0155  CONFRONTING CMB FOREGROUND MODELS WITH PLANCK DATA,"category_business, educational_institution, higher_education, minority_owned_business, nonprofit, other_minority_owned_business, other_than_small_business, public_institution_of_higher_education, special_designations, us_owned_business",https://www.usaspending.gov/award/ASST_NON_80NSSC23K0466_080/,,,,
DOGE,VA-11,"Four Points Technology, LLC",80NSSC23F0002,P00001,2025-05-14,2022-10-14,2025-04-21,19212.13,19212.13,Status: TERMINATED. Reported savings: $0. DOGE Action Date: 5/6/2025. Securid authenticator tokens,"category_business, corporate_entity_not_tax_exempt, limited_liability_corporation, service_disabled_veteran_owned_business, small_business, special_designations, us_owned_business, veteran_owned_business",https://www.usaspending.gov/award/CONT_AWD_80NSSC23F0002_8000_NNG15SD22B_8000/,DOGE,TERMINATED,0.0,5/6/2025
DOGE,CT-04,"Gartner, Inc.",80NSSC24PB679,P00002,2025-12-11,2024-07-01,2025-12-31,194382.00,194382.00,"Status: TERMINATED. Reported savings: $194,382.00. DOGE Action Date: 3/20/2025. NASA human capital gartner learning & development services","category_business, corporate_entity_not_tax_exempt, other_than_small_business, special_designations, us_owned_business",https://www.usaspending.gov/award/CONT_AWD_80NSSC24PB679_8000_-NONE-_-NONE-/,DOGE,TERMINATED,194382.0,3/20/2025
USAspendingTerminations,CA-30,"Geooptics, Inc.",80HQTR23AA001,P00006,2025-04-21,2022-11-14,2025-03-11,0.00,,LEGAL CONTRACT CANCELLATION - NO LONGER REQUIRED COMMERCIAL SMALLSAT DATA ACQUISITION (CSDA) PROGRAM - EARTH SCIENCES DIVISION,"category_business, corporate_entity_not_tax_exempt, small_business, special_designations, us_owned_business, veteran_owned_business",https://www.usaspending.gov/award/CONT_IDV_80HQTR23AA001_8000/,,,,
DOGE,VA-11,George Mason University,80NSSC24K0892,P00002,2025-09-05,2024-03-29,,0.00,0.00,DOGE Action Date: 3/21/2025. Reported savings: $0.  disparities in health and safety effects of dust storms in the united states - interdisciplinary research in earth sciences support for science mission directorate (SMD/ESD) ,"category_business, educational_institution, government, higher_education, minority_serving_institution_of_higher_education, national_government, other_than_small_business, public_institution_of_higher_education, regional_and_state_government",https://www.usaspending.gov/award/ASST_NON_80NSSC24K0892_080/,DOGE,,0.0,3/21/2025
NASAGrants,DC-98,George Washington University (THE),80NSSC24K0503,P00004,2026-07-20,2024-03-15,2025-07-11,506303.98,506303.98,"Approved/ Awarded - Administrative | Administrative - Decrease, Administrative - Change Pop End Date. Assessing environmental justice, air quality, and health co-benefits of transport interventions in u.s. urban areas","category_business, corporate_entity_tax_exempt, educational_institution, higher_education, nonprofit, other_than_small_business, private_institution_of_higher_education",https://www.usaspending.gov/award/ASST_NON_80NSSC24K0503_080/,,,,
LocalUSASpendingMirror,GA-05,Georgia Tech Research Corp,80NSSC21K1267,P00005,2025-05-05,2021-08-16,2024-05-03,209917.66,209917.66,3D PRINTING OF DENSE REGOLITH SUSPENSIONS FOR CONSTRUCTION AND WEATHERABILITY AT ULTRA LOW TEMPERATURES,"category_business, corporate_entity_tax_exempt, educational_institution, higher_education, nonprofit, public_institution_of_higher_education",https://www.usaspending.gov/award/ASST_NON_80NSSC21K1267_080/,,,,
LocalUSASpendingMirror,GA-05,Georgia Tech Research Corp,80NSSC21K1248,P00007,2025-12-21,2021-08-02,2024-12-12,254842.71,254842.71,LITHIUM-ION BATTERIES (LIBS) HAVE BECOME UBIQUITOUS IN DAILY LIFE BUT DO NOT PERFORM WELL AT THE LOW TEMPERATURES ENCOUNTERED IN SPACE AND PLANETARY EXPLORATION,"category_business, corporate_entity_tax_exempt, educational_institution, higher_education, nonprofit, public_institution_of_higher_education",https://www.usaspending.gov/award/ASST_NON_80NSSC21K1248_080/,,,,
USAspendingTerminations,,Ghgsat Incorporated,80HQTR22AA009,P00003,2025-03-28,2022-09-28,2025-03-11,0.00,,CANCELLATION - NO LONGER REQUIRED COMMERCIAL SMALLSAT DATA ACQUISITION (CSDA) PROGRAM - EARTH SCIENCES DIVISION,"category_business, corporate_entity_not_tax_exempt, foreign_owned, other_than_small_business, special_designations",https://www.usaspending.gov/award/CONT_IDV_80HQTR22AA009_8000/,,,,
USAspendingTerminations,VA-10,Gotham Government Services LLC,80NSSC26FA089,P00001,2026-02-23,2026-01-12,2026-09-30,0.00,0.00,P00001 - DEOBLIGATION - CANCEL -FY26 FAC-COR FUNDING FOR BPA CALL #9,"category_business, corporate_entity_not_tax_exempt, limited_liability_corporation, self_certified_small_disadvanted_business, service_disabled_veteran_owned_business, small_business, special_designations, us_owned_business, veteran_owned_business",https://www.usaspending.gov/award/CONT_AWD_80NSSC26FA089_8000_80NSSC24AA007_8000/,,,,
LocalUSASpendingMirror,DC-98,"Guardians of Honor, LLC",80NSSC23FA107,P00091,2026-02-18,2022-12-01,2025-10-11,87569857.36,86966167.90,"NASA'S SCIENCE, TECHNOLOGY, ENGINEERING AND MATHEMATICS (NSTEM) CLIN 2 - P00091 DE-OBLIGATION","black_american_owned_business, category_business, corporate_entity_not_tax_exempt, dot_certified_disadvantaged_business_enterprise, economically_disadvantaged_women_owned_small_business, limited_liability_corporation, minority_owned_business, self_certified_small_disadvanted_business, small_business, special_designations, us_owned_business, woman_owned_business, women_owned_small_business",https://www.usaspending.gov/award/CONT_AWD_80NSSC23FA107_8000_80NSSC22DA010_8000/,,,,
USAspendingTerminations,VA-11,Guidehouse Inc.,80NSSC24AA012,P00004,2026-02-03,2024-01-29,2025-03-12,0.00,,TERMINATION FOR CONVENIENCE AGREEMENT - CHANGE MANAGEMENT SUPPORT SERVICE BPAS FOR NASA ADMINISTRATIVE SUITE.,"category_business, corporate_entity_not_tax_exempt, other_than_small_business, special_designations, us_owned_business",https://www.usaspending.gov/award/CONT_IDV_80NSSC24AA012_8000/,,,,
DOGE,VA-11,Guidehouse Inc.,80HQTR24FA019,P00013,2026-06-10,2023-12-01,2025-11-30,1831560.00,1831560.00,"Status: FUNDING ONLY ACTION. Reported savings: $639,900.00. DOGE Action Date: 3/20/2025. The contractor to provide services related to an integrated approach to conducting annual assessments of NASA’s management controls, internal control over financial reporting, fraud risk management framework and payment integrity.","category_business, corporate_entity_not_tax_exempt, other_than_small_business, special_designations, us_owned_business",https://www.usaspending.gov/award/CONT_AWD_80HQTR24FA019_8000_80HQTR24AA002_8000/,DOGE,FUNDING ONLY ACTION,639900.0,3/20/2025
LocalUSASpendingMirror,MS-04,Hancock County Utility Authority,80SSC026C0002,P00001,2026-04-20,2026-04-01,2026-04-20,0.00,0.00,"THE PURPOSE OF THIS ACQUISITION IS TO AWARD A SINGLE AWARD TO HANCOCK COUNTY UTILITY AUTHORITY (HCUA) FOR WASTEWATER COLLECTION AND TREATMENT TO STENNIS SPACE CENTER, MS. A U.S. FEDERAL INSTALLATION PROVIDING SERVICES TO NASA.","category_business, government, local_government, national_government, other_than_small_business",https://www.usaspending.gov/award/CONT_AWD_80SSC026C0002_8000_-NONE-_-NONE-/,,,,
DOGE,NY-24,Harbec Inc,80NSSC24PC367,P00001,2025-09-24,2024-09-10,2025-02-28,105768.00,105768.00,"Status: Expired. Reported savings: $0. DOGE Action Date: 3/20/2025. 104 end caps, 104 end cap sleeves","category_business, corporate_entity_not_tax_exempt, manufacturer_of_goods, other_than_small_business, special_designations, us_owned_business",https://www.usaspending.gov/award/CONT_AWD_80NSSC24PC367_8000_-NONE-_-NONE-/,DOGE,Expired,0.0,3/20/2025
LocalUSASpendingMirror,RI-02,"Hexagon Manufacturing Intelligence, Inc.",80NSSC25PA974,P00001,2025-05-12,2025-04-28,2025-05-12,0.00,0.00,HEXAGON RENEWAL AND PC-DMIS OFFLINE LICENSE,"category_business, corporate_entity_not_tax_exempt, foreign_owned, foreign_owned_and_us_located_business, manufacturer_of_goods, other_than_small_business, special_designations",https://www.usaspending.gov/award/CONT_AWD_80NSSC25PA974_8000_-NONE-_-NONE-/,,,,
DOGE,NE-03,Ho-Chunk Shared Services Company,80NSSC22PB703,P00003,2025-03-24,2022-08-05,2025-03-24,109953.67,109703.67,Status: TERMINATED. Reported savings: $0. DOGE Action Date: 2/18/2025. Strategic analysis and support services,"8a_program_participant, american_indian_owned_business, category_business, community_development_corporations, corporate_entity_tax_exempt, historically_underutilized_business_firm, minority_owned_business, native_american_owned_business, nonprofit, self_certified_small_disadvanted_business, small_business, special_designations, tribally_owned_firm, us_owned_business",https://www.usaspending.gov/award/CONT_AWD_80NSSC22PB703_8000_-NONE-_-NONE-/,DOGE,TERMINATED,0.0,2/18/2025
USAspendingTerminations,CO-02,Honeybee Robotics LLC,80GSFC23CA030,P00010,2025-09-30,2022-11-30,2023-12-04,7129014.07,6679036.86,"TERMINATE FOR CONVENIENCE AGREEMENT - MARS SAMPLE RETURN (MSR) CAPTURE, CONTAINMENT AND RETURN SYSTEMS (CCRS) EARTH ENTRY SYSTEM (EES) SPIN EJECT MECHANISM (SEM) FOR SMD DIRECTORATE.","category_business, corporate_entity_not_tax_exempt, limited_liability_corporation, manufacturer_of_goods, small_business, special_designations, us_owned_business",https://www.usaspending.gov/award/CONT_AWD_80GSFC23CA030_8000_-NONE-_-NONE-/,,,,
LocalUSASpendingMirror,DC-98,Howard University,80NSSC25K0024,P00001,2025-12-19,2025-05-28,2025-09-04,0.00,0.00,EXECUTE A BALANCED SCIENCE PROGRAM BASED ON DISCIPLINE-SPECIFIC GUIDANCE FROM THE NATIONAL ACADEMIES OF SCIENCES  ENGINEERING  AND MEDICINE  ADMINISTRATION PRIORITIES  AND DIRECTION FROM CONGRESS.   PARTICIPATE AS A KEY PARTNER AND ENABLER IN THE AGE,"category_business, corporate_entity_tax_exempt, educational_institution, higher_education, minority_serving_institution_of_higher_education, nonprofit, private_institution_of_higher_education",https://www.usaspending.gov/award/ASST_NON_80NSSC25K0024_080/,,,,
DOGE,OH-11,Howard Wershbale & Co,80NSSC20P1795,P00008,2025-11-04,2020-08-23,2025-04-08,16050.00,16100.00,"Status: TERMINATED. Reported savings: $3,950.00. DOGE Action Date: 4/14/2025. Financial statement review","category_business, corporate_entity_not_tax_exempt, small_business, special_designations, subchapter_s_corporation, us_owned_business",https://www.usaspending.gov/award/CONT_AWD_80NSSC20P1795_8000_-NONE-_-NONE-/,DOGE,TERMINATED,3950.0,4/14/2025
DOGE,FL-01,Hx5 LLC,80GRC020F0118,P00017,2025-07-08,2020-04-01,2026-09-30,2125591.44,1979945.85,"Status: FUNDING ONLY ACTION. Reported savings: $1,877,126.00. DOGE Action Date: 3/20/2025. Lpr fan test hardware support. test lpr (low pressure ratio) turbofan design take-off, landing, climb, and cruise conditions.","8a_program_participant, category_business, corporate_entity_not_tax_exempt, hispanic_american_owned_business, limited_liability_corporation, minority_owned_business, service_disabled_veteran_owned_business, small_business, special_designations, subchapter_s_corporation, us_owned_business, veteran_owned_business, woman_owned_business, women_owned_small_business",https://www.usaspending.gov/award/CONT_AWD_80GRC020F0118_8000_80GRC020D0003_8000/,DOGE,FUNDING ONLY ACTION,1877126.0,3/20/2025
DOGE,FL-01,Hx5 LLC,80GRC022F0189,P00021,2026-05-21,2022-09-22,2026-12-31,873990.51,839535.46,"Status: SUPPLEMENTAL AGREEMENT FOR WORK WITHIN SCOPE. Reported savings: $806,334.00. DOGE Action Date: 3/20/2025. Prototype manufacturing of a motor for dusty & extremely cold environments (MDECE).","8a_program_participant, category_business, corporate_entity_not_tax_exempt, hispanic_american_owned_business, limited_liability_corporation, minority_owned_business, service_disabled_veteran_owned_business, small_business, special_designations, subchapter_s_corporation, us_owned_business, veteran_owned_business, woman_owned_business, women_owned_small_business",https://www.usaspending.gov/award/CONT_AWD_80GRC022F0189_8000_80GRC020D0003_8000/,DOGE,SUPPLEMENTAL AGREEMENT FOR WORK WITHIN SCOPE,806334.0,3/20/2025
DOGE,FL-01,Hx5 LLC,80GRC020F0111,P00029,2026-06-11,2020-04-01,2026-12-31,2419150.89,1829268.11,"Status: FUNDING ONLY ACTION. Reported savings: $1,513,111.00. DOGE Action Date: 3/20/2025. Superconducting motor components & test devices.","8a_program_participant, category_business, corporate_entity_not_tax_exempt, hispanic_american_owned_business, limited_liability_corporation, minority_owned_business, service_disabled_veteran_owned_business, small_business, special_designations, subchapter_s_corporation, us_owned_business, veteran_owned_business, woman_owned_business, women_owned_small_business",https://www.usaspending.gov/award/CONT_AWD_80GRC020F0111_8000_80GRC020D0003_8000/,DOGE,FUNDING ONLY ACTION,1513111.0,3/20/2025
DOGE,FL-01,Hx5 LLC,80GRC020F0115,P00034,2026-06-18,2020-04-01,2027-03-31,2427377.54,1767154.06,"Status: FUNDING ONLY ACTION. Reported savings: $1,771,458.00. DOGE Action Date: 3/20/2025. Electric drive test support and technical communication.","8a_program_participant, category_business, corporate_entity_not_tax_exempt, hispanic_american_owned_business, limited_liability_corporation, minority_owned_business, service_disabled_veteran_owned_business, small_business, special_designations, subchapter_s_corporation, us_owned_business, veteran_owned_business, woman_owned_business, women_owned_small_business",https://www.usaspending.gov/award/CONT_AWD_80GRC020F0115_8000_80GRC020D0003_8000/,DOGE,FUNDING ONLY ACTION,1771458.0,3/20/2025
DOGE,FL-01,Hx5 LLC,80GRC021F0111,P00008,2026-07-20,2021-07-18,2027-03-31,763415.65,134286.63,"Status: SUPPLEMENTAL AGREEMENT FOR WORK WITHIN SCOPE. Reported savings: $148,680.00. DOGE Action Date: 3/20/2025. Advanced seal development 4","8a_program_participant, category_business, corporate_entity_not_tax_exempt, hispanic_american_owned_business, limited_liability_corporation, minority_owned_business, service_disabled_veteran_owned_business, small_business, special_designations, subchapter_s_corporation, us_owned_business, veteran_owned_business, woman_owned_business, women_owned_small_business",https://www.usaspending.gov/award/CONT_AWD_80GRC021F0111_8000_80GRC020D0003_8000/,DOGE,SUPPLEMENTAL AGREEMENT FOR WORK WITHIN SCOPE,148680.0,3/20/2025
DOGE,VA-11,"Hydrogeologic, Inc.",80KSC019F0128,P00010,2025-05-29,2019-04-26,2025-03-18,151868.35,126804.17,"Status: Expired. Reported savings: $154,681.00. DOGE Action Date: 3/20/2025. Support meetings with florida department of environmental protection to review project progress and reach consensus on the path forward.","asian_pacific_american_owned_business, category_business, corporate_entity_not_tax_exempt, minority_owned_business, small_business, special_designations, us_owned_business",https://www.usaspending.gov/award/CONT_AWD_80KSC019F0128_8000_80KSC019D0012_8000/,DOGE,Expired,154681.0,3/20/2025
DOGE,GA-07,Ibex It Business Experts LLC,80NSSC23FA528,P00007,2026-03-06,2023-06-01,2025-03-31,214134.25,214134.25,Status: TERMINATED. Reported savings: $0. DOGE Action Date: 5/1/2025. Human resources and executive search consulting services: NASA enterprise-wide human capital services,"8a_program_participant, black_american_owned_business, category_business, corporate_entity_not_tax_exempt, dot_certified_disadvantaged_business_enterprise, limited_liability_corporation, minority_owned_business, self_certified_small_disadvanted_business, small_business, special_designations, us_owned_business, woman_owned_business, women_owned_small_business",https://www.usaspending.gov/award/CONT_AWD_80NSSC23FA528_8000_80NSSC23DA001_8000/,DOGE,TERMINATED,0.0,5/1/2025
USAspendingTerminations,CA-47,"Iceye Us, Inc",80HQTR23AA003,P00003,2025-04-21,2023-03-15,2025-03-11,0.00,,LEGAL CONTRACT CANCELLATION - NO LONGER REQUIRED COMMERCIAL SMALLSAT DATA ACQUISITION (CSDA) PROGRAM - EARTH SCIENCES DIVISION,"category_business, corporate_entity_not_tax_exempt, foreign_owned, foreign_owned_and_us_located_business, self_certified_small_disadvanted_business, small_business, special_designations",https://www.usaspending.gov/award/CONT_IDV_80HQTR23AA003_8000/,,,,
USAspendingTerminations,VA-11,"Icf Incorporated, LLC",80HQTR21D0004,P00031,2026-03-03,2021-05-01,2025-04-08,21778716.00,20058269.95,SUPPORT FOR THE UNITED STATES .GLOBAL CHANGE RESEARCH PROGRAM (USGCRP).NATIONAL COORDINATION OFFICE (NCO). T4C AGREEMENT FINALIZATION FOR EARTH SCIENCES GROUP.,"category_business, limited_liability_corporation, minority_owned_business, other_minority_owned_business, other_than_small_business, special_designations, us_owned_business",https://www.usaspending.gov/award/CONT_IDV_80HQTR21D0004_8000/,,,,
USAspendingTerminations,VA-11,"Icf Incorporated, LLC",80HQTR22F0076,P00010,2026-03-18,2022-05-04,2025-04-08,979989.29,567157.32,SUPPORT FOR U.S.PARTICIPATION IN THEINTERGOVERNMENTALPANEL ON CLIMATECHANGE AND RELATEDINTERNATIONALASSESSMENTS,"category_business, limited_liability_corporation, minority_owned_business, other_minority_owned_business, other_than_small_business, special_designations, us_owned_business",https://www.usaspending.gov/award/CONT_AWD_80HQTR22F0076_8000_80HQTR21D0004_8000/,,,,
USAspendingTerminations,VA-11,"Icf Incorporated, LLC",80HQTR22F0109,P00005,2026-03-18,2022-10-03,2025-04-08,879147.00,543483.20,SPECIALIZED SUPPORT SERVICES FOR A CARBON CYCLE INTERAGENCY WORKING GROUP (CCIWG) COORDINATOR TO THE U.S. GLOBAL CHANGE RESEARCH PROGRAM (USGCRP) NATIONAL COORDINATION OFFICE (NCO).,"category_business, limited_liability_corporation, minority_owned_business, other_minority_owned_business, other_than_small_business, special_designations, us_owned_business",https://www.usaspending.gov/award/CONT_AWD_80HQTR22F0109_8000_80HQTR21D0004_8000/,,,,
USAspendingTerminations,VA-11,"Icf Incorporated, LLC",80HQTR24F0019,P00003,2026-04-09,2023-12-19,2025-04-08,685384.00,224179.92,STOP WORK AND TERMINATION FOR CONVENIENCE NOTICE ISSUED. ENGAGEMENT SPECIALIST TO THE U.S. GLOBAL CHANGE RESEARCH PROGRAM (USGCRP) NATIONAL COORDINATION OFFICE (NCO),"category_business, limited_liability_corporation, minority_owned_business, other_minority_owned_business, other_than_small_business, special_designations, us_owned_business",https://www.usaspending.gov/award/CONT_AWD_80HQTR24F0019_8000_80HQTR21D0004_8000/,,,,
DOGE,VA-11,"Icf Incorporated, LLC",80HQTR24F0012,P00004,2026-04-14,2023-11-16,2025-04-08,1929221.26,1052623.92,"Status: Expired. Reported savings: $1,439,420.89. DOGE Action Date: 2/18/2025. Provides technical support for the co-chairs and bureau of wgiii, cross-working group coordination. this is a NASA hq requirement.","category_business, limited_liability_corporation, minority_owned_business, other_minority_owned_business, other_than_small_business, special_designations, us_owned_business",https://www.usaspending.gov/award/CONT_AWD_80HQTR24F0012_8000_80HQTR21D0004_8000/,DOGE,Expired,1439420.89,2/18/2025
USAspendingTerminations,VA-11,"Icf Incorporated, LLC",80HQTR24F0037,P00003,2026-04-14,2024-03-18,2025-04-08,651786.00,222818.65,TO PROVIDE A SCOPE FOR SPECIALIZED SUPPORT SERVICES FOR TWO CLIMATE SERVICES PERSONNEL TO THE U.S. GLOBAL CHANGE RESEARCH PROGRAM (USGCRP) NATIONAL COORDINATION OFFICE (NCO) FOR CLIMATE SERVICES.,"category_business, limited_liability_corporation, minority_owned_business, other_minority_owned_business, other_than_small_business, special_designations, us_owned_business",https://www.usaspending.gov/award/CONT_AWD_80HQTR24F0037_8000_80HQTR21D0004_8000/,,,,
USAspendingTerminations,VA-11,"Icf Incorporated, LLC",80HQTR25F7019,P00002,2026-04-14,2024-12-04,2025-04-08,224255.00,28622.76,"ASSIST WITH PLANNING ACTIVITIES INVOLVING A LARGE INTERNATIONAL AUTHOR TEAM COORDINATE IN-PERSON AND REMOTE MEETINGS, TRACK THE STATUS OF AUTHORS' WORK","category_business, limited_liability_corporation, minority_owned_business, other_minority_owned_business, other_than_small_business, special_designations, us_owned_business",https://www.usaspending.gov/award/CONT_AWD_80HQTR25F7019_8000_80HQTR21D0004_8000/,,,,
USAspendingTerminations,VA-11,"Icf Incorporated, LLC",80HQTR23F0042,P00001,2026-04-14,2023-02-16,2025-04-08,335875.00,272464.44,THIS TASK ORDER #4 IS HEREBY ISSUED TO PROVIDE SUPPORT FOR U.S. PARTICIPATION IN AN ALL-HANDS MEETING FOR THE 5TH NATIONAL CLIMATE ASSESSMENT IN ACCORDANCE THE ATTACHED STATEMENT OF WORK,"category_business, limited_liability_corporation, minority_owned_business, other_minority_owned_business, other_than_small_business, special_designations, us_owned_business",https://www.usaspending.gov/award/CONT_AWD_80HQTR23F0042_8000_80HQTR21D0004_8000/,,,,
NPDV,FL-09,"Imec USA Nanoelectronics Design Center, Inc",80NSSC19K1666,P00003,2025-09-05,2019-09-03,,35780.47,0.00,"TERMINATION FOR CONVENIENCE AGREEMENT - RODENT HINDLIMB SUSPENSION, RODENT CSF, AND DIRECT ICP & BIOMARKERS - SUPPORT FOR SOMD DIRECTORATE","category_business, corporate_entity_tax_exempt, nonprofit",https://www.usaspending.gov/award/ASST_NON_80NSSC19K1666_080/,,,,
DOGE,VA-11,Immixtechnology Inc,80NSSC24FA260,0,2025-03-14,2024-03-01,2025-02-28,38454.11,38454.11,"Status: Expired. Reported savings: $38,454.00. DOGE Action Date: 3/20/2025. This order is for digimat software and support maintenance.","category_business, corporate_entity_not_tax_exempt, other_than_small_business, special_designations, us_owned_business",https://www.usaspending.gov/award/CONT_AWD_80NSSC24FA260_8000_NNG15SC39B_8000/,DOGE,Expired,38454.0,3/20/2025
LocalUSASpendingMirror,WA-07,Interlune Corporation,80NSSC25K0105,P00001,2025-12-19,2025-05-16,2025-09-08,0.00,0.00,STIRRED COMMINUTION OF REGOLITH USING MILLING FOR BENEFICIATION OF LUNAR EXTRACT (SCRUMBLE),"category_business, corporate_entity_not_tax_exempt, small_business, special_designations, us_owned_business",https://www.usaspending.gov/award/ASST_NON_80NSSC25K0105_080/,,,,
USAspendingTerminations,NY-17,International Business Machines Corporation,80NSSC26M0008,P00002,2026-04-06,2025-07-01,2028-03-31,2000000.00,0.00,ACCELERATING DISCOVERY THROUGH TRANSFORMATIVE AI ARCHITECTURES,"category_business, corporate_entity_not_tax_exempt, other_than_small_business",https://www.usaspending.gov/award/ASST_NON_80NSSC26M0008_080/,,,,
LocalUSASpendingMirror,AR-02,"Jones Design Studio, PLLC",80NSSC25FA147,P00001,2025-11-25,2025-01-17,2025-08-15,0.00,108739.73,PROCURE OWNER ADVISOR SERVICES FOR THE MEF DESIGN BUILD PROJECT,"category_business, corporate_entity_not_tax_exempt, dot_certified_disadvantaged_business_enterprise, historically_underutilized_business_firm, limited_liability_corporation, self_certified_small_disadvanted_business, small_business, special_designations, us_owned_business, woman_owned_business, women_owned_small_business",https://www.usaspending.gov/award/CONT_AWD_80NSSC25FA147_8000_47QRAA23D000U_4732/,,,,
USAspendingTerminations,CA-34,Jones and Company Professional Corporation,80NSSC23AA019,P00001,2025-03-24,2023-10-01,2025-03-18,0.00,,TERMINATION FOR CONVENIENCE AGREEMENT - AUDIT SERVICES,"8a_program_participant, black_american_owned_business, category_business, corporate_entity_not_tax_exempt, dot_certified_disadvantaged_business_enterprise, minority_owned_business, self_certified_small_disadvanted_business, small_business, small_disadvantaged_business, special_designations, us_owned_business, woman_owned_business, women_owned_small_business",https://www.usaspending.gov/award/CONT_IDV_80NSSC23AA019_8000/,,,,
USAspendingTerminations,FL-03,"Jones, Edmunds & Associates, Inc.",80KSC020D0018,P00009,2025-04-08,2020-09-25,2025-04-08,0.00,,"TERMINATION FOR CONVENIENCE (COMPLETE) - PROFESSIONAL CIVIL DESIGN SERVICES AT KENNEDY SPACE CENTER (KSC), AND VARIOUS NASA LOCATIONS, ASSETS, LAUNCH OR LANDING SITES WORLDWIDE.","category_business, corporate_entity_not_tax_exempt, other_than_small_business, special_designations, subchapter_s_corporation, us_owned_business",https://www.usaspending.gov/award/CONT_IDV_80KSC020D0018_8000/,,,,
LocalUSASpendingMirror,MD-03,"KBR Wyle Services, LLC",80ARC026F7015,P00001,2026-07-09,2026-05-01,2026-05-02,0.00,0.00,"INTELLIGENT SYSTEMS RESEARCH AND DEVELOPMENT SUPPORT 3 - TASK ORDER 1 (CODE TI IDIQ WORK).  SUPPORTS: TECHNOLOGY RESEARCH AREAS, MISSION OPERATIONS, FLIGHT OPERATIONS, AND SOFTWARE SYSTEMS ENGINEERING AND SOFTWARE PROJECT MANAGEMENT.","category_business, corporate_entity_not_tax_exempt, limited_liability_corporation, other_than_small_business, special_designations, us_owned_business",https://www.usaspending.gov/award/CONT_AWD_80ARC026F7015_8000_80ARC020D0010_8000/,,,,
USAspendingTerminations,MI-12,KCS Prototype and Design LLC,80GRC022AA014,P00003,2025-04-15,2022-08-22,2025-04-15,0.00,,"TERMINATION FOR CONVENIENCE - NASA GLENN RESEARCH CENTER BLANKET PURCHASE AGREEMENT. EACH ORDER MAY INCLUDE, BUT IS NOT LIMITED TO, MACHINING, FABRICATION, WELDING/METAL JOINING, INSTRUMENTATION, INSPECTION AND NON-DESTRUCTIVE TESTING (NDT).","category_business, corporate_entity_not_tax_exempt, manufacturer_of_goods, self_certified_small_disadvanted_business, small_business, special_designations, subchapter_s_corporation, us_owned_business",https://www.usaspending.gov/award/CONT_IDV_80GRC022AA014_8000/,,,,
DOGE,VA-11,KPMG LLP,80NSSC24PC269,P00002,2025-06-10,2024-09-03,2025-03-24,96000.00,96000.00,"Status: TERMINATED. Reported savings: $0. DOGE Action Date: 2/18/2025. Training immersion to provide direct experience and exposure for NASA leaders to for-profit industry organizations in support of the agency’s public private talent program pilot program and in association with the leadership development program, NASA aspire, learning objectives.  more specifically understanding how the business drives efficiency in decision making, leads technology innovation / artificial intelligence / data ecosystems, and their investment strategy.","category_business, other_than_small_business, partnership_or_limited_liability_partnership, special_designations, us_owned_business",https://www.usaspending.gov/award/CONT_AWD_80NSSC24PC269_8000_-NONE-_-NONE-/,DOGE,TERMINATED,0.0,2/18/2025
USAspendingTerminations,IN-02,"Kessington, LLC",80GRC022AA024,P00002,2025-04-15,2022-08-22,2025-04-15,0.00,,"TERMINATION FOR CONVENIENCE - NASA GLENN RESEARCH CENTER BLANKET PURCHASE AGREEMENT. EACH ORDER MAY INCLUDE, BUT IS NOT LIMITED TO, MACHINING, FABRICATION, WELDING/METAL JOINING, INSTRUMENTATION, INSPECTION AND NON-DESTRUCTIVE TESTING (NDT).","category_business, corporate_entity_not_tax_exempt, limited_liability_corporation, manufacturer_of_goods, small_business, special_designations, us_owned_business",https://www.usaspending.gov/award/CONT_IDV_80GRC022AA024_8000/,,,,
DOGE,CO-05,Keysight Technologies Inc,80NSSC24PA923,P00001,2025-03-25,2024-06-14,2025-03-17,10152.96,10152.96,"Status: TERMINATED. Reported savings: $10,153.00. DOGE Action Date: 3/20/2025. This order is for ads software and support maintenance.","category_business, corporate_entity_not_tax_exempt, manufacturer_of_goods, other_than_small_business, special_designations, us_owned_business",https://www.usaspending.gov/award/CONT_AWD_80NSSC24PA923_8000_-NONE-_-NONE-/,DOGE,TERMINATED,10153.0,3/20/2025
DOGE,CO-05,Keysight Technologies Inc,80NSSC24PA753,P00001,2025-03-27,2024-04-15,2025-03-19,33662.52,33662.52,"Status: TERMINATED. Reported savings: $33,663.00. DOGE Action Date: 3/20/2025. This order is for genesys and support maintenance.","category_business, corporate_entity_not_tax_exempt, manufacturer_of_goods, other_than_small_business, special_designations, us_owned_business",https://www.usaspending.gov/award/CONT_AWD_80NSSC24PA753_8000_-NONE-_-NONE-/,DOGE,TERMINATED,33663.0,3/20/2025
LocalUSASpendingMirror,VA-11,"Konica Minolta Business Solutions U.S.A, Inc.",80NSSC21P1879,P00010,2025-07-24,2020-10-07,2024-11-30,106696.05,104843.89,"THIS IS FOR PRINTER SERVICES FOR THE ARMSTRONG FLIGHT RESEARCH CENTER (AFRC) REPRODUCTION CENTER, BY LEASING TWO IDENTICAL BASE MODEL SERVICE ASSET DEVICES.","category_business, corporate_entity_not_tax_exempt, foreign_owned, manufacturer_of_goods, other_than_small_business, special_designations, us_owned_business",https://www.usaspending.gov/award/CONT_AWD_80NSSC21P1879_8000_-NONE-_-NONE-/,,,,
LocalUSASpendingMirror,IN-07,Kpaul Properties LLC,80NSSC25FA413,P00001,2026-04-28,2025-06-24,2025-06-03,0.00,0.00,FY25 ASDC BACULA SOFTWARE SUBSCRIPTIONS RENEWAL,"category_business, corporate_entity_not_tax_exempt, limited_liability_corporation, manufacturer_of_goods, self_certified_small_disadvanted_business, service_disabled_veteran_owned_business, small_business, special_designations, us_owned_business, veteran_owned_business",https://www.usaspending.gov/award/CONT_AWD_80NSSC25FA413_8000_NNG15SD33B_8000/,,,,
DOGE,PA-04,Kutztown University of Pennsylvania,80NSSC25K7045,P00001,2026-04-06,2024-10-07,2025-03-21,74992.00,8674.57,"DOGE Action Date: 3/21/2025. Reported savings: $299,968.00. Here to observe + here to storytell experiences for undergraduate students, planetary sciences division","educational_institution, government, higher_education, national_government, public_institution_of_higher_education, regional_and_state_government",https://www.usaspending.gov/award/ASST_NON_80NSSC25K7045_080/,DOGE,,299968.0,3/21/2025
LocalUSASpendingMirror,CA-16,Lanteris Space LLC,NNM16AA29C,50,2025-06-09,2016-09-01,2025-05-30,167127410.10,138737492.10,"REDUCE FIRM FIXED PRICE, DEOBLIGATE FUNDS, REVISE PERIOD OF PERFORMANCE.","category_business, corporate_entity_not_tax_exempt, limited_liability_corporation, manufacturer_of_goods, other_than_small_business, special_designations, us_owned_business",https://www.usaspending.gov/award/CONT_AWD_NNM16AA29C_8000_-NONE-_-NONE-/,,,,
DOGE,VA-11,"Leidos, Inc.",80NSSC24PC405,P00001,2025-04-16,2024-09-01,2024-09-25,0.00,0.00,Status: Expired. Reported savings: $0. DOGE Action Date: 3/20/2025. Fy24 verint annual maintenance & support coverage standard plan,"category_business, corporate_entity_not_tax_exempt, manufacturer_of_goods, other_than_small_business, special_designations, us_owned_business",https://www.usaspending.gov/award/CONT_AWD_80NSSC24PC405_8000_-NONE-_-NONE-/,DOGE,Expired,0.0,3/20/2025
USAspendingTerminations,IN-07,Linde Advanced Material Technologies Inc.,80NSSC25PB270,P00001,2026-05-28,2025-06-24,2025-07-01,0.00,0.00,"ALLOY Z, CHEM/SIZING POWDER","category_business, corporate_entity_not_tax_exempt, foreign_owned, foreign_owned_and_us_located_business, manufacturer_of_goods, other_than_small_business, special_designations",https://www.usaspending.gov/award/CONT_AWD_80NSSC25PB270_8000_-NONE-_-NONE-/,,,,
DOGE,VA-11,"Lmi Consulting, LLC",80NSSC24PA660,P00002,2025-04-17,2024-03-07,2025-03-31,42878.06,42878.06,Status: TERMINATED. Reported savings: $0. DOGE Action Date: 5/6/2025. Bridge program retreat,"category_business, corporate_entity_not_tax_exempt, limited_liability_corporation, other_than_small_business, special_designations, us_owned_business",https://www.usaspending.gov/award/CONT_AWD_80NSSC24PA660_8000_-NONE-_-NONE-/,DOGE,TERMINATED,0.0,5/6/2025
USAspendingTerminations,CO-07,Lockheed Martin Corp,80MSFC22CA005,P00032,2025-09-30,2022-03-01,2025-09-30,103080002.51,96355083.30,MARS ASCENT VEHICLE INTEGRATED SYSTEM (MAVIS),"category_business, corporate_entity_not_tax_exempt, manufacturer_of_goods, other_than_small_business, special_designations, us_owned_business",https://www.usaspending.gov/award/CONT_AWD_80MSFC22CA005_8000_-NONE-_-NONE-/,,,,
NPDV,CO-07,Lockheed Martin Corp,80MSFC21CA001,P00019,2026-04-03,2021-08-06,2026-04-03,69721101.00,69721101.00,"TIPPING POINT CRYOGENIC DEMONSTRATION MISSION (CDM)ESTABLISH THE FINAL SETTLEMENT BETWEEN THE GOVERNMENT AND CONTRACTOR RESULTING FROM THE TERMINATION FOR CONVENIENCE OF CONTRACT NO. 80MSFC21CA001 ISSUED ON AUGUST 8, 2024.","category_business, corporate_entity_not_tax_exempt, manufacturer_of_goods, other_than_small_business, special_designations, us_owned_business",https://www.usaspending.gov/award/CONT_AWD_80MSFC21CA001_8000_-NONE-_-NONE-/,,,,
USAspendingTerminations,LA-06,Louisiana State University,80NSSC24K1472,P00004,2026-07-20,2024-08-01,2026-01-31,48606.43,48612.00,23-ASTRO23-0088  IDENTIFYING A POPULATION OF MAGNETAR GIANT FLARES,"educational_institution, government, higher_education, national_government, public_institution_of_higher_education, regional_and_state_government, school_of_forestry, veterinary_college",https://www.usaspending.gov/award/ASST_NON_80NSSC24K1472_080/,,,,
LocalUSASpendingMirror,OK-05,Lumenus Scientific  LLC,80NSSC24K0763,P00002,2026-06-19,2024-03-01,2026-06-10,123079.78,123079.78,DEVELOPING MODERN MACHINE LEARNING METHODS TO RETRIEVE XCO2 WITH ASSOCIATED UNCERTAINTIES FROM OCO-2 AND OCO-3 SOLAR ABSORPTION SPECTRA,"category_business, small_business",https://www.usaspending.gov/award/ASST_NON_80NSSC24K0763_080/,,,,
USAspendingTerminations,IN-09,"MSP Aviation, Inc.",80GRC022AA017,P00003,2025-12-30,2022-08-22,2025-04-15,0.00,,"TERMINATION FOR CONVENIENCE - NASA GLENN RESEARCH CENTER BLANKET PURCHASE AGREEMENT. EACH ORDER MAY INCLUDE, BUT IS NOT LIMITED TO, MACHINING, FABRICATION, WELDING/METAL JOINING, INSTRUMENTATION, INSPECTION AND NON-DESTRUCTIVE TESTING (NDT).","category_business, corporate_entity_not_tax_exempt, manufacturer_of_goods, small_business, special_designations, subchapter_s_corporation, us_owned_business",https://www.usaspending.gov/award/CONT_IDV_80GRC022AA017_8000/,,,,
NPDV,CA-51,"Malin Space Science Systems, Inc",80GSFC23PA006,P00003,2025-06-18,2023-01-17,2024-01-11,862225.00,862225.00,"TERMINATION FOR CONVENIENCE AGREEMENT - MARS SAMPLE RETURN CAMPAIGN CAPTURE, CONTAINMENT, AND RETURN SAMPLE (CCRS) CAMERA","category_business, corporate_entity_not_tax_exempt, manufacturer_of_goods, small_business, special_designations, us_owned_business",https://www.usaspending.gov/award/CONT_AWD_80GSFC23PA006_8000_-NONE-_-NONE-/,,,,
LocalUSASpendingMirror,MA-07,Massachusetts Institute of Technology,80NSSC20K0737,P00007,2025-02-05,2020-02-14,2024-03-01,749903.03,609529.35,MIT PARTICIPATION IN CALIBRATION AND GROUND SOFTWARE DEVELOPMENT FOR XRISM,"category_business, corporate_entity_tax_exempt, educational_institution, higher_education, nonprofit, private_institution_of_higher_education, public_institution_of_higher_education",https://www.usaspending.gov/award/ASST_NON_80NSSC20K0737_080/,,,,
USAspendingTerminations,MA-07,Massachusetts Institute of Technology,80NSSC23K1269,P00001,2025-06-05,2023-08-15,2025-02-12,0.00,0.00,22-SSW22-0043  TESTING THE GIANT IMPACT ORIGIN OF THE MARS HEMISPHERIC DICHOTOMY: NOVEL MODELS OF IMPACT DYNAMICS AND POST-IMPACT CRUSTAL FLOW,"category_business, corporate_entity_tax_exempt, educational_institution, higher_education, nonprofit, private_institution_of_higher_education, public_institution_of_higher_education",https://www.usaspending.gov/award/ASST_NON_80NSSC23K1269_080/,,,,
LocalUSASpendingMirror,MA-07,Massachusetts Institute of Technology,80NSSC21K1301,P00007,2025-12-19,2021-08-30,2024-09-30,216387.18,216387.18,TO ADDRESS THE CHALLENGE OF COMPUTATIONAL COMPLEXITY IN ENTRY  DESCENT  AND LANDING GUIDANCE ALGORITHMS  I WILL DEVELOP EFFICIENT METHODS TO COMPUTE LARGE DIVERTS AT A DISTANCE AT LEAST TWICE THE HEIGHT AT POWERED DESCENT START.,"category_business, corporate_entity_tax_exempt, educational_institution, higher_education, nonprofit, private_institution_of_higher_education, public_institution_of_higher_education",https://www.usaspending.gov/award/ASST_NON_80NSSC21K1301_080/,,,,
DOGE,MA-07,Massachusetts Institute of Technology,80NSSC22K1673,P00003,2026-04-06,2022-09-01,2025-03-21,250000.00,250000.00,DOGE Action Date: 3/21/2025. Reported savings: $0.  applying the evdt integrated modeling framework for environmental justice applications - termination for convenience - earth science applications: equity and environmental justice support for science mission directorate (SMD/ESD) ,"category_business, corporate_entity_tax_exempt, educational_institution, higher_education, nonprofit, private_institution_of_higher_education, public_institution_of_higher_education",https://www.usaspending.gov/award/ASST_NON_80NSSC22K1673_080/,DOGE,,0.0,3/21/2025
USAspendingTerminations,DC-98,"McKinsey & Company, Inc. Washington D.C.",80NSSC24AA013,P00004,2026-02-03,2024-01-29,2025-03-12,0.00,,TERMINATION FOR CONVENIENCE AGREEMENT - CHANGE MANAGEMENT SUPPORT SERVICE BPA'S FOR NASA ADMINISTRATIVE SUITE.,"category_business, corporate_entity_not_tax_exempt, other_than_small_business, special_designations, us_owned_business",https://www.usaspending.gov/award/CONT_IDV_80NSSC24AA013_8000/,,,,
DOGE,IL-07,"Messe Dusseldorf North America, Inc.",80NSSC25PA641,P00002,2026-04-29,2025-05-19,2025-05-22,0.00,0.00,Status: TERMINATED. Reported savings: $0. DOGE Action Date: 5/6/2025. Booth space for NASA at association for unmanned/uncrewed vehicle systems international 2025,"category_business, corporate_entity_not_tax_exempt, foreign_owned, foreign_owned_and_us_located_business, other_than_small_business, special_designations",https://www.usaspending.gov/award/CONT_AWD_80NSSC25PA641_8000_-NONE-_-NONE-/,DOGE,TERMINATED,0.0,5/6/2025
USAspendingTerminations,MN-05,Minco Products Inc,80NSSC26P0347,P00001,2026-06-23,2026-03-19,2026-04-23,0.00,0.00,PURCHASE OF CUSTOMIZED HEATERS,"category_business, corporate_entity_not_tax_exempt, manufacturer_of_goods, small_business, special_designations, us_owned_business",https://www.usaspending.gov/award/CONT_AWD_80NSSC26P0347_8000_-NONE-_-NONE-/,,,,
LocalUSASpendingMirror,MS-03,Mississippi State University,80NSSC24K0343,P00002,2026-05-20,2023-11-16,2026-05-05,0.00,0.00,QUANTIFYING ECOSTRESS LST ERRORS RESULTING FROM UNMASKED CIRRUS CLOUDS AND DEVELOPING TECHNIQUES TO REMOVE THIN CIRRUS EFFECTS IN SURFACE TEMPERATURE DATA PRODUCTS,"category_business, educational_institution, government, higher_education, national_government, other_than_small_business, public_institution_of_higher_education, regional_and_state_government",https://www.usaspending.gov/award/ASST_NON_80NSSC24K0343_080/,,,,
DOGE,MA-03,"National Quality Assurance - U.S.A., Inc.",80NSSC25FA315,P00001,2025-06-16,2025-05-05,2025-05-08,0.00,0.00,"Status: TERMINATED. Reported savings: $28,832.00. DOGE Action Date: 6/30/2025. Administrative management and general management consulting services: as9100 audit at armstrong flight research center, national aeronautics and space administration","category_business, corporate_entity_not_tax_exempt, foreign_owned, other_than_small_business, special_designations, us_owned_business",https://www.usaspending.gov/award/CONT_AWD_80NSSC25FA315_8000_80NSSC24AA005_8000/,DOGE,TERMINATED,28832.0,6/30/2025
DOGE,VA-08,"National Society of Black Physicists, Inc.",80NSSC24K0944,P00001,2026-04-06,2024-04-01,2025-03-21,99751.00,99751.00,"DOGE Action Date: 3/21/2025. Reported savings: $199,502.00. National society of black physicists/national society of hispanic physicists student leadership development summit","category_business, corporate_entity_tax_exempt, nonprofit",https://www.usaspending.gov/award/ASST_NON_80NSSC24K0944_080/,DOGE,,199502.0,3/21/2025
DOGE,DC-98,"National Society of Black Physicists, Inc.",80NSSC24K1845,P00004,2026-04-06,2024-10-15,2025-03-21,299960.00,299960.00,"DOGE Action Date: 3/21/2025. Reported savings: $241,961.00. National society of black physicists/national society of hispanic physicists joint annual conferences 2024-26","category_business, corporate_entity_tax_exempt, nonprofit",https://www.usaspending.gov/award/ASST_NON_80NSSC24K1845_080/,DOGE,,241961.0,3/21/2025
DOGE,NY-13,Natural Areas Conservancy Inc,80NSSC24K0520,P00002,2026-04-06,2024-04-01,2025-03-21,315207.82,315207.82,DOGE Action Date: 3/21/2025. Reported savings: $0.  assessing access to nature and their benefits in ej communities across US cities - interdisciplinary research in earth sciences for support for science mission directorate (SMD/ESD) ,"category_business, corporate_entity_tax_exempt, nonprofit",https://www.usaspending.gov/award/ASST_NON_80NSSC24K0520_080/,DOGE,,0.0,3/21/2025
LocalUSASpendingMirror,NY-10,New York University,80NSSC25K7581,P00002,2026-05-05,2025-01-14,2026-04-22,79126.07,79126.07,24-ADAP24-0136  CRITICALLY TESTING GALAXY FORMATION THEORY WITH MID-INFRARED ACTIVE GALACTIC NUCLEI,"category_business, corporate_entity_tax_exempt, educational_institution, higher_education, nonprofit, private_institution_of_higher_education, public_institution_of_higher_education",https://www.usaspending.gov/award/ASST_NON_80NSSC25K7581_080/,,,,
NPDV,MD-04,Newton LLC,80GSFC22CA021,P00015,2025-06-17,2022-03-07,2024-01-02,4459975.78,4459975.78,"TERMINATION FOR CONVENIENCE AGREEMENT - CAPTURE, CONTAINMENT RETURN SYSTEM (CCRS) CAPTURE LID MECHANISM (CLM)","8a_program_participant, category_business, corporate_entity_not_tax_exempt, hispanic_american_owned_business, limited_liability_corporation, manufacturer_of_goods, minority_owned_business, self_certified_small_disadvanted_business, small_business, special_designations, us_owned_business",https://www.usaspending.gov/award/CONT_AWD_80GSFC22CA021_8000_-NONE-_-NONE-/,,,,
DOGE,CA-47,"Noreas, Inc.",80KSC020F0077,P00008,2025-09-09,2020-08-01,2025-07-31,2594431.77,2594431.77,"Status: Expired. Reported savings: $2,643,830.00. DOGE Action Date: 3/20/2025. Environmental consulting services","category_business, corporate_entity_not_tax_exempt, self_certified_small_disadvanted_business, small_business, special_designations, subchapter_s_corporation, us_owned_business",https://www.usaspending.gov/award/CONT_AWD_80KSC020F0077_8000_GS00F373GA_4732/,DOGE,Expired,2643830.0,3/20/2025
USAspendingTerminations,VA-03,North Wind Systems LLC,80GRC022AA023,P00002,2025-04-15,2022-08-22,2025-04-15,0.00,,"TERMINATION FOR CONVENIENCE - NASA GLENN RESEARCH CENTER BLANKET PURCHASE AGREEMENT. EACH ORDER MAY INCLUDE, BUT IS NOT LIMITED TO, MACHINING, FABRICATION, WELDING/METAL JOINING, INSTRUMENTATION, INSPECTION AND NON-DESTRUCTIVE TESTING (NDT).","category_business, corporate_entity_not_tax_exempt, limited_liability_corporation, manufacturer_of_goods, other_than_small_business, special_designations, us_owned_business",https://www.usaspending.gov/award/CONT_IDV_80GRC022AA023_8000/,,,,
USAspendingTerminations,MD-01,Northrop Grumman Systems Corporation,80MSFC21C0010,P00043,2026-07-14,2021-03-04,2025-09-30,80635452.00,79087279.25,MARS ASCENT PROPULSION SYSTEM (MAPS),"category_business, corporate_entity_not_tax_exempt, manufacturer_of_goods, other_than_small_business, special_designations, us_owned_business",https://www.usaspending.gov/award/CONT_AWD_80MSFC21C0010_8000_-NONE-_-NONE-/,,,,
DOGE,CO-06,Nuburu Inc.,80NSSC24CA161,P00002,2025-03-12,2024-08-08,2025-03-05,849989.00,0.00,Status: TERMINATED. Reported savings: $0. DOGE Action Date: 4/4/2025. Sbir phase ii - blue-plume - blue laser planetary and lunar management of electrical power,"category_business, corporate_entity_not_tax_exempt, manufacturer_of_goods, small_business, special_designations, us_owned_business",https://www.usaspending.gov/award/CONT_AWD_80NSSC24CA161_8000_-NONE-_-NONE-/,DOGE,TERMINATED,0.0,4/4/2025
LocalUSASpendingMirror,CA-34,Occidental College,80NSSC23K1293,P00001,2026-06-19,2023-07-20,2025-06-09,28907.21,28907.21,SATELLITE MONITORING OF RIVERS: A DISTRIBUTED-SAMPLING APPROACH TO IMPROVE SATELLITE ESTIMATES OF RIVER WATER QUALITY ON A GLOBAL SCALE,"category_business, corporate_entity_tax_exempt, educational_institution, higher_education, nonprofit, private_institution_of_higher_education",https://www.usaspending.gov/award/ASST_NON_80NSSC23K1293_080/,,,,
DOGE,OH-07,Ohio Aerospace Institute,80NSSC24K0114,P00003,2026-04-06,2023-10-18,2025-03-21,94143.09,94143.09,"DOGE Action Date: 3/21/2025. Reported savings: $218,736.00. Here to observe student engagement program: ohio and puerto rico space grant consortiums","category_business, corporate_entity_tax_exempt, nonprofit",https://www.usaspending.gov/award/ASST_NON_80NSSC24K0114_080/,DOGE,,218736.0,3/21/2025
LocalUSASpendingMirror,OH-03,"Ohio State University, The",80NSSC24K1854,P00002,2026-04-20,2024-08-31,2025-04-04,73425.33,73425.33,SINGLE SOURCE  COMMERCIAL IMAGERY ELEVATION RETRIEVAL SUPPORT FOR NASA/GSFC,"category_business, educational_institution, government, higher_education, national_government, other_than_small_business, public_institution_of_higher_education, regional_and_state_government",https://www.usaspending.gov/award/ASST_NON_80NSSC24K1854_080/,,,,
DOGE,OK-03,Oklahoma State University,80NSSC21M0005,P00008,2026-02-20,2021-01-01,2025-03-21,2141868.19,2141868.19,Status: TERMINATED. Reported savings: $0. DOGE Action Date: 3/24/2025. The primary objective of the  native earth | native sky  (NENS) program is to build culturally-relevant earth-sky stem programming for middle schoolers in three oklahoma native american nations that will increase the students  understanding of - termination for convenience agreement  - science activation program integration/ science engagement & partnerships division for support for science mission directorate (SMD),"educational_institution, higher_education, minority_owned_business, nonprofit, other_minority_owned_business, public_institution_of_higher_education, veterinary_college",https://www.usaspending.gov/award/ASST_NON_80NSSC21M0005_080/,DOGE,TERMINATED,0.0,3/24/2025
LocalUSASpendingMirror,OK-03,Oklahoma State University,80NSSC22K1051,P00004,2026-04-20,2022-05-20,2025-04-04,26646.23,26646.23,AEROKATS AND ROVER EDUCATION NETWORK . OSU,"educational_institution, higher_education, minority_owned_business, nonprofit, other_minority_owned_business, public_institution_of_higher_education, veterinary_college",https://www.usaspending.gov/award/ASST_NON_80NSSC22K1051_080/,,,,
DOGE,VA-11,"Overlook Systems Technologies, Inc.",80HQTR21F0124,P00022,2025-03-17,2021-05-01,2025-02-13,2472244.00,2471451.42,"Status: Expired. Reported savings: $4,390,932.00. DOGE Action Date: 3/20/2025. Provide contractor subject matter expertise in the
  areas of u.s. and international space policy as well as pnt policy, technology, engineering, and
  related applications","category_business, corporate_entity_not_tax_exempt, small_business, special_designations, subchapter_s_corporation, us_owned_business",https://www.usaspending.gov/award/CONT_AWD_80HQTR21F0124_8000_GS10F0100T_4730/,DOGE,Expired,4390932.0,3/20/2025
DOGE,OR-01,Pacific Research & Evaluation LLC,80NSSC23PB368,P00001,2025-04-21,2023-09-01,2025-03-06,183337.00,119413.50,Status: TERMINATED. Reported savings: $0. DOGE Action Date: 5/1/2025. Audience evaluation of engagement content and materials,"category_business, limited_liability_corporation, partnership_or_limited_liability_partnership, small_business",https://www.usaspending.gov/award/CONT_AWD_80NSSC23PB368_8000_-NONE-_-NONE-/,DOGE,TERMINATED,0.0,5/1/2025
DOGE,DC-98,Partnership for Public Service Inc,80NSSC24PC394,P00001,2025-04-21,2024-10-01,2025-03-11,28750.00,28750.00,Status: TERMINATED. Reported savings: $0. DOGE Action Date: 2/28/2025. Partnership for public service. membership in the federal human capital collaborative,"category_business, corporate_entity_tax_exempt, nonprofit, other_than_small_business, special_designations, us_owned_business",https://www.usaspending.gov/award/CONT_AWD_80NSSC24PC394_8000_-NONE-_-NONE-/,DOGE,TERMINATED,0.0,2/28/2025
USAspendingTerminations,CA-28,Pasadena Area Community College District,80NSSC24K0890,P00003,2026-05-20,2024-04-08,2027-04-07,252523.00,0.00,19-DISC19-0006  VERITAS STUDENT OPPORTUNITIES IN ACADEMICS AND RESEARCH (SOAR),"educational_institution, government, higher_education, local_government, minority_owned_business, minority_serving_institution_of_higher_education, nonprofit, other_minority_owned_business, public_institution_of_higher_education",https://www.usaspending.gov/award/ASST_NON_80NSSC24K0890_080/,,,,
LocalUSASpendingMirror,AZ-07,Planetary Science Institute,80NSSC24K0373,P00002,2026-06-05,2024-03-20,2025-07-31,147364.70,147364.70,18-CDAP18_2-0001 - CONSTRAINING ENCELADUS' BETWEEN-STRIPE EMISSION  ORIGINAL GRANT #80NSSC19K0885,"category_business, corporate_entity_tax_exempt, nonprofit",https://www.usaspending.gov/award/ASST_NON_80NSSC24K0373_080/,,,,
DOGE,VA-08,"Politico, LLC",80NSSC24PA723,P00001,2025-03-25,2024-05-03,2025-02-18,202600.00,202600.00,Status: TERMINATED. Reported savings: $0. DOGE Action Date: 3/19/2025. Renewal for politico pro service for olia,"category_business, partnership_or_limited_liability_partnership, small_business, special_designations, us_owned_business",https://www.usaspending.gov/award/CONT_AWD_80NSSC24PA723_8000_-NONE-_-NONE-/,DOGE,TERMINATED,0.0,3/19/2025
DOGE,VA-08,"Politico, LLC",80NSSC24PA609,P00001,2025-04-21,2024-03-11,2025-02-18,10600.00,10600.00,Status: TERMINATED. Reported savings: $0. DOGE Action Date: 2/13/2025. Politico pro agreement for ocfo,"category_business, partnership_or_limited_liability_partnership, small_business, special_designations, us_owned_business",https://www.usaspending.gov/award/CONT_AWD_80NSSC24PA609_8000_-NONE-_-NONE-/,DOGE,TERMINATED,0.0,2/13/2025
USAspendingTerminations,FL-08,"Precision Fabricating & Cleaning Company, Inc.",80GRC022AA018,P00003,2025-12-30,2022-08-22,2025-04-15,0.00,,"TERMINATION FOR CONVENIENCE - NASA GLENN RESEARCH CENTER BLANKET PURCHASE AGREEMENT. EACH ORDER MAY INCLUDE, BUT IS NOT LIMITED TO, MACHINING, FABRICATION, WELDING/METAL JOINING, INSTRUMENTATION, INSPECTION AND NON-DESTRUCTIVE TESTING (NDT).","category_business, corporate_entity_not_tax_exempt, manufacturer_of_goods, small_business, special_designations, subchapter_s_corporation, us_owned_business",https://www.usaspending.gov/award/CONT_IDV_80GRC022AA018_8000/,,,,
NPDV,MA-05,President and Fellows of Harvard College,80NSSC19K0326,P00020,2025-09-19,2019-01-01,2025-12-31,7680199.00,7296509.00,"THE TERMINATION HAS BEEN VACATED AND SET ASIDE PURSUANT TO THE ORDER ENTERED ON SEPTEMBER 3, 2025, IN PRESIDENT AND FELLOWS OF HARVARD COLLEGE V. US DEPARTMENT OF HEALTH AND HUMAN SERVICES ET AL., 1:25-CV-11048 (D. MASS).THERE IS A COMPELLING NEED FOR INTENSIVE STUDY OF CONVECTIVE IMPACTS ON THE SUMMER STRATOSPHERE OVER NORTH AMERICA. EACH SUMMER THE NORTH AMERICAN MONSOON ANTICYCLONE (NAMA) DOMINATES THE CIRCULATION OF THE NORTH-WESTERN HEMISPHERE AND ACTS TO PARTIALLY CONFINE AND ISOLATE AIR FROM THE SURROUNDING ATMOSPHERE. STRONG CONVECTIVE STORMS IN THE NAMA REGULARLY PENETRATE DEEP INTO THE LOWER STRATOSPHERE (LS), WITH SOME ASCENDING ABOVE 20 KM (~450 K POTENTIAL TEMPERATURE). THE UNIQUENESS OF THE NAMA REGION IS MOST EASILY SEEN IN SATELLITE MEASUREMENTS OF WATER VAPOR, WHICH SHOW A LARGE ENHANCEMENT IN THE LS OVER NORTH AMERICA NOT SEEN EITHER IN MAGNITUDE OR AT SUCH HIGH LATITUDES ELSEWHERE AROUND THE GLOBE. BUT THE COUPLING OF TROPOPAUSE-PENETRATING CONVECTION WITH LARGE-SCALE MONSOONAL MOTION IS POORLY UNDERSTOOD, AS IS THE IMPACT OF CONVECTION ON THE CHEMICAL COMPOSITION OF THE LS, BOTH IN MONSOON REGIONS AND IN THE GLOBAL STRATOSPHERE, WHICH RECEIVES INPUTS OF MOIST AND POLLUTED MONSOON AIR FROM THE NAMA. THE DYNAMICS AND CHEMISTRY OF THE SUMMER STRATOSPHERE (DCOTSS) PROPOSAL DIRECTLY ADDRESSES THIS KNOWLEDGE GAP.","category_business, corporate_entity_tax_exempt, educational_institution, higher_education, nonprofit, other_than_small_business, private_institution_of_higher_education, special_designations, us_owned_business",https://www.usaspending.gov/award/ASST_NON_80NSSC19K0326_080/,,,,
NPDV,MA-05,President and Fellows of Harvard College,80NSSC24M0193,P00004,2026-05-20,2024-08-01,2025-05-09,19299.47,19299.47,TERMINATION FOR CONVENIENCE AGREEMENT - NASA OPEN INNOVATION RESEARCH -SUPPORT FOR STMD DIRECTORATE,"category_business, corporate_entity_tax_exempt, educational_institution, higher_education, nonprofit, other_than_small_business, private_institution_of_higher_education, special_designations, us_owned_business",https://www.usaspending.gov/award/ASST_NON_80NSSC24M0193_080/,,,,
NASAGrants,MA-07,President and Fellows of Harvard College,80NSSC23K1430,P00005,2026-06-05,2023-09-01,2026-05-20,79364.00,79364.00,"Approved/ Awarded - Administrative | Administrative - Decrease, Administrative - Change Pop End Date. Rodent research standard housing mission: multidisciplinary approach to understanding spaceflight responses","category_business, corporate_entity_tax_exempt, educational_institution, higher_education, nonprofit, private_institution_of_higher_education",https://www.usaspending.gov/award/ASST_NON_80NSSC23K1430_080/,,,,
NASAGrants,MA-05,President and Fellows of Harvard College,80NSSC21M0002,P00013,2026-07-06,2021-01-01,2026-12-31,3919711.00,3689711.00,"Approved/ Awarded - Administrative | Administrative - Decrease, Administrative - Change Pop End Date. Cosmic storytelling with NASA data: tools for exploring data science","category_business, corporate_entity_tax_exempt, educational_institution, higher_education, nonprofit, other_than_small_business, private_institution_of_higher_education, special_designations, us_owned_business",https://www.usaspending.gov/award/ASST_NON_80NSSC21M0002_080/,,,,
LocalUSASpendingMirror,MA-05,President and Fellows of Harvard College,80NSSC21K1069,P00005,2026-07-06,2021-07-13,2025-06-18,276650.96,276650.96,TERMINATION FOR CONVENIENCE AGREEMENT -20-OCOST20-0009  APPLICATION OF CONTINUOUS GROUND-BASED REMOTE SENSING TO ANALYSIS OF OCO-2/3 XCO2 AND SIF DATA IN MOSAIC LANDSCAPES -SUPPORT FOR SMD EARTH SCIENCE DIRECTORATE,"category_business, corporate_entity_tax_exempt, educational_institution, higher_education, nonprofit, other_than_small_business, private_institution_of_higher_education, special_designations, us_owned_business",https://www.usaspending.gov/award/ASST_NON_80NSSC21K1069_080/,,,,
DOGE,MA-05,President and Fellows of Harvard College,80NSSC21K1443,P00006,2026-07-20,2021-08-01,2025-07-31,586625.65,586625.65,DOGE Action Date: 5/12/2025. Reported savings: $0.  NASA airborne observations of oxygenated volatile organic compounds over korea ,"category_business, corporate_entity_tax_exempt, educational_institution, higher_education, nonprofit, other_than_small_business, private_institution_of_higher_education, special_designations, us_owned_business",https://www.usaspending.gov/award/ASST_NON_80NSSC21K1443_080/,DOGE,,0.0,5/12/2025
USAspendingTerminations,IN-06,Prime Property Scans LLC,80NSSC26P0407,P00001,2026-06-25,2026-05-01,2026-04-21,0.00,0.00,SPIRAL TECHNOLOGY SOFTWARE SUPPORT RENEWAL,"black_american_owned_business, category_business, minority_owned_business, self_certified_small_disadvanted_business, small_business, sole_proprietorship, special_designations, us_owned_business",https://www.usaspending.gov/award/CONT_AWD_80NSSC26P0407_8000_-NONE-_-NONE-/,,,,
LocalUSASpendingMirror,MA-06,Progress Software Corporation,80NSSC25PA999,P00001,2025-09-03,2025-08-18,2025-08-19,0.00,0.00,FY25 SITEFINITY RENEWAL,"category_business, corporate_entity_not_tax_exempt, manufacturer_of_goods, other_than_small_business, special_designations, us_owned_business",https://www.usaspending.gov/award/CONT_AWD_80NSSC25PA999_8000_-NONE-_-NONE-/,,,,
NASAGrants,IN-04,Purdue University,80NSSC24K1345,P00002,2026-05-20,2024-08-01,2025-05-07,53059.56,53059.56,"Approved/ Awarded - Administrative | Administrative - Change Pop End Date, Administrative - Decrease. Robust optimal control of spacecraft translational-rotational coupled motion under uncertainty","category_business, educational_institution, higher_education, minority_owned_business, nonprofit, other_minority_owned_business, other_than_small_business, public_institution_of_higher_education, special_designations, us_owned_business",https://www.usaspending.gov/award/ASST_NON_80NSSC24K1345_080/,,,,
LocalUSASpendingMirror,IN-04,Purdue University,80NSSC25K0108,P00001,2026-05-20,2025-05-23,2026-04-20,10172.49,10172.49,EXECUTE A BALANCED SCIENCE PROGRAM BASED ON DISCIPLINE-SPECIFIC GUIDANCE FROM THE NATIONAL ACADEMIES OF SCIENCES  ENGINEERING  AND MEDICINE  ADMINISTRATION PRIORITIES  AND DIRECTION FROM CONGRESS.   PARTICIPATE AS A KEY PARTNER AND ENABLER IN THE AGE,"category_business, educational_institution, higher_education, minority_owned_business, nonprofit, other_minority_owned_business, other_than_small_business, public_institution_of_higher_education, special_designations, us_owned_business",https://www.usaspending.gov/award/ASST_NON_80NSSC25K0108_080/,,,,
LocalUSASpendingMirror,IN-04,Purdue University,80NSSC23K1372,P00004,2026-07-06,2023-08-21,2025-06-30,74615.39,74615.39,PREDICTING RADAR OBSERVATIONS OF MIXED ICE/DUST LAYERS THROUGH GPR FORWARD MODELING AND LAB EXPERIMENTS,"category_business, educational_institution, higher_education, minority_owned_business, nonprofit, other_minority_owned_business, other_than_small_business, public_institution_of_higher_education, special_designations, us_owned_business",https://www.usaspending.gov/award/ASST_NON_80NSSC23K1372_080/,,,,
DOGE,CA-51,Qualcomm Technologies Inc,80NSSC24PC363,P00002,2025-04-08,2024-10-01,2025-04-08,6000.00,0.00,Status: TERMINATED. Reported savings: $0. DOGE Action Date: 5/6/2025. Qualcomm 5g learning - four subscriptions,"category_business, corporate_entity_not_tax_exempt, other_than_small_business, special_designations, us_owned_business",https://www.usaspending.gov/award/CONT_AWD_80NSSC24PC363_8000_-NONE-_-NONE-/,DOGE,TERMINATED,0.0,5/6/2025
DOGE,IA-01,R3 Uniq Inc,80NSSC24PB720,P00001,2025-12-09,2024-07-15,2025-04-08,71648.90,71648.90,Status: TERMINATED. Reported savings: $0. DOGE Action Date: 4/11/2025. Omnest network simulation software licenses and support,"8a_program_participant, category_business, corporate_entity_not_tax_exempt, dot_certified_disadvantaged_business_enterprise, minority_owned_business, self_certified_small_disadvanted_business, small_business, special_designations, subchapter_s_corporation, subcontinent_asian_indian_american_owned_business, us_owned_business",https://www.usaspending.gov/award/CONT_AWD_80NSSC24PB720_8000_-NONE-_-NONE-/,DOGE,TERMINATED,0.0,4/11/2025
USAspendingTerminations,CA-12,"Regents of the University of California, The",80NSSC22K0674,P00003,2025-08-05,2022-02-16,2025-05-15,268899.51,268899.51,"DETECTION OF OVER 4700 EXOPLANETS SUGGESTS THAT CLOSE-IN  ROCKY EXOPLANETS OF MAGNETICALLY ACTIVE G  K AND M DWARFS SHOULD BE EXPOSED TO HIGH STELLAR CORONAL X-RAY AND EXTREME ULTRAVIOLET (XUV) AND LARGE STELLAR WIND MASS FLUXES. THE KEPLER AND TESS MISSIONS HAVE REVEALED FREQUENT SUPERFLARES ON COOL G--M PLANET-HOSTING DWARF STARS  PROVIDING A MECHANISM BY WHICH HOST STARS COULD DIRECTLY INFLUENCE THE PHYSICAL AND CHEMICAL EVOLUTION OF EXOPLANETARY ATMOSPHERES. SOLAR STUDIES SUGGEST THAT LARGE FLARES ARE ACCOMPANIED BY THE ERUPTION OF MAGNETIZED CORONAL PLASMA REFERRED TO AS CORONAL MASS EJECTIONS (CMES). WHILE STELLAR SUPERFLARES CAN BE DIRECTLY DETECTED AND CHARACTERIZED IN XUV  OPTICAL  AND RADIO WAVELENGTHS  THE SIGNATURES OF STELLAR WINDS AND SUPERFLARE CMES REMAIN ELUSIVE AND REQUIRE DETAILED THEORETICAL MODELING. OUR MAJOR SCIENCE QUESTIONS ARE: 1.) WHAT ARE THE CORONAL XUV EMISSION AND STELLAR WIND MASS FLUXES FROM ACTIVE G--M DWARFS? 2.) HOW DOES THE EVOLUTION OF THE MAGNETIC FIELD AND STELLAR ATMOSPHERE TRIGGER STELLAR SUPERFLARES? WHAT IS THE NATURE OF THE STELLAR FLARE--CME RELATIONSHIP AND WHAT ARE THEIR OBSERVATIONAL SIGNATURES? 3.) HOW ARE EXOPLANETARY SPACE WEATHER IMPACTS DRIVEN BY THE HOST STAR'S XUV EMISSION  AMBIENT STELLAR WINDS  SUPERFLARES AND THEIR ASSOCIATED CMES AND ENERGETIC PARTICLE FLUXES? THE SCIENCE GOALS OF THE PROPOSED INTERDISCIPLINARY STUDY ARE TO USE AVAILABLE HST  XMM-NEWTON  TESS  NICER AND SPECTROPOLARIMETRIC OBSERVATIONS OF ACTIVE G--M DWARFS AS INPUTS AND CONSTRAINTS FOR MULTI-DIMENSIONAL MAGNETOHYDRODYNAMIC (MHD) MODELING OF (A) THE STRUCTURE AND ENERGIZATION OF THE MAGNETIC FIELD CONFIGURATIONS OF STARSPOT GROUPS/STELLAR ACTIVE REGIONS  AND (B) THE RAPID RELEASE OF FREE MAGNETIC ENERGY DURING STELLAR SUPERFLARES AND THE DYNAMICS AND OBSERVATIONAL SIGNATURES OF THEIR ASSOCIATED CMES. THE PROPOSED INVESTIGATION IS HIGHLY RELEVANT TO XRP PROGRAMMATIC QUESTIONS AS IT CROSSES NASA S MULTI-DIVISIONAL BOUNDARIES THROUGH THE COUPLING OF DATA OBTAINED WITH FLAGSHIP ASTROPHYSICS MISSIONS WITH HELIOPHYSICS MODELS TO ADDRESS THE PROGRAM S GOAL: ""OBSERVATIONAL CHARACTERIZATION OF EXOPLANETS  THEIR ATMOSPHERES  THEIR INTERACTIONS WITH THEIR HOST STARS  OR SPECIFIC HOST STAR PROPERTIES THAT DIRECTLY IMPACT OUR UNDERSTANDING OF EXOPLANETARY SYSTEMS."" THE PROPOSED PROJECT WILL HAVE A POTENTIALLY TRANSFORMATIVE IMPACT ON THE FIELD OF EXOPLANET RESEARCH BECAUSE IT EXPANDS THE DEFINITION OF HABITABLE ZONES EXPOSED TO STELLAR IONIZING RADIATION AND PROVIDES CRITICAL INPUTS FOR MODELING AND CHARACTERIZATION OF EXOPLANET ATMOSPHERES AND THEIR EVOLUTION. THIS PROJECT IS DIRECTLY RELEVANT TO DATA FROM HST  KEPLER AND TESS AND WILL LEAD TO PREDICTIONS THAT CAN BE TESTED WITH OBSERVATIONS.","educational_institution, higher_education, minority_owned_business, minority_serving_institution_of_higher_education, nonprofit, other_minority_owned_business, public_institution_of_higher_education",https://www.usaspending.gov/award/ASST_NON_80NSSC22K0674_080/,,,,
NASAGrants,CA-12,"Regents of the University of California, The",80NSSC23K1175,P00003,2026-06-05,2023-08-15,2025-05-31,139277.72,139277.72,"Approved/ Awarded - Administrative | Administrative - Change Pop End Date, Administrative - Decrease. Low preload ice anchoring grippers for icy worlds mobility","educational_institution, higher_education, minority_owned_business, minority_serving_institution_of_higher_education, nonprofit, other_minority_owned_business, public_institution_of_higher_education",https://www.usaspending.gov/award/ASST_NON_80NSSC23K1175_080/,,,,
LocalUSASpendingMirror,MN-05,Regents of the University of Minnesota,80NSSC20K1485,P00005,2026-05-20,2021-01-01,2025-05-13,325261.38,208298.47,MOROCCO IS A DROUGHT-PRONE  CLIMATE-CONSTRAINED COUNTRY THAT HAS MADE SIGNIFICANT INVESTMENTS IN AGRICULTURE WITH THE GOAL OF ENHANCING THE ADOPTION OF HIGHER-VALUE CROPPING SYSTEMS FOR ECONOMIC DEVELOPMENT. THE MOROCCAN GOVERNMENT CURRENTLY OFFERS A MULTI-PERIL INSURANCE PROGRAM FOR CEREAL CROPS BUT HAS NOT YET DEVELOPED A PRODUCT THAT COULD HELP ABSORB THE RISKS IMPEDING THE ADOPTION OF SUCH HIGHER VALUE  BUT RISKIER  CROPPING SYSTEMS. WITHIN THIS CONTEXT  TWO EARLY-CAREER SCIENTISTS WITH SPECIALTIES IN SPATIAL AND ECONOMIC ANALYSIS  RESPECTIVELY  WILL LEAD A PROJECT TO EVALUATE THE POSSIBILITY OF USING REMOTELY-SENSED INDICATORS TO EFFECTIVELY SHIELD FARMERS FROM RISKS OF ADOPTING HIGHER VALUE CROPS VIA THEIR USE IN AN INDEXED INSURANCE AND/OR DROUGHT RELIEF PROGRAM. ACHIEVING THIS OVERARCHING OBJECTIVE WILL INVOLVE THREE MAIN TASKS: 1. DETECTING THE EXTENT OF OLIVE CROPPING SYSTEMS AND EVALUATING THE DEGREE OF CONVERSION FROM CEREAL CROPS TO OLIVES. 2. EVALUATING SOCIOECONOMIC CONDITIONS AND RISK MANAGEMENT STRATEGIES IN TWO STUDY AREAS OF MOROCCO. THIS STEP WILL FIRST INVOLVE EXPERT ELICITATION TO GROUND THE ANALYSIS IN THE REALITIES AND PERCEIVED RISKS IN THE SUPPLY CHAIN  AND WILL BE FOLLOWED BY A SERIES OF STRATIFIED SURVEYS AMONG AGRICULTURAL PRODUCERS IN TWO OLIVE PRODUCING REGIONS OF MOROCCO WHOSE AGRO-CLIMATIC CONDITIONS VARY. 3. INTEGRATING DATA ON SOCIOECONOMIC CONDITIONS WITH REMOTELY SENSED ENVIRONMENTAL CHANGES TO EVALUATE THE CORRESPONDENCE OF A REMOTELY-SENSED TRIGGER OF FARMER LOSSES DUE TO ADVERSE CONDITIONS SUCH AS DROUGHT. PERENNIAL CROPS ARE EMBLEMATIC OF THE POSSIBILITY TO ADOPT HIGHER VALUE CROPPING SYSTEMS THAT ARE OTHERWISE TOO RISKY FOR MANY FARMERS TO TAKE ON WITHOUT INSURANCE. EVEN IF THEY ARE DROUGHT-RESISTANT  PERENNIALS ARE MUCH MORE COSTLY THAN MANY ANNUAL CROPS AND INVOLVE A LONG PERIOD BEFORE THEY HAVE ECONOMICALLY-HARVESTABLE FRUITS. EVEN ONCE PRODUCING  WEATHER FLUCTUATION REMAINS A RISK: RECENT REPORTS SUGGEST MOROCCAN OLIVE FARMERS PERCEIVED YIELD DECLINES ON THE ORDER OF 36-64% LESS THAN EXPECTED IN RECENT DRY YEARS. DROUGHT CAN THEREFORE AMPLIFY RISK EXPOSURE FOR FARMERS WHEN THE FARMERS FACE HIGHER ABSOLUTE LOSSES RELATIVE TO THEIR POTENTIAL. DESPITE THE IMPORTANCE OF PERENNIALS  MOST STUDIES EVALUATING INDEXED PRODUCTS FOR AGRICULTURE FOCUS ON ANNUAL CROPPING SYSTEMS OR BROAD INDICATORS OF DROUGHT STRESS RATHER THAN THE PARTICULARS OF HIGH VALUE  LONG-TERM INVESTMENTS. THREE SENIOR COLLABORATORS FROM UC DAVIS  UMN  AND THE NATIONAL SCHOOL OF AGRICULTURE IN MEKNES  MOROCCO  WITH SIGNIFICANT ON-THE GROUND EXPERIENCE AND TECHNICAL EXPERTISE IN AGRICULTURAL ECONOMICS AND AGRONOMY WILL ADVISE THE PROJECT TO ENSURE ALIGNMENT WITH THE REALITIES OF MOROCCO S ENVIRONMENT AND POLICY CONTEXT. OUR INTERDISCIPLINARY APPROACH TO INTEGRATING SOCIAL AND ENVIRONMENTAL PROCESSES AS WELL AS DISAGGREGATING IMPACTS ACROSS SPACE ALIGNS WITH THE LCLUC RESEARCH PRIORITIES TO UNDERSTAND THE SUSTAINABILITY  VULNERABILITY  AND RESILIENCE OF HUMAN LAND USE. FURTHERMORE  OUR RESULTS WILL BE MADE PUBLIC TO HELP ADVANCE LAND CHANGE SCIENCE AS WELL AS INFORM LAND USE POLICY IN MOROCCO  THE MEDITERRANEAN REGIONAL INFORMATION NETWORK (MEDRIN)  MORE BROADLY -- AREAS THAT HAVE BEEN EVALUATED AS HIGHLY VULNERABLE TO FUTURE CLIMATE CHANGE.,"category_business, educational_institution, higher_education, minority_owned_business, nonprofit, other_minority_owned_business, other_than_small_business, public_institution_of_higher_education, special_designations, us_owned_business",https://www.usaspending.gov/award/ASST_NON_80NSSC20K1485_080/,,,,
LocalUSASpendingMirror,MN-05,Regents of the University of Minnesota,80NSSC23K1496,P00004,2026-06-05,2023-10-16,2025-05-25,138456.84,138456.84,THIS PROJECT PROPOSES TO UTILIZE NOVEL TAILORED IONIC LIQUID (IL) MIXTURES AS COOLANTS FOR SPACECRAFT THERMAL MANAGEMENT. ILS ARE SALTLIKE MATERIALS WITH PURELY IONIC BONDS THAT HAVE MELTING POINTS BELOW ROOM TEMPERATURE  AND SOME CAN EVEN REMAIN IN LIQUID FORM WELL BELOW 0 C. THEIR LOW MELTING POINTS ARE DUE TO THEIR HIGHLY SYMMETRIC MOLECULAR STRUCTURES  LARGE ION SIZES  CATION-ANION SIZE MISMATCH  AND STRONG IONIC INTERACTIONS. ILS EXHIBIT EUTECTIC BEHAVIOR  ALLOWING MIXTURES OF ILS TO HAVE LOWER MELTING POINTS THAN THEIR INDIVIDUAL PURE COMPOUNDS. THE PROPOSAL AIMS TO LEVERAGE THE UNIQUE CHARACTERISTIC OF ILS AND DEVELOP A CUSTOMIZED BINARY OR TERTIARY EUTECTIC IL MIXTURE WITH A MELTING POINT LOWER THAN 150 K. CURRENT COOLANTS USED IN SPACE MISSIONS HAVE LIMITATIONS  AND FINDING A SINGLE-FLUID  SINGLE-PHASE HEAT TRANSFER COOLANT THAT COULD PERFORM EFFECTIVELY ACROSS ALL TEMPERATURE RANGES WOULD BE A GAME-CHANGER FOR FUTURE SPACE MISSIONS. THE PROPOSED PROJECT WILL DEVELOP A SYSTEMATIC PHYSICS-BASED APPROACH TO DESIGN TAILORED IL MIXTURES WITH EXTREMELY LOW MELTING POINTS DESIGNED SPECIFICALLY FOR SINGLE-PHASE THERMAL MANAGEMENT OF SPACECRAFT IN HARSH ENVIRONMENTS. THE PROJECT WILL A) IMPLEMENT A SYSTEMATIC PHYSICS-BASED QUANTITATIVE STRUCTURE-PROPERTY RELATIONSHIP (QSPR) MODELING FRAMEWORK TO IDENTIFY BINARY AND TERTIARY EUTECTIC IL MIXTURES  B) EMPLOY STATE-OF-THE-ART MEASUREMENT TECHNIQUES TO CHARACTERIZE THE RELEVANT THERMOPHYSICAL PROPERTIES  AND C) PERFORM PROOF-OF-CONCEPT PERFORMANCE VALIDATION OF THE SELECTED IL MIXTURES VIA LABSCALE EXPERIMENTS. THE PROJECT WILL BEGIN AT TRL 1  EMPLOYING PHYSICS-DRIVEN METHODS TO IDENTIFY  SELECT  SYNTHESIZE  AND CHARACTERIZE PROMISING IL MIXTURES  AND END AT TRL 4 WITH COMPONENT LEVEL AS WELL AS SYSTEM-LEVEL PROOF-OF-CONCEPT HEAT TRANSFER PERFORMANCE VALIDATION IN THE LABORATORY ENVIRONMENT. UPON COMPLETION OF OUR PROPOSED RESEARCH  WE AIM TO PROGRESS OUR PROJECT S TRL FROM 4 TO 5-6 BY PERFORMING A TECHNOLOGY DEMONSTRATION WITH OUR INDUSTRY PARTNER  ADVANCED COOLING TECHNOLOGIES  INC.  AND 3M. THE DISCOVERY OF A SUITABLE NOVEL IL FOR SPACECRAFT THERMAL MANAGEMENT COULD HAVE A SIGNIFICANT IMPACT ON THE EFFICIENCY  FLEXIBILITY  AND SAFETY OF FUTURE SPACE MISSIONS.,"category_business, educational_institution, higher_education, minority_owned_business, nonprofit, other_minority_owned_business, other_than_small_business, public_institution_of_higher_education, special_designations, us_owned_business",https://www.usaspending.gov/award/ASST_NON_80NSSC23K1496_080/,,,,
DOGE,VA-11,"Rei Systems, Inc.",80NSSC23FA267,P00006,2026-03-31,2023-04-01,2027-03-31,3978520.18,2787005.19,"Status: OTHER ADMINISTRATIVE ACTION. Reported savings: $5,437,168.00. DOGE Action Date: 3/20/2025. This task provides unique, direct portfolio planning, operations and execution support to the early stage innovations and partnerships portfolio which provides support to NASA’s early stage technology development and tech commercialization programs that are pioneering aerospace research and transformative technology ventures to enable NASA’s mission and invigorate our economic future. task provides operations management support; strategic planning and execution support for stmd-wide processes run by esip to identify and competitively select industry technology development partnerships; organization design and change management as stmd re-organizes; and engagement support to improve the ""front door"" to stmd for external innovators.","category_business, corporate_entity_not_tax_exempt, minority_owned_business, other_than_small_business, special_designations, subcontinent_asian_indian_american_owned_business, us_owned_business",https://www.usaspending.gov/award/CONT_AWD_80NSSC23FA267_8000_80NSSC23AA003_8000/,DOGE,OTHER ADMINISTRATIVE ACTION,5437168.0,3/20/2025
DOGE,NC-04,Research Triangle Institute,80NSSC25K7029,P00003,2026-05-20,2024-10-04,2025-05-09,15620.96,15620.96,"DOGE Action Date: 5/14/2025. Reported savings: $0.  project green, greenspace and remote sensing for the environment and equity in neighborhoods ","category_business, corporate_entity_tax_exempt, nonprofit, other_than_small_business, special_designations, us_owned_business",https://www.usaspending.gov/award/ASST_NON_80NSSC25K7029_080/,DOGE,,0.0,5/14/2025
USAspendingTerminations,VA-08,"Rios Partners, LLC",80NSSC24AA014,P00004,2026-02-03,2024-01-29,2029-04-15,0.00,,TERMINATION FOR CONVENIENCE AGREEMENT - CHANGE MANAGEMENT SUPPORT SERVICE BPAS FOR NASA ADMINISTRATIVE SUITE.,"category_business, corporate_entity_not_tax_exempt, hispanic_american_owned_business, minority_owned_business, self_certified_small_disadvanted_business, service_disabled_veteran_owned_business, small_business, special_designations, subchapter_s_corporation, us_owned_business, veteran_owned_business",https://www.usaspending.gov/award/CONT_IDV_80NSSC24AA014_8000/,,,,
USAspendingTerminations,VA-08,Rma Associates LLC,80HQTR22AA003,P00005,2025-04-21,2022-06-01,2025-04-03,0.00,,LEGAL CONTRACT CANCELLATION - NASA'S ANNUAL FISMA EVALUATION SUPPORT FOR OIG DIRECTORATE,"8a_program_participant, category_business, corporate_entity_not_tax_exempt, limited_liability_corporation, self_certified_small_disadvanted_business, small_business, special_designations, us_owned_business",https://www.usaspending.gov/award/CONT_IDV_80HQTR22AA003_8000/,,,,
USAspendingTerminations,CA-16,SETI Institute,80HQTR20D0005,P00005,2025-04-08,2020-07-01,2025-04-08,0.00,,STOP WORK NOTICE ISSUED WITH NOTIFICATION OF INTENT TO TERMINATE FOR CONVENIENCE - PPSS IDIQ PROVIDES MULTIDISCIPLINE TECHNICAL SUPPORT SERVICES THROUGHOUT THE PRODUCT LIFECYCLE OF SPACE FLIGHT HARDWARE.,"category_business, corporate_entity_tax_exempt, nonprofit",https://www.usaspending.gov/award/CONT_IDV_80HQTR20D0005_8000/,,,,
NASAGrants,NC-10,Salem Academy & College,80NSSC23M0125,P00003,2026-07-06,2023-08-01,2025-07-31,435118.52,435118.52,"Approved/ Awarded - Administrative | Administrative - Change Pop End Date, Administrative - Decrease. Soar with salem: a comprehensive program to inspire women and girls to become the next generation of stem professionals.","category_business, corporate_entity_tax_exempt, educational_institution, higher_education, nonprofit, private_institution_of_higher_education",https://www.usaspending.gov/award/ASST_NON_80NSSC23M0125_080/,,,,
LocalUSASpendingMirror,CA-18,San Jose State University Research Foundation,80NSSC25K7254,P00003,2026-01-20,2024-10-01,2025-12-17,50955.86,50955.86,24-24FLAG_2-0027  LESSENING IMPACT OF INTERFACE INCONSISTENCY THROUGH GOAL-DIRECTED CREW OPERATIONS..,"category_business, corporate_entity_tax_exempt, foundation, higher_education, nonprofit, public_institution_of_higher_education",https://www.usaspending.gov/award/ASST_NON_80NSSC25K7254_080/,,,,
USAspendingTerminations,TX-07,Schlumberger Technology Corporation,80GSFC21C0057,P00014,2025-09-05,2021-03-26,2026-03-26,2855464.73,2835061.93,"TERMINATION FOR CONVENIENCE AGREEMENT - PULSED NEUTRON GENERATORS FOR THE NASA DRAGONFLY AND DRAGONFLY TITAN LANDER AND THE DEVELOPMENT AND ADVANCEMENT OF LUNAR INSTRUMENTATION (DALI), BULK ELEMENTAL COMPOSITION ANALYZER (BECA) INSTRUMENT.","category_business, corporate_entity_not_tax_exempt, other_than_small_business, special_designations, us_owned_business",https://www.usaspending.gov/award/CONT_AWD_80GSFC21C0057_8000_-NONE-_-NONE-/,,,,
DOGE,VA-11,Science Applications International Corporation,80HQTR25FA007,P00003,2025-03-14,2024-10-23,2025-02-14,865076.75,807172.06,"Status: Expired. Reported savings: $0. DOGE Action Date: 3/20/2025. Review, validate, and advise on draft plan, messaging and branding of the plan, plan implementation analysis and recommendations, rollout & metrics","category_business, corporate_entity_not_tax_exempt, other_than_small_business, special_designations, us_owned_business",https://www.usaspending.gov/award/CONT_AWD_80HQTR25FA007_8000_80HQTR24AA005_8000/,DOGE,Expired,0.0,3/20/2025
LocalUSASpendingMirror,MD-04,"Science Systems and Applications, Inc.",80NSSC24K1087,P00002,2026-06-19,2024-05-07,2026-06-03,84732.23,84732.23,23-SIST23-0009 EXTENSION AND IMPROVEMENTS OF THE GSFCSSI2 COMPOSITE SOLAR SPECTRAL IRRADIANCE DATA RECORD,"category_business, corporate_entity_not_tax_exempt, minority_owned_business, small_business, special_designations, subchapter_s_corporation, subcontinent_asian_indian_american_owned_business, us_owned_business, woman_owned_business, women_owned_small_business",https://www.usaspending.gov/award/ASST_NON_80NSSC24K1087_080/,,,,
LocalUSASpendingMirror,CO-02,Sierra Space Corp,80JSC024FA190,P00004,2026-04-22,2024-09-06,2025-06-30,841605.00,841605.00,SUPPORT THE REQUIRED SUSTAINING ENGINEERING FOR THE ADVANCED PLANT HABITAT (APH).,"category_business, corporate_entity_not_tax_exempt, manufacturer_of_goods, other_than_small_business, special_designations, us_owned_business",https://www.usaspending.gov/award/CONT_AWD_80JSC024FA190_8000_80JSC023DA011_8000/,,,,
LocalUSASpendingMirror,WA-05,Silver Bluemoon LLC,80LARC25P0002,P00001,2025-12-08,2025-09-18,2025-12-04,0.00,0.00,"PROCURE R134A REFRIGERANT FOR USE AS A TEST MEDIUM AT THE NASA LANGLEY RESEARCH CENTER (LARC) TRANSONIC DYNAMICS TUNNEL (TDT). QUANTITY IS 200,000 LBS SPREAD OVER 5 DELIVERERS AT 40,000 LBS EACH.","black_american_owned_business, category_business, limited_liability_corporation, minority_owned_business, partnership_or_limited_liability_partnership, self_certified_small_disadvanted_business, small_business, special_designations, us_owned_business",https://www.usaspending.gov/award/CONT_AWD_80LARC25P0002_8000_-NONE-_-NONE-/,,,,
USAspendingTerminations,TX-22,Silverback Associates LLC,80NSSC26P0009,P00001,2026-03-23,2025-11-20,2025-12-31,0.00,0.00,BARD AC UNIT,"black_american_owned_business, category_business, manufacturer_of_goods, minority_owned_business, partnership_or_limited_liability_partnership, small_business, special_designations, us_owned_business",https://www.usaspending.gov/award/CONT_AWD_80NSSC26P0009_8000_-NONE-_-NONE-/,,,,
NASAGrants,MA-07,Simmons University,80NSSC23M0120,P00003,2026-07-20,2023-08-01,2025-07-31,449550.73,448520.55,"Approved/ Awarded - Administrative | Administrative - Change Pop End Date, Administrative - Decrease. Dream-wstem (dynamic research education academy for mentoring women in stem)","category_business, corporate_entity_tax_exempt, educational_institution, higher_education, nonprofit, private_institution_of_higher_education",https://www.usaspending.gov/award/ASST_NON_80NSSC23M0120_080/,,,,
NPDV,NY-12,Sinequa Corp,80NSSC25PA845,P00001,2025-06-03,2025-04-01,2025-04-09,0.00,0.00,TERMINATION FOR CONVENIENCE AGREEMENT - SINEQUA CUSTOMER SUCCESS ENGINEERS,"category_business, corporate_entity_not_tax_exempt, foreign_owned, other_than_small_business, special_designations",https://www.usaspending.gov/award/CONT_AWD_80NSSC25PA845_8000_-NONE-_-NONE-/,,,,
LocalUSASpendingMirror,MA-05,Smithsonian Institution,80NSSC25K0284,P00001,2025-12-21,2025-11-01,2025-12-02,0.00,0.00,EXECUTE A BALANCED SCIENCE PROGRAM BASED ON DISCIPLINE-SPECIFIC GUIDANCE FROM THE NATIONAL ACADEMIES OF SCIENCES  ENGINEERING  AND MEDICINE  ADMINISTRATION PRIORITIES  AND DIRECTION FROM CONGRESS.   PARTICIPATE AS A KEY PARTNER AND ENABLER IN THE AGE,"minority_owned_business, nonprofit, other_minority_owned_business",https://www.usaspending.gov/award/ASST_NON_80NSSC25K0284_080/,,,,
LocalUSASpendingMirror,MA-05,Smithsonian Institution,80NSSC21K1112,P00008,2026-04-20,2021-05-24,2025-03-10,305629.05,305629.05,THE ATMOSPHERES OF ABOUT 40 EXOPLANETS HAVE BEEN OBSERVED SO FAR WITH A STRIKING RESULT: EXOPLANET ATMOSPHERES APPEAR WIDELY DIVERSE  AND THERE IS NO CLEAR CORRELATION BETWEEN THEIR PROPERTIES AND ANY OTHER SYSTEM PARAMETERS. IT IS NOW CLEAR THAT WE WILL ONLY UNDERSTAND THE PHYSICAL AND CHEMICAL PROPERTIES OF EXOPLANET ATMOSPHERES BY COMPARING LARGE STATISTICALLY SAMPLES OF TARGETS. THIS WILL REQUIRE,"minority_owned_business, nonprofit, other_minority_owned_business",https://www.usaspending.gov/award/ASST_NON_80NSSC21K1112_080/,,,,
DOGE,IL-07,Society of Women Engineers,80NSSC24PC049,P00002,2025-04-21,2024-08-01,2025-03-06,33100.00,33100.00,"Status: TERMINATED. Reported savings: $33,100.00. DOGE Action Date: 3/20/2025. Recruiting: society of women engineers (SWE) corporate partnership council and participation in associated recruiting events","category_business, corporate_entity_tax_exempt, nonprofit, other_than_small_business",https://www.usaspending.gov/award/CONT_AWD_80NSSC24PC049_8000_-NONE-_-NONE-/,DOGE,TERMINATED,33100.0,3/20/2025
NPDV,TX-20,Southwest Research Institute,80GSFC23CA005,P00006,2025-09-11,2022-12-06,2025-07-30,2759020.00,2758875.12,COMPLETE TERMINATION FOR CONVENIENCE OF NASA GEOSPACE DYNAMICS CONSTELLATION (GDC) COMPREHENSIVE AURORAL PRECIPITATION EXPERIMENT (CAPE),"category_business, corporate_entity_tax_exempt, nonprofit, other_than_small_business, special_designations, us_owned_business",https://www.usaspending.gov/award/CONT_AWD_80GSFC23CA005_8000_-NONE-_-NONE-/,,,,
USAspendingTerminations,TX-20,Southwest Research Institute,NNM16AA08C,P00058,2026-07-16,2015-11-13,2034-02-28,74931167.70,58977454.68,"STOP WORK NOTICE ISSUED WITH NOTIFICATION OF INTENT TO DESCOPE - LUCY IS A PLANNED NASA SPACE PROBE THAT WILL TOUR FIVE JUPITER TROJANS, ASTEROIDS WHICH SHARE JUPITER'S ORBIT AROUND THE SUN, ORBITING EITHER AHEAD OF OR BEHIND THE PLANET AND ONE MAIN BELT ASTEROID. ALL TARGET ENCOUNTERS WILL BE FLY-BY ENCOUNTERS.","category_business, corporate_entity_tax_exempt, nonprofit, other_than_small_business, special_designations, us_owned_business",https://www.usaspending.gov/award/CONT_AWD_NNM16AA08C_8000_-NONE-_-NONE-/,,,,
DOGE,CA-24,Space Exploration Technologies Corp,80NSSC25PA014,P00001,2025-12-09,2024-10-07,2025-04-08,19038.40,19038.40,"Status: TERMINATED. Reported savings: $0. DOGE Action Date: 5/6/2025. Aspire public-private talent program, spacex immersion","category_business, corporate_entity_not_tax_exempt, manufacturer_of_goods, other_than_small_business, special_designations, us_owned_business",https://www.usaspending.gov/award/CONT_AWD_80NSSC25PA014_8000_-NONE-_-NONE-/,DOGE,TERMINATED,0.0,5/6/2025
LocalUSASpendingMirror,CA-43,Space Exploration Technologies Corp.,80KSC020C0012,P00032,2026-07-06,2020-03-25,2032-03-24,115774074.02,114712954.98,"THE PURPOSE OF THIS CONTRACT MODIFICATION IS TO EXTEND THE STOP WORK ORDER BY 90 DAYS, THROUGH SEPTEMBER 27, 2026.","category_business, corporate_entity_not_tax_exempt, manufacturer_of_goods, other_than_small_business, special_designations, us_owned_business",https://www.usaspending.gov/award/CONT_AWD_80KSC020C0012_8000_-NONE-_-NONE-/,,,,
LocalUSASpendingMirror,CO-07,Space Hazards Applications LLC,80NSSC21K1488,P00005,2026-06-19,2021-09-01,2025-06-17,535072.47,535072.47,UNDERSTANDING  SPECIFICATION  AND PREDICTION OF LUNAR SPACE WEATHER,"category_business, limited_liability_corporation, small_business, sole_proprietorship, woman_owned_business, women_owned_small_business",https://www.usaspending.gov/award/ASST_NON_80NSSC21K1488_080/,,,,
USAspendingTerminations,CA-14,Spatial Informatics Group LLC,80MSFC20C0050,P00012,2025-06-09,2020-09-13,2025-04-15,954983.90,954983.62,STOP WORK NOTICE ISSUED WITH NOTIFICATION OF INTENT TO DE-SCOPE - SERVIR GLOBAL NETWORK CAPABILITY PROGRAM,"category_business, corporate_entity_not_tax_exempt, limited_liability_corporation, small_business, special_designations, us_owned_business",https://www.usaspending.gov/award/CONT_AWD_80MSFC20C0050_8000_-NONE-_-NONE-/,,,,
LocalUSASpendingMirror,GA-05,Spelman College,80NSSC23K0028,P00003,2026-06-19,2022-10-01,2026-06-03,88061.01,88061.01,21-IPMSI21-0011  ACQUISITION OF GROUND-BASED REMOTE SENSING MEASUREMENT NETWORKS FOR STEM RESEARCH AND RESEARCH EDUCATION IN SPELMAN COLLEGE,"educational_institution, higher_education, minority_owned_business, minority_serving_institution_of_higher_education, nonprofit, other_minority_owned_business, private_institution_of_higher_education",https://www.usaspending.gov/award/ASST_NON_80NSSC23K0028_080/,,,,
DOGE,VA-11,"Strategy Consulting Team, LLC",80NSSC24FA447,P00005,2026-06-08,2024-04-15,2027-06-30,236532.44,125422.44,"Status: FUNDING ONLY ACTION. Reported savings: $248,077.12. DOGE Action Date: 2/18/2025. Provides NASA supervisory intensive leadership program (SILP) support on the NASA enterprise-wide human capital support services (NEHCSS) contract in accordance with contract terms and conditions for the NASA office of the chief human capital officer (OCHCO).","category_business, corporate_entity_not_tax_exempt, limited_liability_corporation, self_certified_small_disadvanted_business, small_business, special_designations, us_owned_business, woman_owned_business, women_owned_small_business",https://www.usaspending.gov/award/CONT_AWD_80NSSC24FA447_8000_80NSSC23DA003_8000/,DOGE,FUNDING ONLY ACTION,248077.12,2/18/2025
USAspendingTerminations,MD-03,"Straughan Environmental, Inc.",80JSC024F0025,P00009,2025-06-12,2024-03-01,2025-02-28,246063.96,246063.96,"CANCELLATION OF PARTIAL STOP WORK NOTICE AS NON-APPLICABLE - CALL 29 (NON-CORE SUPPORT), JSC ENVIRONMENTAL SERVICES TEAM I (JEST I)","category_business, corporate_entity_not_tax_exempt, dot_certified_disadvantaged_business_enterprise, small_business, special_designations, subchapter_s_corporation, us_owned_business, woman_owned_business, women_owned_small_business",https://www.usaspending.gov/award/CONT_AWD_80JSC024F0025_8000_80JSC018A0012_8000/,,,,
USAspendingTerminations,MD-03,"Straughan Environmental, Inc.",80JSC025FA076,P00017,2026-07-15,2025-03-01,2026-09-30,1135843.46,697200.40,"CANCELLATION OF PARTIAL STOP WORK NOTICE AS NON-APPLICABLE - CALL 02 (T&M SUPPORT), JSC ENVIRONMENTAL SERVICES TEAM II (JEST II)","category_business, corporate_entity_not_tax_exempt, dot_certified_disadvantaged_business_enterprise, small_business, special_designations, subchapter_s_corporation, us_owned_business, woman_owned_business, women_owned_small_business",https://www.usaspending.gov/award/CONT_AWD_80JSC025FA076_8000_80JSC024AA029_8000/,,,,
USAspendingTerminations,MD-03,"Straughan Environmental, Inc.",80JSC025FA077,P00026,2026-07-15,2025-03-01,2026-09-30,582147.75,495296.85,PARTIAL STOP WORK NOTICE ISSUED WITH NOTIFICATION OF INTENT TO DE-SCOPE - CALL 03 (NON-CORE SUPPORT) - JSC ENVIRONMENTAL SERVICES TEAM II (JEST II),"category_business, corporate_entity_not_tax_exempt, dot_certified_disadvantaged_business_enterprise, small_business, special_designations, subchapter_s_corporation, us_owned_business, woman_owned_business, women_owned_small_business",https://www.usaspending.gov/award/CONT_AWD_80JSC025FA077_8000_80JSC024AA029_8000/,,,,
LocalUSASpendingMirror,AK-00,Tatitlek Federal Services LLC,80HQTR25FA042,P00003,2026-04-09,2025-08-01,2026-01-31,73923.00,73923.00,DE-SCOPE ACTION - HEADQUARTERS OPERATIONAL SUPPORT SERVICES (HOSS) II - HEADQUARTERS REVITALIZATION AND CONSOLIDATION PROJECT (HRCP) FOR OFFICE OF STRATEGIC INFRASTRUCTURE.,"8a_program_participant, alaskan_native_corporation_owned_firm, category_business, corporate_entity_not_tax_exempt, government, indian_native_american_tribal_government, limited_liability_corporation, minority_owned_business, native_american_owned_business, self_certified_small_disadvanted_business, small_business, special_designations, tribally_owned_firm, us_owned_business",https://www.usaspending.gov/award/CONT_AWD_80HQTR25FA042_8000_80HQTR24DA009_8000/,,,,
DOGE,VA-09,"Techpride, Inc.",80NSSC25FA034,P00002,2025-03-25,2024-10-21,2025-03-10,75664.00,75664.00,Status: TERMINATED. Reported savings: $0. DOGE Action Date: 2/18/2025. Scan program,"asian_pacific_american_owned_business, category_business, corporate_entity_not_tax_exempt, historically_underutilized_business_firm, minority_owned_business, small_business, special_designations, us_owned_business, woman_owned_business, women_owned_small_business",https://www.usaspending.gov/award/CONT_AWD_80NSSC25FA034_8000_47QRAA19D006N_4732/,DOGE,TERMINATED,0.0,2/18/2025
LocalUSASpendingMirror,PA-17,"Tetra Tech, Inc.",80KSC020F0042,P00010,2026-05-19,2020-06-22,2026-06-30,1196959.97,1196959.97,INTERIM MEASURE ACTIVITIES AT LC39A,"category_business, corporate_entity_not_tax_exempt, other_than_small_business, special_designations, us_owned_business",https://www.usaspending.gov/award/CONT_AWD_80KSC020F0042_8000_80KSC019D0011_8000/,,,,
LocalUSASpendingMirror,CA-36,The Aerospace Corporation,80GRC019F0195,P00029,2025-02-27,2019-09-19,2025-02-28,786346.68,784479.80,RESEARCH SUPPORT FOR THE NASA SPACE LAUNCH SYSTEM (SLS) UNIVERSAL STAGE ADAPTER (USA) AT THE NASA GLENN RESEARCH CENTER,"category_business, corporate_entity_tax_exempt, nonprofit, other_than_small_business, special_designations, us_owned_business",https://www.usaspending.gov/award/CONT_AWD_80GRC019F0195_8000_80GSFC19D0011_8000/,,,,
NPDV,CA-36,The Aerospace Corporation,80HQTR24F0096,P00002,2025-04-08,2024-09-26,2025-04-08,61000.00,37752.23,STOP WORK NOTICE ISSUED WITH NOTIFICATION OF INTENT TO TERMINATE FOR CONVENIENCE - STRATEGIC COMMUNICATIONS AND INTEGRATION SUPPORT FOR MISSION SUPPORT DIRECTORATE,"category_business, corporate_entity_tax_exempt, nonprofit, other_than_small_business, special_designations, us_owned_business",https://www.usaspending.gov/award/CONT_AWD_80HQTR24F0096_8000_80GSFC19D0011_8000/,,,,
USAspendingTerminations,CA-36,The Aerospace Corporation,80GSFC22CA013,P00006,2026-02-09,2022-07-11,2025-12-19,1986108.00,1982220.21,INTERDISCIPLINARY SCIENTIST SUPPORT FOR THE GEOSPACE DYNAMICS CONSTELLATION (GDC) PROGRAM.,"category_business, corporate_entity_tax_exempt, nonprofit, other_than_small_business, special_designations, us_owned_business",https://www.usaspending.gov/award/CONT_AWD_80GSFC22CA013_8000_-NONE-_-NONE-/,,,,
DOGE,CA-36,The Aerospace Corporation,80LARC24F0039,P00002,2026-03-17,2024-09-27,2025-04-15,0.00,0.00,"Status: TERMINATED. Reported savings: $162,533.00. DOGE Action Date: 7/1/2025. Space applied research: guide future human-rated spacecraft fire safety system, NASA engineering and safety center's team","category_business, corporate_entity_tax_exempt, nonprofit, other_than_small_business, special_designations, us_owned_business",https://www.usaspending.gov/award/CONT_AWD_80LARC24F0039_8000_80GSFC19D0011_8000/,DOGE,TERMINATED,162533.0,7/1/2025
DOGE,CA-36,The Aerospace Corporation,80LARC25F7003,P00002,2026-03-17,2024-12-13,2025-04-15,0.00,0.00,"Status: TERMINATED. Reported savings: $42,518.00. DOGE Action Date: 5/15/2025. NASA engineering and safety center's (NESC) environmental control and life support (ECLSS) technical discipline team (TDT), provides technical expertise for resolution of issues related to vehicle and spacesuit environmental control.","category_business, corporate_entity_tax_exempt, nonprofit, other_than_small_business, special_designations, us_owned_business",https://www.usaspending.gov/award/CONT_AWD_80LARC25F7003_8000_80GSFC19D0011_8000/,DOGE,TERMINATED,42518.0,5/15/2025
NPDV,CA-36,The Aerospace Corporation,80LARC26F7025,0,2026-05-13,2026-05-29,2027-05-31,30000.00,,TECHNICAL EXPERTISE IS PROVIDED TO THE AGENCY FOR ISSUES RELATED TO ELECTRICAL POWER AND TO ASSIST IN UNDERSTANDING THE CAUSE FOR THE RECENT SPACE LAUNCH SYSTEMS (SLS) FLIGHT TERMINATION SYSTEM CORE BATTERY QUALIFICATION FAILURES.,"category_business, corporate_entity_tax_exempt, nonprofit, other_than_small_business, special_designations, us_owned_business",https://www.usaspending.gov/award/CONT_AWD_80LARC26F7025_8000_80GSFC19D0011_8000/,,,,
DOGE,TX-07,The Jandor Group LLC,80NSSC24PC064,P00001,2025-12-09,2024-08-14,2025-04-09,100000.00,100000.00,Status: TERMINATED. Reported savings: $0. DOGE Action Date: 5/6/2025. Training,"category_business, corporate_entity_not_tax_exempt, hispanic_american_owned_business, limited_liability_corporation, minority_owned_business, self_certified_small_disadvanted_business, service_disabled_veteran_owned_business, small_business, special_designations, us_owned_business, veteran_owned_business",https://www.usaspending.gov/award/CONT_AWD_80NSSC24PC064_8000_-NONE-_-NONE-/,DOGE,TERMINATED,0.0,5/6/2025
LocalUSASpendingMirror,MD-07,The Johns Hopkins University,80NSSC22K0532,P00004,2025-02-20,2022-01-26,2024-01-25,110809.36,110809.36,TRACING LUNAR VOLATILE SOURCES BASED ON COMPOSITION,"category_business, corporate_entity_tax_exempt, educational_institution, foreign_owned, higher_education, nonprofit, other_than_small_business, private_institution_of_higher_education, special_designations",https://www.usaspending.gov/award/ASST_NON_80NSSC22K0532_080/,,,,
USAspendingTerminations,MD-07,The Johns Hopkins University,80NSSC22K1414,P00004,2026-02-20,2022-09-01,2025-08-31,313476.14,313476.14,21-XRP21-0114  A THREE-DIMENSIONAL EXTINCTION MAP FOR MICROLENSING PLANET DISCOVERY AND CHARACTERIZATION,"category_business, corporate_entity_tax_exempt, educational_institution, foreign_owned, higher_education, nonprofit, other_than_small_business, private_institution_of_higher_education, special_designations",https://www.usaspending.gov/award/ASST_NON_80NSSC22K1414_080/,,,,
DOGE,MD-07,The Johns Hopkins University,80NSSC24K0177,P00004,2026-04-06,2023-10-25,2025-03-21,507640.22,507640.22,"DOGE Action Date: 3/21/2025. Reported savings: $496,601.00. Basic research: resolving intra urban variability in heat and air quality from space and the ground leveraging diverse observations to support environmental justice","category_business, corporate_entity_tax_exempt, educational_institution, foreign_owned, higher_education, nonprofit, other_than_small_business, private_institution_of_higher_education, special_designations",https://www.usaspending.gov/award/ASST_NON_80NSSC24K0177_080/,DOGE,,496601.0,3/21/2025
USAspendingTerminations,MD-03,The Johns Hopkins University Applied Physics Laboratory LLC,80MSFC24F0067,P00003,2025-04-21,2024-04-01,2025-01-23,61257.49,61257.49,STOP WORK NOTICE ISSUED WITH NOTIFICATION OF INTENT TO TERMINATE FOR CONVENIENCE - HERE TO OBSERVE (H2O) SUPPORT FOR PLANETARY SCIENCE DIVISION (PSD) MISSIONS,"category_business, educational_institution, higher_education, limited_liability_corporation, minority_owned_business, nonprofit, other_minority_owned_business, other_than_small_business, private_institution_of_higher_education",https://www.usaspending.gov/award/CONT_AWD_80MSFC24F0067_8000_80MSFC20D0004_8000/,,,,
USAspendingTerminations,MD-03,The Johns Hopkins University Applied Physics Laboratory LLC,80MSFC22F0153,P00005,2025-09-26,2022-07-15,2025-04-08,19512.00,19010.22,STOP WORK NOTICE ISSUED WITH NOTIFICATION OF INTENT TO TERMINATE FOR CONVENIENCE - NESC AVIONICS PACKAGING ENGINEERING PROCESSES AND BEST PRACTICES,"category_business, educational_institution, higher_education, limited_liability_corporation, minority_owned_business, nonprofit, other_minority_owned_business, other_than_small_business, private_institution_of_higher_education",https://www.usaspending.gov/award/CONT_AWD_80MSFC22F0153_8000_80MSFC20D0004_8000/,,,,
LocalUSASpendingMirror,CA-16,The Leland Stanford Junior University,80NSSC23K1585,P00002,2026-03-05,2023-10-01,2026-02-17,204864.79,204864.79,REVEALING THE PHYSICS OF GALACTIC OUTFLOWS USING FAR-INFRARED POLARIMETRIC CAPABILITIES,"category_business, corporate_entity_tax_exempt, educational_institution, higher_education, nonprofit, other_than_small_business, private_institution_of_higher_education",https://www.usaspending.gov/award/ASST_NON_80NSSC23K1585_080/,,,,
LocalUSASpendingMirror,CA-16,The Leland Stanford Junior University,80NSSC21K1278,P00006,2026-03-05,2021-08-30,2025-02-26,200731.83,200731.83,NASA IS EXPLORING THE IDEA OF SENDING ROBOTIC PROBES TO THE OCEAN WORLDS ORBITING THE OUTER PLANETS. THE EUROPA CLIPPER  SET TO LAUNCH IN 2024  WILL GIVE US A DEEPER UNDERSTANDING OF THE ICY SURFACE OF JUPITER S MOON EUROPA.,"category_business, corporate_entity_tax_exempt, educational_institution, higher_education, nonprofit, other_than_small_business, private_institution_of_higher_education",https://www.usaspending.gov/award/ASST_NON_80NSSC21K1278_080/,,,,
NASAGrants,CA-16,The Leland Stanford Junior University,80NSSC22K1174,P00004,2026-07-20,2022-08-29,2025-08-28,205446.59,205446.59,"Approved/ Awarded - Administrative | Administrative - Change Pop End Date, Administrative - Decrease. Towards a robust laser-based velocity and temperature diagnostic for deployment in hypersonic ground-test facilities and high-speed flight","category_business, corporate_entity_tax_exempt, educational_institution, higher_education, nonprofit, other_than_small_business, private_institution_of_higher_education",https://www.usaspending.gov/award/ASST_NON_80NSSC22K1174_080/,,,,
USAspendingTerminations,FL-07,"The Performance Knowledge Group, LLC",80KSC021A0007,P00006,2025-03-24,2021-07-01,2025-02-14,0.00,,TERMINATE FOR CONVENIENCE AGREEMENT - STRATEGIC MANAGEMENT SUPPORT SERVICES FOR MULTIPLE CUSTOMERS.,"category_business, partnership_or_limited_liability_partnership, small_business, special_designations, us_owned_business, woman_owned_business, women_owned_small_business",https://www.usaspending.gov/award/CONT_IDV_80KSC021A0007_8000/,,,,
DOGE,FL-07,"The Performance Knowledge Group, LLC",80KSC024F0043,P00004,2025-04-10,2024-07-01,2025-02-14,137213.00,137213.00,"Status: Expired. Reported savings: $0. DOGE Action Date: 2/18/2025. Non-personal services contract to provide strategic management support, professional/team coaching, advanced planning, integration, and implementation to NASA kennedy space center (KSC), launch service program.","category_business, partnership_or_limited_liability_partnership, small_business, special_designations, us_owned_business, woman_owned_business, women_owned_small_business",https://www.usaspending.gov/award/CONT_AWD_80KSC024F0043_8000_80KSC021A0007_8000/,DOGE,Expired,0.0,2/18/2025
DOGE,FL-07,"The Performance Knowledge Group, LLC",80KSC024F0044,P00002,2025-04-10,2024-07-01,2025-02-14,77219.10,77219.10,"Status: Expired. Reported savings: $0. DOGE Action Date: 2/18/2025. Non-personal services contract to provide strategic management support, professional/team coaching, advanced planning, integration, and implementation to NASA kennedy space center (KSC), exploration ground system (EGS)","category_business, partnership_or_limited_liability_partnership, small_business, special_designations, us_owned_business, woman_owned_business, women_owned_small_business",https://www.usaspending.gov/award/CONT_AWD_80KSC024F0044_8000_80KSC021A0007_8000/,DOGE,Expired,0.0,2/18/2025
DOGE,FL-07,"The Performance Knowledge Group, LLC",80KSC024F0045,P00002,2025-04-22,2024-07-01,2025-02-14,38535.00,38535.00,"Status: Expired. Reported savings: $0. DOGE Action Date: 2/18/2025. Non-personal services contract to provide strategic management support, professional/team coaching, advanced planning, integration, and implementation to NASA kennedy space center (KSC).","category_business, partnership_or_limited_liability_partnership, small_business, special_designations, us_owned_business, woman_owned_business, women_owned_small_business",https://www.usaspending.gov/award/CONT_AWD_80KSC024F0045_8000_80KSC021A0007_8000/,DOGE,Expired,0.0,2/18/2025
NPDV,CO-03,The Pinhead Institute Inc,80NSSC19K0748,P00006,2026-05-20,2019-05-20,2025-05-09,114321.00,0.00,TERMINATION FOR CONVENIENCE AGREEMENT - AN ANALYSIS OF LADEE UVS DATA FOR METALLIC SPECIES - SUPPORT FOR SMD DIRECTORATE,"category_business, corporate_entity_tax_exempt, nonprofit",https://www.usaspending.gov/award/ASST_NON_80NSSC19K0748_080/,,,,
LocalUSASpendingMirror,CO-02,The Regents of the University of Colorado,80NSSC25K0045,P00001,2025-12-19,2025-06-15,2025-09-04,0.00,0.00,EXECUTE A BALANCED SCIENCE PROGRAM BASED ON DISCIPLINE-SPECIFIC GUIDANCE FROM THE NATIONAL ACADEMIES OF SCIENCES  ENGINEERING  AND MEDICINE  ADMINISTRATION PRIORITIES  AND DIRECTION FROM CONGRESS.   PARTICIPATE AS A KEY PARTNER AND ENABLER IN THE AGE,"category_business, educational_institution, government, higher_education, national_government, other_than_small_business, public_institution_of_higher_education, regional_and_state_government",https://www.usaspending.gov/award/ASST_NON_80NSSC25K0045_080/,,,,
LocalUSASpendingMirror,CO-02,The Regents of the University of Colorado,80NSSC24K0927,P00001,2026-02-05,2024-09-01,2026-01-20,194060.16,194060.16,23-SSW23-0034 - PROBING THE INTERIORS OF JUPITER AND GAS GIANTS THROUGH FLUID DYNAMICS SIMULATIONS: CHARACTERIZING THE MIXING EFFICIENCY OF CONVECTION AND THE NATURE OF DILUTE CORES,"category_business, educational_institution, government, higher_education, national_government, other_than_small_business, public_institution_of_higher_education, regional_and_state_government",https://www.usaspending.gov/award/ASST_NON_80NSSC24K0927_080/,,,,
LocalUSASpendingMirror,CO-02,The Regents of the University of Colorado,80NSSC21K1667,P00009,2026-02-05,2021-09-01,2025-01-20,1662964.88,1662964.88,WE PROPOSE A TWO-YEAR SUBORBITAL-CLASS RESEARCH PROGRAM TO SUPPORT THE SCIENCE MISSION OF THE COLORADO ULTRAVIOLET TRANSIT EXPERIMENT (CUTE)  A NASA/APRA-FUNDED 6U CUBESAT MISSION TO STUDY ATMOSPHERIC COMPOSITION AND ESCAPE ON EXTREME EXOPLANETS.,"category_business, educational_institution, government, higher_education, national_government, other_than_small_business, public_institution_of_higher_education, regional_and_state_government",https://www.usaspending.gov/award/ASST_NON_80NSSC21K1667_080/,,,,
USAspendingTerminations,CO-02,The Regents of the University of Colorado,80GSFC22CA012,P00009,2026-02-12,2022-08-19,2026-01-08,1724514.55,1724514.55,INTERDISCIPLINARY SCIENTIST SUPPORT FOR THE GEOSPACE DYNAMICS CONSTELLATION (GDC) PROGRAM.,"category_business, educational_institution, government, higher_education, national_government, other_than_small_business, public_institution_of_higher_education, regional_and_state_government",https://www.usaspending.gov/award/CONT_AWD_80GSFC22CA012_8000_-NONE-_-NONE-/,,,,
LocalUSASpendingMirror,CO-02,The Regents of the University of Colorado,80NSSC22K1186,P00004,2026-05-20,2022-08-29,2025-05-08,179929.63,179929.63,INTERDISCIPLINARY DEVELOPMENT OF ADVANCED AEROCAPTURE GUIDANCE ALGORITHMS USING HIGH-FIDELITY PHYSICS MODELING,"category_business, educational_institution, government, higher_education, national_government, other_than_small_business, public_institution_of_higher_education, regional_and_state_government",https://www.usaspending.gov/award/ASST_NON_80NSSC22K1186_080/,,,,
LocalUSASpendingMirror,CO-02,The Regents of the University of Colorado,80LARC25F7010,P00005,2026-05-26,2024-11-06,2026-03-31,155381.18,155381.18,CONDUCT 3 TOTAL DRESS REHEARSALS TO MITIGATE RISK ASSOCIATED WITH EXTENDED STORAGE PERIOD.,"category_business, educational_institution, government, higher_education, national_government, other_than_small_business, public_institution_of_higher_education, regional_and_state_government",https://www.usaspending.gov/award/CONT_AWD_80LARC25F7010_8000_80LARC18C0001_8000/,,,,
DOGE,NY-13,The Trustees of Columbia University in the City of New York,80ARC023CA004,P00002,2025-05-01,2022-11-01,2025-03-07,2000000.00,1208343.00,Status: TERMINATED. Reported savings: $0. DOGE Action Date: 3/10/2025. Contract for research and development work to extended longevity of 3d tissues and microph,"category_business, corporate_entity_tax_exempt, educational_institution, higher_education, nonprofit, other_than_small_business, private_institution_of_higher_education",https://www.usaspending.gov/award/CONT_AWD_80ARC023CA004_8000_-NONE-_-NONE-/,DOGE,TERMINATED,0.0,3/10/2025
USAspendingTerminations,NY-13,The Trustees of Columbia University in the City of New York,80NSSC24M0209,P00004,2026-02-05,2024-09-15,2026-09-30,399998.00,55156.49,SINGLE-SOURCE  ICME OPTIMIZATION OF ADVANCED COMPOSITE COMPONENTS OF THE AURORA D8 AIRCRAFT: VERIFICATION,"category_business, corporate_entity_tax_exempt, educational_institution, higher_education, nonprofit, private_institution_of_higher_education",https://www.usaspending.gov/award/ASST_NON_80NSSC24M0209_080/,,,,
DOGE,NY-13,The Trustees of Columbia University in the City of New York,80GSFC23CA001,P00012,2026-04-16,2023-08-01,2025-07-31,8811500.90,8065973.90,"Status: TERMINATED. Reported savings: $19,404,348.00. DOGE Action Date: 3/10/2025. Sedac facilitates the analysis and portrayal of the human dimensions of global change need","category_business, corporate_entity_tax_exempt, educational_institution, higher_education, nonprofit, private_institution_of_higher_education",https://www.usaspending.gov/award/CONT_AWD_80GSFC23CA001_8000_-NONE-_-NONE-/,DOGE,TERMINATED,19404348.0,3/10/2025
NPDV,NJ-12,The Trustees of Princeton University,80NSSC25K7437,P00002,2025-12-21,2025-01-01,2027-12-31,238675.00,69859.69,"RESCINDING STOP WORK NOTICE. EXECUTE A BALANCED SCIENCE PROGRAM BASED ON DISCIPLINE-SPECIFIC GUIDANCE FROM THE NATIONAL ACADEMIES OF SCIENCES, ENGINEERING, AND MEDICINE, ADMINISTRATION PRIORITIES, AND DIRECTION FROM CONGRESS.   PARTICIPATE AS A KEY PARTNER AND ENABLER IN THE AGENCY S EXPLORATION INITIATIVE, FOCUSING ON SCIENTIFIC RESEARCH OF, ON, AND FROM THE MOON, LUNAR ORBIT, MARS, AND BEYOND.   ADVANCE DISCOVERY IN EMERGING FIELDS BY IDENTIFYING AND EXPLOITING CROSS-DISCIPLINARY OPPORTUNITIES BETWEEN TRADITIONAL SCIENCE DISCIPLINES   DEVELOP A DIRECTORATE-WIDE, TARGET-USER FOCUSED APPROACH TO APPLIED PROGRAMS, INCLUDING EARTH SCIENCE APPLICATIONS, SPACE WEATHER, PLANETARY DEFENSE, AND SPACE SITUATIONAL AWARENESS","category_business, corporate_entity_tax_exempt, educational_institution, higher_education, nonprofit, private_institution_of_higher_education",https://www.usaspending.gov/award/ASST_NON_80NSSC25K7437_080/,,,,
NASAGrants,MA-02,The Trustees of the Smith College,80NSSC23M0126,P00002,2025-06-20,2023-08-01,2025-07-31,462842.00,462842.00,"Approved/ Awarded - Administrative | Administrative - Change Pop End Date, Administrative - Decrease. Developing a pathway to mars (math resilient students) in stem: a cascading mentorship model","category_business, corporate_entity_tax_exempt, educational_institution, higher_education, nonprofit, private_institution_of_higher_education",https://www.usaspending.gov/award/ASST_NON_80NSSC23M0126_080/,,,,
LocalUSASpendingMirror,AL-05,The University of Alabama in Huntsville,80NSSC23K0183,P00002,2025-12-21,2023-01-01,2024-12-31,155427.46,155427.46,THIS PROPOSAL ADDRESSES THE WEATHER AND CLIMATE THEMATIC SERVICE AREA OF THE A.35 SERVIR APPLIED SCIENCES TEAM (AST) SOLICITATION  WITH A SPECIFIC FOCUS ON SERVIR-HINDU KUSH HIMALAYA (HKH) REGION. AIR POLLUTION IN THE HKH REGION OF SOUTH-CENTRAL ASIA IS A SEVERE ISSUE  AS INCREASES IN EMISSIONS AND POLLUTANT LEVELS OVER THE PAST TWO DECADES HAVE DEGRADED AIR QUALITY (AQ) ACROSS THE REGION  WHICH POSES MAJOR THREATS TO THE ECOSYSTEM  HUMAN HEALTH  CLIMATE  AND AGRICULTURE. A DIVERSITY OF ANTHROPOGENIC AND NATURAL EMISSION SOURCES INCLUDING TRANSPORTATION  POWER PLANTS  INDUSTRIES  OPEN BIOMASS BURNING OF CROP RESIDUE  FOREST FIRES  COOKING AND HEATING FIRES  AND DUST STORMS CAN CONTRIBUTE TO THE ELEVATED POLLUTION LEVELS IN HKH. TRANSBOUNDARY POLLUTION IS A MAJOR CONCERN IN THE REGION  AS HIGH EMISSIONS FROM REGIONAL SOURCES SUCH AS FIRES CAN LEAD TO COMPLEX INFLUENCES ON LOCAL AQ. THE OVERARCHING GOAL OF THIS PROPOSAL IS TO BUILD A FULLY CUSTOMIZED AND SUSTAINABLE AQ TOOLKIT FOR ADVANCING AQ MONITORING  FORECASTING  AND MANAGEMENT DECISIONS IN THE HKH FOCUS COUNTRIES. APPLICATION OF OUR ENHANCED AQ TOOLKIT WILL AID IN CHARACTERIZING AND QUANTIFYING DIURNALLY-VARYING SOURCE EMISSIONS AND ATTRIBUTIONS ON THE AQ STATE  PROVIDING CRITICAL INFORMATION TO THE SERVIRHKH HUB AND PARTNER AGENCIES ON TRANSBOUNDARY POLLUTION AND LOCAL-SCALE AQ ISSUES IN THE REGION. SPECIFIC OBJECTIVES OF THE PROPOSED PROJECT ARE AS FOLLOWS: (1) DEVELOP CUTTING-EDGE ALGORITHMS AND MACHINE LEARNING (ML) TECHNIQUES FROM SATELLITE DATA TO DELIVER NEAR REAL-TIME PRODUCTS AND TOOLS WITH ADVANCED PRECISION AND DETAIL ON EMISSIONS  TRANSBOUNDARY POLLUTANTS  AND LOCAL-SCALE AQ (2) IMPLEMENT NEWLY CUSTOMIZED MODEL SOLUTIONS WITH UPDATED EMISSION INVENTORIES AND ASSIMILATION PROCEDURES FOR IMPROVING AQ FORECASTS AND DECISION-MAKING ACTIVITIES (3) ACTIVELY ENGAGE WITH THE SERVIR-HKH HUB AND PARTNERS IN THE REGION THROUGH WORKSHOPS AND TRAINING TO TAILOR NEW PRODUCT SOLUTIONS/TOOLS TO SPECIFIC STAKEHOLDER NEEDS IN EACH HKH FOCUS COUNTRY  MAXIMIZING THE APPLICATION IMPACT AND SUSTAINABILITY OF OUR AQ TOOLKIT. OUR ML ALGORITHMS WILL UTILIZE SPECTRAL  SPATIAL  AND TEMPORAL INFORMATION FROM DIFFERENT BAND COMBINATIONS ON NEW-GENERATION GEOSTATIONARY SATELLITE SENSORS TO ACCURATELY CLASSIFY DUST AND SMOKE IN THE HKH REGION. THE DUST AND SMOKE CLASSIFICATIONS WILL BE USED TO DEVELOP AN ENHANCED AEROSOL OPTICAL DEPTH (AOD) PRODUCT AND SURFACE-LEVEL PARTICULATE MATTER ESTIMATES FOR THE REGION. WE WILL ALSO OPERATIONALIZE A THRESHOLD-BASED APPROACH USING GEOSTATIONARY SATELLITE DATA TO PROVIDE FIRE HOT SPOT LOCATIONS THROUGHOUT THE DAYTIME AND NIGHTTIME. THE AOD AND FIRE DETECTION PRODUCTS WILL BE USED AS INPUT INTO A HIGH-RESOLUTION WEATHER RESEARCH AND FORECASTING MODEL WITH CHEMISTRY (WRF-CHEM) CONFIGURATION OVER THE REGION. THE OPERATIONAL WRF-CHEM MODEL WILL ALSO BE UPDATED WITH A NEW ANTHROPOGENIC EMISSIONS INVENTORY BASED ON A SATELLITE-BASED ADJUSTMENT METHOD. LASTLY  THE FIRE DETECTION LOCATIONS  DUST CLASSIFICATIONS  AND AEROSOL LAYER HEIGHT PRODUCTS WILL BE USED TO INITIALIZE AN AUTOMATED HYSPLIT DISPERSION FORECASTING SYSTEM OVER HKH FOR RAPIDLY WARNING THE PUBLIC OF AQ EXCEEDANCES RELATED TO DUST AND SMOKE EPISODES. TO TAILOR OUR AQ PRODUCTS TO STAKEHOLDER NEEDS IN HKH  WE WILL ACTIVELY ENGAGE THE COMMUNITY THROUGH WORKSHOPS AND CUSTOMIZED TRAININGS OVER THE COURSE OF THE PROJECT  SUPPORTING LONG-TERM SUSTAINABILITY OF OUR PRODUCTS. WE AIM TO ACHIEVE AN APPLICATIONS READINESS LEVEL OF 8  APPLICATION SYSTEM COMPLETED AND QUALIFIED BY THE REGIONAL PARTNERS THROUGH TESTING AND DEMONSTRATION IN TARGETED DECISION-MAKING ACTIVITIES. OUR PROPOSED WORK WILL BUILD UPON THE HEALTH AND AQ FOCUS AREA OF THE NASA APPLIED SCIENCES PROGRAM THROUGH ENABLING IMPACTFUL APPLICATIONS FOR SOCIETAL BENEFIT  BUILDING KNOWLEDGE  AND EXPANDING PARTNERSHIPS IN THE REGION.,"category_business, corporate_entity_tax_exempt, educational_institution, higher_education, nonprofit, public_institution_of_higher_education",https://www.usaspending.gov/award/ASST_NON_80NSSC23K0183_080/,,,,
LocalUSASpendingMirror,AL-05,The University of Alabama in Huntsville,80NSSC23K1592,P00001,2026-06-19,2023-08-01,2025-06-11,10566.63,10566.63,23-NUP2023-0082 UNDERSTANDING THE ANOMALOUS EXPANSION OF CMES IN SOLAR CYCLE 24 USING MAGNETOHYDRODYNAMIC SIMULATIONS,"category_business, corporate_entity_tax_exempt, educational_institution, higher_education, nonprofit, public_institution_of_higher_education",https://www.usaspending.gov/award/ASST_NON_80NSSC23K1592_080/,,,,
USAspendingTerminations,FL-10,The University of Central Florida Board of Trustees,80NSSC25K7548,P00001,2026-03-20,2025-01-15,2028-01-14,0.00,0.00,24-SSW24-0007 APOLLO SAMPLES AS A WINDOW TO CHARACTERIZING REGOLITHS THROUGHOUT THE SOLAR SYSTEM WITH MIR SPECTROSCOPY,"category_business, corporate_entity_tax_exempt, educational_institution, higher_education, nonprofit, public_institution_of_higher_education",https://www.usaspending.gov/award/ASST_NON_80NSSC25K7548_080/,,,,
LocalUSASpendingMirror,FL-10,The University of Central Florida Board of Trustees,80NSSC23K1435,P00002,2026-06-19,2023-09-01,2025-06-12,12279.34,12279.34,EXPLORING VARIABILITY IN THE ATMOSPHERES OF IMAGED GIANT EXOPLANETS AND BROWN DWARFS,"category_business, corporate_entity_tax_exempt, educational_institution, higher_education, nonprofit, public_institution_of_higher_education",https://www.usaspending.gov/award/ASST_NON_80NSSC23K1435_080/,,,,
DOGE,TX-15,The University of Texas Rio Grande Valley,80NSSC22K1681,P00005,2026-04-06,2022-09-01,2025-03-21,220220.64,220220.64,"DOGE Action Date: 3/21/2025. Reported savings: $0.  21-eej21-0061, integration of satellite data on air pollution with socioeconomic indicators to assess the impacts of agricultural burning on local communities in the lower rio grande valley of south texas. - termination for convenience - earth science applications: equity and environmental justice support for smd/esd ","category_business, educational_institution, government, higher_education, minority_serving_institution_of_higher_education, national_government, other_than_small_business, public_institution_of_higher_education, regional_and_state_government",https://www.usaspending.gov/award/ASST_NON_80NSSC22K1681_080/,DOGE,,0.0,3/21/2025
USAspendingTerminations,TX-16,The University of Texas at El Paso,80NSSC25K7164,P00003,2026-01-05,2025-01-01,2026-12-31,119043.00,100937.76,FROM DUST TO PLANETESIMALS: GAS-PARTICLE INTERACTIONS IN BINARY SYSTEMS,"educational_institution, government, higher_education, local_government, minority_serving_institution_of_higher_education, national_government, public_institution_of_higher_education",https://www.usaspending.gov/award/ASST_NON_80NSSC25K7164_080/,,,,
DOGE,VA-11,"Three Wire Systems, LLC",80NSSC24FA558,P00001,2025-08-13,2024-04-01,2025-04-16,17400.00,17400.00,Status: TERMINATED. Reported savings: $0. DOGE Action Date: 5/6/2025. Stor- one software renewal,"category_business, corporate_entity_not_tax_exempt, limited_liability_corporation, service_disabled_veteran_owned_business, small_business, special_designations, us_owned_business, veteran_owned_business",https://www.usaspending.gov/award/CONT_AWD_80NSSC24FA558_8000_NNG15SD25B_8000/,DOGE,TERMINATED,0.0,5/6/2025
NPDV,MS-04,Trilogy Medical Resources LLC,80SSC021F0001,P00004,2025-09-25,2020-10-20,2025-04-08,32600.00,32600.00,STOP WORK NOTICE ISSUED WITH NOTIFICATION OF INTENT TO TERMINATE FOR CONVENIENCE - PROVIDE COVID-19 RAPID TESTING FOR STENNIS SPACE CENTER.,"category_business, self_certified_small_disadvanted_business, small_business, sole_proprietorship, special_designations, subchapter_s_corporation, us_owned_business",https://www.usaspending.gov/award/CONT_AWD_80SSC021F0001_8000_80SSC021A0001_8000/,,,,
LocalUSASpendingMirror,NH-02,Trustees of Dartmouth College,80NSSC25K7326,P00001,2026-06-05,2025-01-01,2025-07-24,32117.76,32117.76,EXECUTE A BALANCED SCIENCE PROGRAM BASED ON DISCIPLINE-SPECIFIC GUIDANCE FROM THE NATIONAL ACADEMIES OF SCIENCES  ENGINEERING  AND MEDICINE  ADMINISTRATION PRIORITIES  AND DIRECTION FROM CONGRESS.   PARTICIPATE AS A KEY PARTNER AND ENABLER IN THE AGENCY S EXPLORATION INITIATIVE  FOCUSING ON SCIENTIFIC RESEARCH OF  ON  AND FROM THE MOON  LUNAR ORBIT  MARS  AND BEYOND.   ADVANCE DISCOVERY IN EMERGING FIELDS BY IDENTIFYING AND EXPLOITING CROSS-DISCIPLINARY OPPORTUNITIES BETWEEN TRADITIONAL SCIENCE DISCIPLINES   DEVELOP A DIRECTORATE-WIDE  TARGET-USER FOCUSED APPROACH TO APPLIED PROGRAMS  INCLUDING EARTH SCIENCE APPLICATIONS  SPACE WEATHER  PLANETARY DEFENSE  AND SPACE SITUATIONAL AWARENESS.,"category_business, corporate_entity_tax_exempt, educational_institution, higher_education, nonprofit, private_institution_of_higher_education",https://www.usaspending.gov/award/ASST_NON_80NSSC25K7326_080/,,,,
DOGE,MA-07,Trustees of Tufts College,80NSSC24K1232,P00002,2026-04-06,2024-07-15,2025-03-21,169287.92,169287.92,"DOGE Action Date: 3/21/2025. Reported savings: $0.  environmental justice & public health: climate, land, & (HEALTH) outcome of dengue fever (CLOUD) ","category_business, corporate_entity_tax_exempt, educational_institution, higher_education, nonprofit, private_institution_of_higher_education",https://www.usaspending.gov/award/ASST_NON_80NSSC24K1232_080/,DOGE,,0.0,3/21/2025
DOGE,MA-07,Trustees of Tufts College,80NSSC25K7031,P00003,2026-06-19,2024-10-04,2025-06-06,149834.25,149834.25,"Status: TERMINATED. Reported savings: $604,288.00. DOGE Action Date: 9/18/2025. Basic research: integrating earth observations toward advancing equitable resilience to geohazards in a changing climate","category_business, corporate_entity_tax_exempt, educational_institution, higher_education, nonprofit, private_institution_of_higher_education",https://www.usaspending.gov/award/ASST_NON_80NSSC25K7031_080/,DOGE,TERMINATED,604288.0,9/18/2025
LocalUSASpendingMirror,CO-07,Trustees of the Colorado School of Mines,80NSSC25K7833,P00001,2026-04-20,2025-05-19,2026-03-03,0.00,0.00,THIS PROJECT PROPOSES DESIGN AND PROOF-OF-CONCEPT VALIDATION VIA SCALABLE LABORATORY PROTOTYPING OF A MEGAWATT (MW)-SCALE HIGH-VOLTAGE MULTIPHASE DUAL-ROTOR GENERATOR (DRG) INTEGRATED WITH A MULTIPHASE PASSIVE RECTIFIER FOR A POWER MANAGEMENT AND DISTRIBUTION (PMAD) SYSTEM IN A NUCLEAR ELECTRIC PROPULSION (NEP) SYSTEM. IN THE NEP UNDER STUDY A NUCLEAR REACTOR THROUGH A CLOSED BRAYTON CYCLE ACTING AS A PRIME MOVER SPINS A MULTIPHASE (GREATER THAN 3-PHASE) DRG WHOSE OUTPUT IS RECTIFIED WITH A PASSIVE RECTIFIER BEFORE CONNECTING TO SPACECRAFT'S HIGH-VOLTAGE DC (HVDC) BUS.,"educational_institution, higher_education, minority_owned_business, nonprofit, other_minority_owned_business, public_institution_of_higher_education",https://www.usaspending.gov/award/ASST_NON_80NSSC25K7833_080/,,,,
DOGE,,Unibap Space Solutions Ab (PUBL),80NSSC24PA210,P00002,2025-12-23,2023-11-30,2025-03-28,70000.00,70000.00,Status: TERMINATED. Reported savings: $0. DOGE Action Date: 4/10/2025. Unibap - ose-sat in-space autonomy testbed,"category_business, corporate_entity_tax_exempt, foreign_owned, manufacturer_of_goods, other_than_small_business, special_designations",https://www.usaspending.gov/award/CONT_AWD_80NSSC24PA210_8000_-NONE-_-NONE-/,DOGE,TERMINATED,0.0,4/10/2025
USAspendingTerminations,FL-16,"Unipak Aviation, LLC",80GRC022AA021,P00003,2025-12-30,2022-08-22,2025-04-15,0.00,,"TERMINATION FOR CONVENIENCE - NASA GLENN RESEARCH CENTER BLANKET PURCHASE AGREEMENT. EACH ORDER MAY INCLUDE, BUT IS NOT LIMITED TO, MACHINING, FABRICATION, WELDING/METAL JOINING, INSTRUMENTATION, INSPECTION AND NON-DESTRUCTIVE TESTING (NDT).","category_business, manufacturer_of_goods, partnership_or_limited_liability_partnership, self_certified_small_disadvanted_business, small_business, special_designations, us_owned_business",https://www.usaspending.gov/award/CONT_IDV_80GRC022AA021_8000/,,,,
DOGE,MD-03,Universities Space Research Association,80NSSC21M0003,P00011,2025-09-19,2021-01-01,,2767668.23,2767668.23,Status: TERMINATED. Reported savings: $0. DOGE Action Date: 3/31/2025. Planetary exploration  - science activation program integration/ science engagement & partnerships division for support for science mission directorate (SMD),"category_business, corporate_entity_tax_exempt, nonprofit",https://www.usaspending.gov/award/ASST_NON_80NSSC21M0003_080/,DOGE,TERMINATED,0.0,3/31/2025
USAspendingTerminations,DC-98,Universities Space Research Association,80NSSC24M0217,P00003,2026-04-20,2024-08-01,2025-04-11,747.63,747.63,"NNH22ZDA001N-TWSC ""THE PROFESSIONAL ADVANCEMENT WORKSHOP SERIES (PAWS) CAPSTONE EVENT:.CREATING THE RISING TIDE.","category_business, corporate_entity_tax_exempt, nonprofit",https://www.usaspending.gov/award/ASST_NON_80NSSC24M0217_080/,,,,
DOGE,CO-02,University Corporation for Atmospheric Research,80NSSC25PA068,P00003,2025-04-08,2024-10-16,2025-04-08,14000.00,0.00,Status: TERMINATED. Reported savings: $0. DOGE Action Date: 4/11/2025. Other scientific and technical consulting services ot dynamical neutral atmosphere-ionosphere coupling-x (DYNAMIC-X)  phase a study virginia polytechnic institute and state university (VT)/work on the development of data assimilation system with the hao/ncar whole atmosphere community climate model.,"category_business, corporate_entity_tax_exempt, nonprofit, other_than_small_business, special_designations, us_owned_business",https://www.usaspending.gov/award/CONT_AWD_80NSSC25PA068_8000_-NONE-_-NONE-/,DOGE,TERMINATED,0.0,4/11/2025
LocalUSASpendingMirror,CO-02,University Corporation for Atmospheric Research,80NSSC23K1055,P00004,2026-03-05,2023-06-01,2026-02-17,186330.14,186330.14,UNDERSTANDING AURORAL PRECIPITATION EFFECTS IN THE IONOSPHERE-THERMOSPHERE,"category_business, corporate_entity_tax_exempt, nonprofit, other_than_small_business, special_designations, us_owned_business",https://www.usaspending.gov/award/ASST_NON_80NSSC23K1055_080/,,,,
LocalUSASpendingMirror,AK-00,University of Alaska Fairbanks,80NSSC23K0033,P00003,2026-02-20,2022-10-01,2025-02-19,53333.89,53333.89,VENSAR RADIOMETRY OBSERVATIONS OF VENUS CHARACTERIZING SURFACE DIELECTRIC PROPERTIES AND POTENTIAL VOLCANIC ACTIVITY,"category_business, educational_institution, government, higher_education, minority_serving_institution_of_higher_education, national_government, other_than_small_business, public_institution_of_higher_education, regional_and_state_government",https://www.usaspending.gov/award/ASST_NON_80NSSC23K0033_080/,,,,
DOGE,AK-00,University of Alaska Fairbanks,80NSSC24K1264,P00003,2026-04-06,2024-06-12,2025-03-21,4718.63,4718.63,DOGE Action Date: 3/21/2025. Reported savings: $0.  bringing edia to the planetary sciences community: a two-day ag-style meeting of the cross-ag edia working group - termination for convenience agreement - bringing edia to the planetary sciences community: a two-day ag-style meeting of the cross-ag edia working group ,"category_business, educational_institution, government, higher_education, minority_serving_institution_of_higher_education, national_government, other_than_small_business, public_institution_of_higher_education, regional_and_state_government",https://www.usaspending.gov/award/ASST_NON_80NSSC24K1264_080/,DOGE,,0.0,3/21/2025
USAspendingTerminations,AZ-07,University of Arizona,80NSSC23K1211,P00002,2025-08-05,2023-08-15,2025-02-12,65437.55,65437.55,TOWARD UNIVERSAL QUANTUM OPTIMAL PHOTONIC PROCESSING USING QUANTUM COMPUTATION,"category_business, educational_institution, government, higher_education, minority_serving_institution_of_higher_education, national_government, other_than_small_business, public_institution_of_higher_education, regional_and_state_government",https://www.usaspending.gov/award/ASST_NON_80NSSC23K1211_080/,,,,
DOGE,AR-04,University of Arkansas System,80NSSC24K0113,P00004,2026-05-20,2023-10-18,2025-03-21,0.00,0.00,"DOGE Action Date: 3/21/2025. Reported savings: $224,997.00. Here to observe student engagement program: university of arkansas at pine bluff","educational_institution, government, higher_education, minority_serving_institution_of_higher_education, national_government, public_institution_of_higher_education, regional_and_state_government",https://www.usaspending.gov/award/ASST_NON_80NSSC24K0113_080/,DOGE,,224997.0,3/21/2025
LocalUSASpendingMirror,CA-36,"University of California, Los Angeles",80NSSC23K1064,P00003,2026-02-20,2023-05-24,2026-02-02,207198.53,207198.53,SCIENCE GOALS AND OBJECTIVES: ONE OF THE MOST IMPORTANT FINDINGS MADE BY PARKER SOLAR PROBE (PSP) IS THE LARGE NUMBER OF MAGNETIC SWITCHBACKS (SWITCHBACKS FOR SHORT) IN THE NEAR-SUN SPACE. SWITCHBACKS  WITH TYPICAL TIME SCALES OF MINUTES TO TENS OF MINUTES  ARE LOCAL POLARITY-REVERSALS OF THE (RADIAL) MAGNETIC FIELD AND ARE TYPICALLY HIGHLY ALFV NIC  WITH CORRELATIONS BETWEEN VELOCITY AND MAGNETIC FIELD CORRESPONDING TO LARGE-AMPLITUDE OUTWARD-PROPAGATING ALFV N WAVES. MANY OBSERVATIONAL STUDIES SUGGEST THAT SWITCHBACKS PLAY AN IMPORTANT ROLE IN THE EVOLUTION OF SOLAR WIND. EVIDENCE OF MAGNETIC RECONNECTION AND WAVE ACTIVITIES WAS FOUND AT THE BOUNDARIES OF SWITCHBACKS  AND THESE PROCESSES MAY FACILITATE THE ENERGY DISSIPATION IN THE SWITCHBACKS. SIMULATIONS SHOW THAT THE SWITCHBACKS CAN BE DESTROYED BY PARAMETRIC DECAY  RELEASING ENERGY TO THE BACKGROUND PLASMA. THUS  SWITCHBACKS MAY CONTRIBUTE SIGNIFICANTLY TO THE HEATING AND ACCELERATION OF THE SOLAR WIND. HOWEVER  HOW AND WHERE THE SWITCHBACKS ARE GENERATED IS STILL A MYSTERY  AND A QUANTITATIVE ANALYSIS OF THEIR INFLUENCES ON THE BACKGROUND SOLAR WIND IS STILL NEEDED. THE APPEARANCE AND AMPLITUDE OF SWITCHBACKS ARE USUALLY MODULATED BY A LARGE TIME SCALE  TYPICALLY SEVERAL HOURS  SO THAT THE SWITCHBACKS APPEAR IN PATCHES. THESE PATCHES ARE BELIEVED TO BE REMNANTS OF SPATIAL AND/OR TEMPORAL EFFECTS IN THE CORONAL SOURCE REGION OF THE WIND  SO THAT STUDYING THE PATCHES MAY HELP TO UNDERSTAND THE ORIGINS OF SWITCHBACKS. THUS  WE PROPOSE TO ANALYZE IN-SITU SATELLITE MEASUREMENTS OF THE SOLAR WIND AND REMOTE-SENSING OBSERVATIONS OF THE SUN IN ORDER TO ANSWER THE FOLLOWING QUESTIONS: (1) HOW DO THE PROPERTIES OF SWITCHBACKS EVOLVE IN THE SOLAR WIND? WHAT CAN WE LEARN ABOUT THE GENERATION MECHANISMS OF THE SWITCHBACKS FROM THEIR PROPERTIES? (2) HOW MUCH DO THE SWITCHBACKS CONTRIBUTE TO THE ACCELERATION AND HEATING OF THE SOLAR WIND? (3) WHAT IS THE ORIGIN OF THE SWITCHBACK PATCHES? ARE THEY RELATED TO CERTAIN SPATIAL STRUCTURES OR TEMPORAL PROCESSES IN THE SOLAR CORONA? METHODOLOGY: WE WILL COMBINE IN-SITU MEASUREMENTS OF THE SOLAR WIND AND REMOTE SENSING MEASUREMENTS OF THE SOLAR ATMOSPHERE. WE WILL USE INSITU DATA FROM PSP  SOLAR ORBITER AND WIND TO IDENTIFY SWITCHBACKS AND SWITCHBACK PATCHES IN THE SOLAR WIND. THEN WE WILL CONDUCT ANALYSES OF THE PROPERTIES OF SWITCHBACKS AND SWITCHBACK PATCHES  INCLUDING HOW THEY EVOLVE AS THE SOLAR WIND PROPAGATES. WE WILL SELECT TIME INTERVALS WHEN PSP IS GOING THROUGH FAST RADIAL SCAN AND ESTIMATE THE CONTRIBUTION OF THE SWITCHBACKS TO THE ACCELERATION AND HEATING OF THE SOLAR WIND. THE REMOTE SENSING DATA WILL BE FROM HELIOSEISMIC AND MAGNETIC IMAGER (HMI) AND ATMOSPHERIC IMAGING ASSEMBLY (AIA) ONBOARD SOLAR DYNAMICS OBSERVATORY (SDO). WE WILL USE THE REMOTE SENSING DATA  COMBINED WITH TECHNIQUES SUCH AS THE POTENTIAL-FIELD-SOURCE-SURFACE MODEL  TO IDENTIFY SOURCE REGIONS OF THE SOLAR WIND STREAMS MEASURED IN-SITU BY PSP AND OTHER SATELLITES. RELEVANCE: KNOWLEDGE OF THE PROPERTIES AND ORIGINS OF MAGNETIC SWITCHBACKS WILL GREATLY IMPROVE OUR UNDERSTANDING OF THE ORIGINS OF THE SOLAR WIND AND HOW THE SOLAR WIND IS ACCELERATED AND HEATED. THUS  IT IS DIRECTLY RELATED TO ONE OF THE HELIOPHYSICS OVERARCHING GOALS:  EXPLORE AND CHARACTERIZE THE PHYSICAL PROCESSES IN THE SPACE ENVIRONMENT FROM THE SUN TO THE HELIOPAUSE AND THROUGHOUT THE UNIVERSE.  BESIDES  GENERATION OF THE SWITCHBACKS AND SWITCHBACK PATCHES IS A RESULT OF THE SUN S ACTIVITY  SO THE PROPOSED STUDY WILL ALSO CONTRIBUTE TO THE HELIOPHYSICS OVERARCHING GOAL:  ADVANCE OUR UNDERSTANDING OF THE SUN S ACTIVITY.  FURTHERMORE  AS THE SWITCHBACKS MAY PLAY AN IMPORTANT ROLE IN HEATING AND ACCELERATING THE SOLAR WIND AS WELL AS ENERGIZING PARTICLES  THE PROPOSED STUDY WILL HELP US DEVELOP THE KNOWLEDGE AND CAPABILITY TO DETECT AND PREDICT EXTREME CONDITIONS IN SPACE TO PROTECT LIFE AND SOCIETY AND TO SAFEGUARD HUMAN AND ROBOTIC EXPLORERS BEYOND EARTH.,"category_business, educational_institution, government, higher_education, national_government, other_than_small_business, public_institution_of_higher_education, regional_and_state_government",https://www.usaspending.gov/award/ASST_NON_80NSSC23K1064_080/,,,,
LocalUSASpendingMirror,CA-36,"University of California, Los Angeles",80NSSC25K7684,P00001,2026-04-06,2025-04-01,2026-03-19,29513.52,29513.52,THE ROSES FUNDING OPPORTUNITY GOALS ARE: EXECUTE A BALANCED SCIENCE PROGRAM BASED ON DISCIPLINE-SPECIFIC GUIDANCE FROM THE NATIONAL ACADEMIES OF SCIENCES  ENGINEERING  AND MEDICINE  ADMINISTRATION PRIORITIES  AND DIRECTION FROM CONGRESS. PARTICIPATE AS A KEY PARTNER AND ENABLER IN THE AGENCY S EXPLORATION INITIATIVE  FOCUSING ON SCIENTIFIC RESEARCH OF  ON  AND FROM THE MOON  LUNAR ORBIT  MARS  AND BEYOND. ADVANCE DISCOVERY IN EMERGING FIELDS BY IDENTIFYING AND EXPLOITING CROSS-DISCIPLINARY OPPORTUNITIES BETWEEN TRADITIONAL SCIENCE DISCIPLINES DEVELOP A DIRECTORATE-WIDE  TARGET-USER FOCUSED APPROACH TO APPLIED PROGRAMS  INCLUDING EARTH SCIENCE APPLICATIONS  SPACE WEATHER  PLANETARY DEFENSE  AND SPACE SITUATIONAL AWARENESS.,"category_business, educational_institution, government, higher_education, national_government, other_than_small_business, public_institution_of_higher_education, regional_and_state_government",https://www.usaspending.gov/award/ASST_NON_80NSSC25K7684_080/,,,,
LocalUSASpendingMirror,CA-32,"University of California, Los Angeles",80NSSC24K0677,P00003,2026-04-06,2024-02-29,2026-03-19,175398.18,172759.00,22-ECIP22_2-0023 THE GENERATION MECHANISMS OF FORESHOCK ULF WAVE HARMONICS,"category_business, educational_institution, government, higher_education, national_government, other_than_small_business, public_institution_of_higher_education, regional_and_state_government",https://www.usaspending.gov/award/ASST_NON_80NSSC24K0677_080/,,,,
LocalUSASpendingMirror,CA-36,"University of California, Los Angeles",80NSSC23K1300,P00001,2026-05-20,2023-07-24,2025-05-13,142036.77,142036.77,EVALUATING GEOCHRONOLOGIC COMPLEXITY AND IMPACTOR DIVERSITY OF HIGHLAND IMPACTITES,"category_business, educational_institution, government, higher_education, national_government, other_than_small_business, public_institution_of_higher_education, regional_and_state_government",https://www.usaspending.gov/award/ASST_NON_80NSSC23K1300_080/,,,,
USAspendingTerminations,CA-36,"University of California, Los Angeles",80MSFC24CA008,P00011,2026-06-25,2024-09-10,2027-10-31,16057000.00,6017891.59,"STOP WORK NOTICE ISSUED WITH NOTIFICATION OF INTENT TO DESCOPE - THE GOAL OF NEO SURVEYOR IS TO FIND, TRACK, AND CHARACTERIZE THE ASTEROIDS AND COMETS THAT COULD POTENTIALLY THREATEN THE EARTH.","category_business, educational_institution, government, higher_education, national_government, other_than_small_business, public_institution_of_higher_education, regional_and_state_government",https://www.usaspending.gov/award/CONT_AWD_80MSFC24CA008_8000_-NONE-_-NONE-/,,,,
LocalUSASpendingMirror,CA-24,"University of California, Santa Barbara",80NSSC21K0620,P00005,2026-03-05,2021-03-01,2025-02-27,260844.60,260844.60,"THE NATIONAL ACADEMIES  2018 DECADAL SURVEY FOR EARTH SCIENCE  THRIVING ON OUR CHANGING PLANET  IDENTIFIES IMAGING SPECTROSCOPY AS A NECESSARY MEASUREMENT TO ADDRESS A MOST IMPORTANT OBJECTIVE FOR THE HYDROLOGIC CYCLE: ""QUANTIFY RATES OF SNOW ACCUMULATION  SNOWMELT  ICE MELT  AND SUBLIMATION FROM SNOW AND ICE WORLDWIDE AT SCALES DRIVEN BY TOPOGRAPHIC VARIABILITY."" MEETING THIS OBJECTIVE REQUIRES THE ABILITY TO MEASURE SNOW ALBEDO AND UNDERSTAND HOW AND WHY IT VARIES  ESPECIALLY IN THE WORLD'S MOUNTAINS  WHICH COMPRISE A QUARTER OF THE WORLD'S LAND AREA BUT PRODUCE AT LEAST HALF OF THE RUNOFF. THE EUROPEAN SPACE AGENCY HAS SELECTED A CANDIDATE SENSOR TO ADDRESS THESE NEEDS. THE COPERNICUS HYPERSPECTRAL IMAGING MISSION FOR THE ENVIRONMENT (CHIME) IS IN PHASE B1  WITH SPATIAL RESOLUTION OF 20 TO 30 M  SPECTRAL COVERAGE FROM 400 TO 2500 NM AT RESOLUTION OF 10 NM OR LESS  REVISIT INTERVAL OF 10 TO 12 DAYS  10:30 EQUATOR CROSSING TIME  LAUNCH 2026. THE PROPOSED INVESTIGATION WILL ADDRESS THE CAPABILITY OF CHIME TO TACKLE THE FOLLOWING QUESTIONS AND HELP DEVELOP APPROPRIATE LEVEL 2 PRODUCTS. EXPERIENCE AND CROSS-VALIDATION WOULD BENEFIT THE DEVELOPMENT OF NASA S SURFACE BIOLOGY AND GEOLOGY DESIGNATED OBSERVABLE AND SHORTEN THE REVISIT INTERVAL. Q1. HOW DOES SENSITIVITY OF IMAGING SPECTROSCOPY RETRIEVALS OF SNOW AND GLACIER PROPERTIES IN THE MOUNTAINS VARY DEPENDING ON THE SOLUTION METHOD FOR THE INVERSION AND THE ATMOSPHERIC CORRECTION? Q2. HOW DO SNOW SPECIFIC SURFACE AREA  RADIATIVE FORCING BY LIGHT-ABSORBING PARTICLES  AND SNOW ALBEDO VARY SPATIALLY  SEASONALLY  AND INTERANNUALLY IN THE WORLD'S MOUNTAINS? Q3. HOW CAN A FUSION OF SPECTROSCOPY DATA WITH MORE FREQUENT AND BROADER COVERAGE FROM MULTISPECTRAL SENSORS ENABLE CHARACTERIZATION OF THE SNOW AND ICE PROPERTIES AND RADIATIVE FORCING OVER LARGER AREAS AND ACROSS SEASONS AND YEARS? THE CORRESPONDING OBJECTIVES ARE: O1. USE CHIME S SURFACE REFLECTANCE PRODUCTS  CORRECTED FOR TOPOGRAPHY  TO INVERT THE SIGNAL FOR RETRIEVAL OF SNOW PROPERTIES  AND THEREBY INFORM ESA OF FEASIBLE LEVEL 2 PRODUCTS FOR SNOW AND GLACIER PROPERTIES. O2. PRE-LAUNCH ANALYZE SPATIAL VARIABILITY OF SNOW SPECIFIC SURFACE AREA  RADIATIVE FORCING BY DUST  CARBON  AND ORGANIC MATERIAL  AND RESULTING SNOW AND ICE ALBEDO USING AVAILABLE DATA FROM AIRBORNE SPECTROMETERS. POST-LAUNCH PLAN SIMILAR ANALYSES GLOBALLY IN REPRESENTATIVE MOUNTAIN RANGES. O3. EXAMINE FUSION OF QUANTITATIVE IMAGING SPECTROSCOPY RETRIEVALS TO ENHANCE SEMI-QUANTITATIVE RETRIEVALS FROM MULTISPECTRAL LANDSAT 8/9 OLI AND SENTINEL-2A/B MSI DATA FOR GREATER SPATIAL AND TEMPORAL COVERAGE. THE FORWARD PROBLEM  ESTIMATING SNOW SPECTRAL REFLECTANCE BASED ON PROPERTIES OF THE SNOWPACK  BENEFITS FROM INSIGHTFUL RESEARCH AND OBSERVATION STRETCHING BACK SIX DECADES. THE INVERSE PROBLEM  USING SPACEBORNE REMOTE SENSING TO RETRIEVE THE SNOW PROPERTIES THAT GOVERN ALBEDO  HAS SEEN FEWER CONVINCING RESULTS IN MOUNTAINOUS REGIONS  WITH OFTEN DISCONTINUOUS SNOW  LOCAL AND LONG-DISTANCE TRANSPORT AND DEPOSITION OF LIGHT ABSORBING PARTICLES  AND FORESTS AND TOPOGRAPHY THAT SHELTER AND OBSCURE THE SNOW. THE PROPOSED ALGORITHMIC APPROACH TREATS THE SNOW PROPERTIES AS A CONTINUUM  AND THE RADIATIVE TRANSFER MODELS ARE INVERTED TO SOLVE FOR A SET OF UNKNOWNS THAT INCLUDE FRACTIONAL SNOW COVER  SPECIFIC SURFACE AREA OF THE SNOW  AND THE CONCENTRATION  SIZE  AND OPTICAL PROPERTIES OF LIGHT ABSORBING PARTICLES  ACCOUNTING FOR TOPOGRAPHIC VARIABILITY. IN MOST SNOW-DOMINATED ENVIRONMENTS  NET SOLAR RADIATION DRIVES MELT AND METAMORPHISM OF SNOW. IN MODELING THESE PROCESSES  INACCURACY IN THE ESTIMATION OF SNOW ALBEDO CONSTITUTES THE MAJOR SOURCE OF UNCERTAINTY IN CALCULATING THE SNOWPACK S ENERGY BALANCE. THAT LACK OF KNOWLEDGE PROPAGATES TO UNCERTAINTY IN FORECASTING RUNOFF  ANALYZING ECOHYDROLOGICAL PROCESSES  ESTIMATING MELT RATE  AND DETERMINING WHEN THE SEASONAL SNOW COVER MELTS TO EXPOSE DARKER GLACIER ICE IN THE ABLATION ZONES OF GLACIERS.","educational_institution, government, higher_education, minority_serving_institution_of_higher_education, national_government, public_institution_of_higher_education, regional_and_state_government",https://www.usaspending.gov/award/ASST_NON_80NSSC21K0620_080/,,,,
NPDV,HI-01,University of Hawaii,80NSSC24K1913,P00003,2025-09-19,2024-09-05,2027-09-04,235960.00,178683.77,RESCIND - STOP WORK NOTICE ISSUED WITH NOTIFICATION OF INTENT TO TERMINATE - 21-JPSP21-0018 MICROWAVE MEASUREMENTS OF THE GALILEAN SATELLITES,"category_business, educational_institution, government, higher_education, minority_serving_institution_of_higher_education, national_government, other_than_small_business, public_institution_of_higher_education, regional_and_state_government",https://www.usaspending.gov/award/ASST_NON_80NSSC24K1913_080/,,,,
USAspendingTerminations,IL-13,University of Illinois,80NSSC23K0833,P00001,2025-12-19,2023-06-16,2026-06-15,74152.54,74152.54,22-TOPST22-0023 BRINGING TOGETHER OPEN SCIENCE AND RESEARCH SOFTWARE,"educational_institution, government, higher_education, national_government, public_institution_of_higher_education, regional_and_state_government",https://www.usaspending.gov/award/ASST_NON_80NSSC23K0833_080/,,,,
LocalUSASpendingMirror,KY-06,"University of Kentucky Research Foundation, The",80NSSC21K1255,P00006,2025-09-05,2021-08-02,2024-08-27,202314.35,202314.35,SPALLATION EFFECTS IN TPS MODELS,"category_business, corporate_entity_tax_exempt, educational_institution, higher_education, nonprofit, public_institution_of_higher_education",https://www.usaspending.gov/award/ASST_NON_80NSSC21K1255_080/,,,,
LocalUSASpendingMirror,MD-07,University of Maryland Baltimore County,80NSSC21K0418,P00007,2025-12-21,2021-01-01,2024-12-31,306239.75,306239.75,SPECIFICALLY  THE SCIACT 2.0 (2021-2025) IS SEEKING PROPOSALS THAT CREATE A PROCESS TO  BROADEN PARTICIPATION OF UNDERREPRESENTED AND UNDER-SERVED LEARNERS IN ORDER TO MAXIMIZE PARTICIPATION IN ADVANCEMENT OF KNOWLEDGE.,"educational_institution, government, higher_education, national_government, public_institution_of_higher_education, regional_and_state_government",https://www.usaspending.gov/award/ASST_NON_80NSSC21K0418_080/,,,,
LocalUSASpendingMirror,MD-07,University of Maryland Baltimore County,80NSSC24K0632,P00002,2026-02-20,2024-04-01,2026-02-11,8316.42,8316.42,TACKLING THE SUN AND MOON CONTAMINATION ON FERMI-LAT LIGHT CURVES,"educational_institution, government, higher_education, national_government, public_institution_of_higher_education, regional_and_state_government",https://www.usaspending.gov/award/ASST_NON_80NSSC24K0632_080/,,,,
LocalUSASpendingMirror,MD-04,"University of Maryland, College Park",80GSFC21M0002,P00035,2025-05-21,2021-04-01,2024-09-30,99655527.62,99655527.62,THE GODDARD CENTER FOR RESEARCH AND EXPLORATION IN SPACE SCIENCE AND TECHNOLOGY (CRESSTII) WILL CARRY OUT OBSERVATIONAL  EXPERIMENTAL  AND THEORETICAL RESEARCH IN SUPPORT OF NASA.,"category_business, educational_institution, government, higher_education, national_government, other_than_small_business, public_institution_of_higher_education, regional_and_state_government",https://www.usaspending.gov/award/ASST_NON_80GSFC21M0002_080/,,,,
USAspendingTerminations,MD-04,"University of Maryland, College Park",80NSSC24K0157,P00002,2026-04-20,2024-01-01,2026-12-31,124502.57,124502.57,23-XRP23_2-0090 STATISTICAL COMPARATIVE PLANETOLOGY FOR LOW-MASS ERA OF JWST,"category_business, educational_institution, government, higher_education, national_government, other_than_small_business, public_institution_of_higher_education, regional_and_state_government",https://www.usaspending.gov/award/ASST_NON_80NSSC24K0157_080/,,,,
LocalUSASpendingMirror,MO-08,University of Missouri System,80NSSC21K1284,P00005,2025-05-05,2021-08-02,2024-04-28,223814.35,223814.35,MULTISCALE  MULTIPHYSICS  AND MULTIFIDELITY MODELING AND SIMULATION OF PLASMA SURFACE DUST INTERACTIONS FOR LUNAR EXPLORATION,"category_business, educational_institution, government, higher_education, national_government, other_than_small_business, public_institution_of_higher_education, regional_and_state_government",https://www.usaspending.gov/award/ASST_NON_80NSSC21K1284_080/,,,,
LocalUSASpendingMirror,TX-13,University of North Texas,80NSSC22K0668,P00005,2026-06-05,2022-07-01,2025-09-09,93095.09,93095.09,MOST SUPERMASSIVE BLACK HOLES (SMBHS) IN THE LOCAL UNIVERSE ARE ACCRETING AT RATES MUCH BELOW THE EDDINGTON LIMIT  YET THEY GENERATE ENOUGH FEEDBACK POWER TO MAINTAIN THE QUIESCENT STATE AND SUPPRESS COOLING FLOWS IN MASSIVE GALAXIES AND GALAXY,"educational_institution, government, higher_education, minority_serving_institution_of_higher_education, national_government, public_institution_of_higher_education, regional_and_state_government",https://www.usaspending.gov/award/ASST_NON_80NSSC22K0668_080/,,,,
LocalUSASpendingMirror,IN-02,University of Notre Dame Du Lac,80NSSC21K1281,P00005,2026-03-05,2021-08-30,2025-02-26,214854.72,214854.72,IN THE COMING YEARS  WE LOOK TOWARDS THE STARS AND AIM TOWARD BECOMING A MULTI-PLANETARY SPECIES. THE RETURN TO THE MOON HAS ALWAYS BEEN FORTHCOMING SINCE OUR LAST ENCOUNTER IN 1969.,"category_business, corporate_entity_tax_exempt, educational_institution, higher_education, nonprofit, private_institution_of_higher_education",https://www.usaspending.gov/award/ASST_NON_80NSSC21K1281_080/,,,,
LocalUSASpendingMirror,OK-04,University of Oklahoma,80LARC17C0001,P00032,2025-09-03,2017-07-01,2024-09-30,173714302.52,134098065.48,"GEOSTATIONARY CARBON CYCLE OBSERVATORY (GEOCARB) MISSION. NASA HAS SELECTED A FIRST-OF-ITS-KIND EARTH SCIENCE MISSION THAT WILL EXTEND OUR NATION'S LEAD IN MEASURING KEY GREENHOUSE GASES AND VEGETATION HEALTH FROM SPACE TO ADVANCE OUR UNDERSTANDING OF EARTH'S NATURAL EXCHANGES OF CARBON BETWEEN THE LAND, ATMOSPHERE AND OCEAN. THE PRINCIPAL INVESTIGATOR (PI)-LED MISSION WILL LAUNCH ON A COMMERCIAL COMMUNICATIONS SATELLITE TO MAKE OBSERVATIONS OVER THE AMERICAS FROM AN ORBIT OF APPROXIMATELY 22,000 MILES (35,400 KILOMETERS) ABOVE THE EQUATOR. THE MISSION WAS COMPETITIVELY SELECTED FROM 15 PROPOSALS SUBMITTED TO THE AGENCY'S SECOND EARTH VENTURE - MISSION ANNOUNCEMENT OF OPPORTUNITY FOR SMALL ORBITAL INVESTIGATIONS OF THE EARTH SYSTEM.  THE PRIMARY GOALS OF THE GEOCARB MISSION ARE TO MONITOR PLANT HEALTH AND VEGETATION STRESS THROUGHOUT THE AMERICAS, TO PROBE, IN UNPRECEDENTED DETAIL, THE NATURAL SOURCES, SINKS AND EXCHANGE PROCESSES THAT CONTROL CARBON DIOXIDE, CARBON MONOXIDE AND METHANE IN THE ATMOSPHERE, AND TO PROVIDE OBSERVATIONS AND DEMONSTRATE METHODS TO REALIZE A TRANSFORMATIONAL ADVANCE IN THE SCIENTIFIC UNDERSTANDING OF THE GLOBAL CARBON CYCLE.  THE GEOCARB MISSION, A CATEGORY 3 MISSION (PER NPR 7120.5E, NASA SPACE FLIGHT PROGRAM AND PROJECT MANAGEMENT REQUIREMENTS) WITH A CLASS D PAYLOAD (PER NPR 8705.4, RISK CLASSIFICATION FOR NASA PAYLOADS), IS A SCIENCE INVESTIGATION WITH THE PRIMARY OBJECTIVE OF SIGNIFICANTLY IMPROVING KNOWLEDGE OF TERRESTRIAL FLUXES OF CO2 AND CH4 AT SCIENCE- AND POLICY-RELEVANT SCALES. THE GEOCARB MISSION UTILIZES A MULTI-CHANNEL SLIT-SCAN SPECTROMETER BASED INSTRUMENT THAT WILL MEASURE ABSORPTION SPECTRA IN SUNLIGHT REFLECTED FROM THE GROUND TO INFER THE ATMOSPHERE-COLUMN CONCENTRATIONS OF CO2, CH4, AND CARBON MONOXIDE (CO). THE INSTRUMENT WILL ALSO MEASURE SOLAR-INDUCED FLUORESCENCE (SIF), WHICH PROVIDES DIRECT INFORMATION ABOUT PHOTOSYNTHESIS.  THE CONTRACTOR AND ITS TEAM MEMBERS WILL PERFORM THE FULL NASA LIFE CYCLE FORMULATION AND IMPLEMENTATION PHASES A THROUGH F. THE GEOCARB PROPOSAL WAS SELECTED UNDER THE NASA ANNOUNCEMENT OF OPPORTUNITY NNH15ZDA011O FOR THE EARTH VENTURE MISSION - 2 ELEMENT OF THE EARTH SYSTEM SCIENCE PATHFINDER PROGRAM OFFICES EARTH VENTURE LINE.","educational_institution, government, higher_education, national_government, public_institution_of_higher_education, regional_and_state_government",https://www.usaspending.gov/award/CONT_AWD_80LARC17C0001_8000_-NONE-_-NONE-/,,,,
LocalUSASpendingMirror,OK-04,University of Oklahoma,80NSSC23K0037,P00004,2026-03-20,2023-01-01,2026-03-03,241463.87,241463.87,CLAY MINERALS PRESENT A CONUNDRUM ON MARS- WHILE WE OBSERVE RELATIVELY THICK LAYERS OF CLAY MINERALS AND OTHER SECONDARY MINERALS WHICH ARE TYPICALLY FORMED THROUGH AQUEOUS PROCESSES ON EARTH  CLIMATE MODELS PREDICT COLD CONDITIONS ON EARLY MARS THAT PRECLUDE LONG-TERM STABILITY OF FRESH WATER ON THE SURFACE. ADDING SALT DECREASES THE FREEZING POINT OF WATER  ALLOWING LONG-TERM STABILITY OF LIQUID WATER AT COLDER TEMPERATURES AND LOWER PRESSURES. SALTS ALSO ALLOW FOR THIN FILMS OF WATER AT MINERAL SURFACES. PREVIOUS EXPERIMENTS CONDUCTED BY OUR RESEARCH GROUP DEMONSTRATE THAT MINERAL-BRINE INTERACTIONS CAN PRODUCE CLAY MINERALS WITHIN WEEKS OF REACTION WITH PRIMARY ROCK-FORMING SILICATES. HERE WE AIM TO FURTHER INVESTIGATE THE MINERALOGY AND ABUNDANCE OF CLAY MINERAL PHASES PRODUCED WHEN PRIMARY SILICATE MINERALS REACT WITH HIGH SALINITY BRINES. IN ADDITION  WE WILL ALSO EXAMINE CLAY ALTERATION IN HIGH SALINITY BRINES TO FURTHER UNDERSTAND THE POTENTIAL EFFECTS OF EVAPORATING/FREEZING SURFACE WATERS AS WELL AS HIGH DENSITY DIAGENETIC FLUIDS ON CLAY MINERALOGY AND CHEMISTRY. OUR PREVIOUS MINERAL-BRINE DISSOLUTION EXPERIMENTS WERE DESIGNED TO MEASURE PRIMARY MINERAL WEATHERING RATES IN HIGH SALINITY FLUIDS. WHILE SECONDARY CLAY MINERALS WERE OBSERVED AT THE MICRON SCALE VIA SCANNING ELECTRON MICROSCOPY (SEM) AND RAMAN SPECTROSCOPY  THEY PROVED DIFFICULT TO FULLY ANALYZE USING X-RAY DIFFRACTION (XRD) METHODS DUE TO THEIR LIMITED ABUNDANCE. HERE  WE PROPOSE TO CONDUCT LONGER-TERM BRINE WEATHERING EXPERIMENTS USING SIGNIFICANTLY LARGER QUANTITIES OF REACTANTS  INCLUDING PYROXENE  OLIVINE  PLAGIOCLASE FELDSPAR  MAFIC SILICATE GLASS  AND BASALT IN ORDER TO PRODUCE SUFFICIENT REACTION PRODUCTS NEEDED TO CHARACTERIZE THE SECONDARY MINERALS USING A WIDE RANGE OF ANALYTICAL TECHNIQUES. FURTHERMORE  WE WILL EXPLORE THE ROLE OF BRINE CHEMISTRY ON CLAY DIAGENESIS AND WEATHERING BY REACTING CLAY MINERALS WITH THE BRINES. MINERAL AND ROCK SAMPLES WILL BE REACTED WITH NEAR-SATURATED BRINES AND 1:10 DILUTED SOLUTIONS OF NACL  NA2SO4  NACLO4  CACL2  MGCL2  MGSO4  AND NH4CL OVER 6 MONTHS  THEN FILTERED TO COLLECT THE SOLID AND LIQUID REACTION PRODUCTS. ADDITIONAL HIGH TEMPERATURE (350K FOR 50 DAYS) AND LOW TEMPERATURE EXPERIMENTS (250K FOR 450 DAYS) WILL BE CONDUCTED WITH BASALT AND MAFIC GLASS. THE CLAY-SIZED FRACTION WILL BE SEPARATED VIA WET SIEVING AND CENTRIFUGE TECHNIQUES. SIMILAR EXPERIMENTS WILL ALSO BE CONDUCTED USING CLAY STANDARDS (KAOLINITE  NONTRONITE  SMECTITE  CHLORITE). THE MINERALOGY OF THE REACTION PRODUCTS WILL BE DETERMINED USING X-RAY DIFFRACTION OF BOTH RANDOM POWDERS AND ORIENTED CLAY MOUNTS (WITH AND WITHOUT HEAT AND GLYCOL TREATMENTS)  AS WELL AS RAMAN SPECTROSCOPY. BULK CHEMISTRY OF THE CLAY-SIZED FRACTION WILL BE DETERMINED VIA ICP OPTICAL EMISSION SPECTROSCOPY ANALYSIS OF DIGESTIONS. WE WILL ALSO INVESTIGATE REACTION PRODUCT MINERALOGY  MORPHOLOGY  CHEMISTRY AND TEXTURAL RELATIONSHIPS USING BOTH SCANNING AND TRANSMISSION ELECTRON MICROSCOPY. THESE EXPERIMENTS WILL INFORM OUR UNDERSTANDING OF POTENTIAL MINERAL-BRINE INTERACTIONS ON MARS AND OTHER SALTY WORLDS  INCLUDING CERES  EUROPA  AND ENCELADUS AND WILL PROVIDE RICHER CONTEXT FOR INTERPRETING MINERAL ASSEMBLAGES AND SEDIMENTARY ROCKS  INCLUDING CLAY MINERALS  OBSERVED ON THESE BODIES. THUS  THIS WORK IS RELEVANT TO THE SSW PROGRAM AS IT INVESTIGATES  GEOCHEMICAL PROCESSES OCCURRING ON PLANETARY BODIES  SATELLITES  AND OTHER MINOR BODIES  AND SEEKS TO  INFORM OUR UNDERSTANDING OF THE FUNDAMENTAL PROCESSES AT WORK BY CHARACTERIZING AND UNDERSTANDING  THE CHEMICAL  MINERALOGICAL  AND PHYSICAL FEATURES OF PLANETARY SURFACES (SUCH AS GEOLOGIC FORMATIONS AND IMPACT CRATERS) AND FLUID INVENTORIES THAT INTERACT WITH THE SURFACE (INCLUDING HYDROSPHERES  CRYOSPHERES  ATMOSPHERES  AND OTHER VOLATILE RESERVOIRS).  AND DEVELOPS  THEORETICAL AND EXPERIMENTAL BASES FOR UNDERSTANDING THESE FEATURES IN THE CONTEXT OF THE VARYING CONDITIONS THROUGH TIME AFTER FORMATION.,"educational_institution, government, higher_education, national_government, public_institution_of_higher_education, regional_and_state_government",https://www.usaspending.gov/award/ASST_NON_80NSSC23K0037_080/,,,,
DOGE,OK-04,University of Oklahoma,80NSSC25K7034,P00002,2026-04-06,2024-10-02,2025-03-21,34613.83,34613.83,DOGE Action Date: 3/21/2025. Reported savings: $0.  building co-design and co-learning digital twins: supporting indigenous communities against tribal lands flooding ,"educational_institution, government, higher_education, national_government, public_institution_of_higher_education, regional_and_state_government",https://www.usaspending.gov/award/ASST_NON_80NSSC25K7034_080/,DOGE,,0.0,3/21/2025
LocalUSASpendingMirror,OR-04,University of Oregon,80NSSC23K1330,P00002,2026-03-20,2023-09-01,2025-03-10,112619.59,112619.59,22-ICESAT2_22-0042  RETRIEVAL OF GLACIER ICE AND SNOW PROPERTIES OVER THE GREENLAND ICE SHEET FROM ICESAT-2,"category_business, educational_institution, government, higher_education, national_government, other_than_small_business, public_institution_of_higher_education, regional_and_state_government",https://www.usaspending.gov/award/ASST_NON_80NSSC23K1330_080/,,,,
DOGE,VA-07,University of Richmond,80NSSC25K7036,P00003,2026-05-20,2024-10-04,2025-05-10,0.00,0.00,"DOGE Action Date: 5/14/2025. Reported savings: $0.  space exploration,  equity and environmental justice regarding the changing indigenous landscapes of virginia ","category_business, corporate_entity_tax_exempt, educational_institution, higher_education, nonprofit, private_institution_of_higher_education",https://www.usaspending.gov/award/ASST_NON_80NSSC25K7036_080/,DOGE,,0.0,5/14/2025
USAspendingTerminations,CA-37,University of Southern California,80NSSC23K1228,P00002,2026-05-20,2023-08-01,2027-07-31,65662.76,65662.76,22-NSTGRO23-0391 ROBUST ONLINE SAFETY ASSURANCES FOR AUTONOMOUS PLANETARY MOBILITY IN UNCERTAIN AND VARIABLE TERRAINS,"category_business, corporate_entity_tax_exempt, educational_institution, higher_education, nonprofit, other_than_small_business, private_institution_of_higher_education, special_designations, us_owned_business",https://www.usaspending.gov/award/ASST_NON_80NSSC23K1228_080/,,,,
DOGE,TX-18,University of Texas Health Science Center at Houston,80NSSC24K0913,P00003,2026-05-20,2024-06-06,2025-05-10,40652.80,40652.80,DOGE Action Date: 5/14/2025. Reported savings: $0. Climate & sustainability,"educational_institution, government, higher_education, national_government, public_institution_of_higher_education, regional_and_state_government",https://www.usaspending.gov/award/ASST_NON_80NSSC24K0913_080/,DOGE,,0.0,5/14/2025
DOGE,TX-18,University of Texas Health Science Center at Houston,80NSSC25K7030,P00003,2026-05-20,2024-10-04,2025-05-10,69975.13,69975.13,"DOGE Action Date: 5/14/2025. Reported savings: $0.  health effects of light pollution, chicago's initiative for environmental justice and light pollution outreach ","educational_institution, government, higher_education, national_government, public_institution_of_higher_education, regional_and_state_government",https://www.usaspending.gov/award/ASST_NON_80NSSC25K7030_080/,DOGE,,0.0,5/14/2025
USAspendingTerminations,TX-25,University of Texas at Arlington,80GSFC22CA011,P00009,2026-02-02,2022-08-25,2026-01-31,1533152.00,1448468.00,INTERDISCIPLINARY SCIENTIST SUPPORT FOR THE GEOSPACE DYNAMICS CONSTELLATION (GDC) PROGRAM.,"educational_institution, government, higher_education, minority_serving_institution_of_higher_education, national_government, public_institution_of_higher_education, regional_and_state_government",https://www.usaspending.gov/award/CONT_AWD_80GSFC22CA011_8000_-NONE-_-NONE-/,,,,
LocalUSASpendingMirror,TX-25,University of Texas at Arlington,80NSSC24K0874,P00002,2026-02-05,2024-04-01,2026-01-26,1896.38,1896.38,SINGLE SOURCE THE MAGNETOSPHERIC MULTISCALE SCIENTIST IN THE LOOP,"educational_institution, government, higher_education, minority_serving_institution_of_higher_education, national_government, public_institution_of_higher_education, regional_and_state_government",https://www.usaspending.gov/award/ASST_NON_80NSSC24K0874_080/,,,,
DOGE,TX-25,University of Texas at Austin,80NSSC22K1675,P00003,2026-04-06,2022-09-01,2025-03-21,249842.00,196892.73,"DOGE Action Date: 3/21/2025. Reported savings: $0.  eo14042 atx ca3tch up: climate atlas for accountability and advocacy strategies through co-production with historically underserved community partners in austin, tx - termination for convenience - earth science applications: equity and environmental justice support for smd/esd mission directorate ","educational_institution, higher_education, minority_owned_business, nonprofit, other_minority_owned_business, public_institution_of_higher_education",https://www.usaspending.gov/award/ASST_NON_80NSSC22K1675_080/,DOGE,,0.0,3/21/2025
DOGE,TX-25,University of Texas at Austin,80NSSC24K1612,P00002,2026-04-06,2024-08-16,2025-03-21,31233.60,31233.60,DOGE Action Date: 3/21/2025. Reported savings: $0.  23-earth23-0422 climate harmony: studying and informing urban climate efforts in central texas through the.development of a regional climate atlas ,"educational_institution, higher_education, minority_owned_business, nonprofit, other_minority_owned_business, public_institution_of_higher_education",https://www.usaspending.gov/award/ASST_NON_80NSSC24K1612_080/,DOGE,,0.0,3/21/2025
LocalUSASpendingMirror,UT-01,University of Utah,80LARC25C0002,P00004,2026-06-18,2025-09-30,2025-09-30,0.00,0.00,"THE DIFFRACTIVE FILTER ARRAY (DFA) IS A CRITICAL COMPONENT FOR THE HYPERPIX INSTRUMENT CONCEPT, WHICH ALLOWS IMAGING A SCIENTIFIC SCENE AT MULTIPLE SPECTRAL BANDS SIMULTANEOUSLY USING A SINGLE SNAPSHOT.","educational_institution, government, higher_education, national_government, public_institution_of_higher_education, regional_and_state_government",https://www.usaspending.gov/award/CONT_AWD_80LARC25C0002_8000_-NONE-_-NONE-/,,,,
LocalUSASpendingMirror,WA-07,University of Washington,80NSSC26M0002,P00001,2026-06-19,2025-12-19,2026-06-10,0.00,0.00,THE GOAL OF THE NASA'S ASTROBIOLOGY PROGRAM IS THE STUDY OF THE ORIGINS  EVOLUTION  AND DISTRIBUTION OF LIFE IN THE UNIVERSE. IT IS CENTRAL TO NASA'S CONTINUED EXPLORATION OF OUR SOLAR SYSTEM AND BEYOND. RESEARCH IS CENTERED ON THE ORIGIN AND EARLY E,"category_business, educational_institution, government, higher_education, local_government, national_government, other_than_small_business, public_institution_of_higher_education",https://www.usaspending.gov/award/ASST_NON_80NSSC26M0002_080/,,,,
NASAGrants,WI-02,University of Wisconsin System,80NSSC23K1223,P00003,2026-07-20,2023-08-29,2025-08-21,143893.73,143893.73,"Approved/ Awarded - Administrative | Administrative - Decrease, Administrative - Change Pop End Date. Fabrication and optimization of nanotechnology for x-ray tes sounding rocket instrument","category_business, educational_institution, government, higher_education, national_government, other_than_small_business, public_institution_of_higher_education, regional_and_state_government",https://www.usaspending.gov/award/ASST_NON_80NSSC23K1223_080/,,,,
LocalUSASpendingMirror,TN-05,Vanderbilt University,80NSSC25K7862,P00001,2026-05-05,2025-04-01,2026-04-22,24651.42,24651.42,24-ESI24-0029 VOLCANOLOGY FROM SPACE: COMBINING NASA'S EARTH OBSERVING SYSTEM (EOS) WITH LIGHTNING AND INFRASOUND OBSERVATIONS TO INVESTIGATE ACTIVE VOLCANISM,"category_business, corporate_entity_tax_exempt, educational_institution, higher_education, nonprofit, private_institution_of_higher_education",https://www.usaspending.gov/award/ASST_NON_80NSSC25K7862_080/,,,,
NASAGrants,TN-05,Vanderbilt University,80NSSC22K1201,P00004,2026-07-20,2022-08-01,2025-07-31,169833.37,169833.37,"Approved/ Awarded - Administrative | Administrative - Change Pop End Date, Administrative - Decrease. Nano-optic probing of vibrational modes of defects and color centers in semiconductors","category_business, corporate_entity_tax_exempt, educational_institution, higher_education, nonprofit, private_institution_of_higher_education",https://www.usaspending.gov/award/ASST_NON_80NSSC22K1201_080/,,,,
LocalUSASpendingMirror,VA-01,Viakorp Corporation,80NSSC24PB114,P00002,2025-03-18,2024-10-01,2025-01-24,16600.00,16600.00,KSC MAID SERVICE SUPPORT FOR CREW QUARTERS,"category_business, corporate_entity_not_tax_exempt, self_certified_small_disadvanted_business, service_disabled_veteran_owned_business, small_business, special_designations, us_owned_business, veteran_owned_business",https://www.usaspending.gov/award/CONT_AWD_80NSSC24PB114_8000_-NONE-_-NONE-/,,,,
DOGE,VA-09,Virginia Polytechnic Institute & State University,80NSSC24K0176,P00004,2026-04-06,2023-10-25,2025-03-21,390648.69,390648.69,"DOGE Action Date: 3/21/2025. Reported savings: $0.  democratizing data to support adaptation decision making in the north-atlantic coastal plain: land subsidence, compound flooding hazard and water quality - interdisciplinary research in earth science support for science mission directorate (SMD/ESD) ","educational_institution, government, higher_education, national_government, public_institution_of_higher_education, regional_and_state_government",https://www.usaspending.gov/award/ASST_NON_80NSSC24K0176_080/,DOGE,,0.0,3/21/2025
DOGE,VA-04,Virginia State University,80NSSC24K0115,P00003,2025-12-19,2023-10-18,2025-03-21,0.00,0.00,"DOGE Action Date: 3/21/2025. Reported savings: $224,850.00. Here to observe student engagement program: virginia state university","educational_institution, government, higher_education, minority_serving_institution_of_higher_education, national_government, public_institution_of_higher_education, regional_and_state_government",https://www.usaspending.gov/award/ASST_NON_80NSSC24K0115_080/,DOGE,,224850.0,3/21/2025
USAspendingTerminations,VA-04,Virginia State University,80NSSC25K0134,P00002,2025-12-19,2025-06-16,2027-06-15,239988.00,0.00,DEVELOPMENT OF LPBF-MANUFACTURED WAVEGUIDES FOR MILLIMETER-WAVE TELESCOPE APPLICATIONS: A FEASIBILITY STUDY,"educational_institution, government, higher_education, minority_serving_institution_of_higher_education, national_government, public_institution_of_higher_education, regional_and_state_government",https://www.usaspending.gov/award/ASST_NON_80NSSC25K0134_080/,,,,
LocalUSASpendingMirror,NM-02,"Vista Photonics, Inc",80NSSC25CA075,P00003,2026-06-30,2025-06-11,2026-06-30,2114392.54,2031170.00,SBIR PHASE III - MANUFACTURE AND DELIVERY OF HABITATION AND LOGISTICS OUTPOST (HALO) PRIMARY CONSTITUENT MONITOR (PCM),"category_business, corporate_entity_not_tax_exempt, manufacturer_of_goods, small_business, special_designations, subchapter_s_corporation, us_owned_business",https://www.usaspending.gov/award/CONT_AWD_80NSSC25CA075_8000_-NONE-_-NONE-/,,,,
USAspendingTerminations,IL-05,Volaire Energy LLC,80NSSC25PA844,P00001,2026-02-26,2025-04-03,2025-06-12,12000.00,0.00,GEER MASS FLOW METER,"black_american_owned_business, category_business, corporate_entity_not_tax_exempt, dot_certified_disadvantaged_business_enterprise, economically_disadvantaged_women_owned_small_business, limited_liability_corporation, minority_owned_business, self_certified_small_disadvanted_business, small_business, special_designations, us_owned_business, woman_owned_business, women_owned_small_business",https://www.usaspending.gov/award/CONT_AWD_80NSSC25PA844_8000_-NONE-_-NONE-/,,,,
NASAGrants,WA-05,Washington State University,80NSSC24K1357,P00001,2025-05-21,2024-08-01,2025-07-31,81086.00,80554.62,"Approved/ Awarded - Administrative | Administrative - Change Pop End Date, Administrative - Decrease. Understanding liquid hydrogen critical heat flux via optical imaging","category_business, educational_institution, government, higher_education, national_government, other_than_small_business, public_institution_of_higher_education, regional_and_state_government, veterinary_college",https://www.usaspending.gov/award/ASST_NON_80NSSC24K1357_080/,,,,
USAspendingTerminations,MA-09,Woods Hole Oceanographic Institution,80NSSC23K1391,P00003,2026-05-05,2023-09-01,2027-05-31,99999.00,34531.42,PI-MAP: PLANETARY INSTRUMENT FOR MULTIMODAL AUTONOMOUS PERCEPTION,"category_business, corporate_entity_tax_exempt, nonprofit, other_than_small_business, special_designations, us_owned_business",https://www.usaspending.gov/award/ASST_NON_80NSSC23K1391_080/,,,,
LocalUSASpendingMirror,CT-03,Yale Univ,80NSSC25K7593,P00002,2026-05-20,2025-01-03,2026-02-02,5017.46,5017.46,OBSERVING HIGH-ENERGY RADIATION EVAPORATE AN EXOPLANET,"category_business, corporate_entity_tax_exempt, educational_institution, higher_education, nonprofit, other_than_small_business, private_institution_of_higher_education, school_of_forestry, special_designations, us_owned_business",https://www.usaspending.gov/award/ASST_NON_80NSSC25K7593_080/,,,,
DOGE,MA-03,Zuken USA Inc,80NSSC24PC475,P00002,2025-12-09,2024-10-01,2025-04-08,0.00,44325.00,"Status: TERMINATED. Reported savings: $44,325.00. DOGE Action Date: 6/27/2025. Zuken electrical design data management software (DS.E3) license, data and configuration management","category_business, corporate_entity_not_tax_exempt, small_business, special_designations, us_owned_business",https://www.usaspending.gov/award/CONT_AWD_80NSSC24PC475_8000_-NONE-_-NONE-/,DOGE,TERMINATED,44325.0,6/27/2025
